part_type,part_id,manufacturer,production_date,faulty,engine_id,engine_type,OEM_type
T01,1-201-2011-45,201,2008-11-07,1,K1BE1-101-1011-1,K1BE1,1
T02,2-201-2011-161,201,2008-11-07,0,K1BE1-101-1011-1,K1BE1,1
T03,3-202-2023-14,202,2008-11-07,0,K1BE1-101-1011-1,K1BE1,1
T04,4-202-2023-20,202,2008-11-07,0,K1BE1-101-1011-1,K1BE1,1
T01,1-201-2011-37,201,2008-11-07,0,K1BE1-101-1011-10,K1BE1,1
T03,3-201-2011-6,201,2008-11-07,0,K1BE1-101-1011-10,K1BE1,1
T04,4-202-2023-15,202,2008-11-07,0,K1BE1-101-1011-10,K1BE1,1
T03,3-202-2023-230,202,2008-11-07,0,K1BE1-101-1011-100,K1BE1,1
T04,4-204-2043-134,204,2008-11-07,1,K1BE1-101-1011-100,K1BE1,1
T03,3-202-2023-234,202,2008-11-07,0,K1BE1-101-1011-101,K1BE1,1
T04,4-204-2043-135,204,2008-11-07,0,K1BE1-101-1011-101,K1BE1,1
T03,3-202-2023-240,202,2008-11-07,0,K1BE1-101-1011-102,K1BE1,1
T04,4-204-2043-136,204,2008-11-07,0,K1BE1-101-1011-102,K1BE1,1
T01,1-201-2011-438,201,2008-11-07,0,K1BE1-101-1011-103,K1BE1,1
T03,3-202-2023-247,202,2008-11-07,0,K1BE1-101-1011-103,K1BE1,1
T04,4-204-2043-140,204,2008-11-07,0,K1BE1-101-1011-103,K1BE1,1
T01,1-201-2011-136,201,2008-11-07,0,K1BE1-101-1011-104,K1BE1,1
T03,3-202-2023-256,202,2008-11-07,0,K1BE1-101-1011-104,K1BE1,1
T04,4-204-2043-141,204,2008-11-07,0,K1BE1-101-1011-104,K1BE1,1
T01,1-201-2011-130,201,2008-11-07,0,K1BE1-101-1011-105,K1BE1,1
T03,3-202-2023-266,202,2008-11-07,0,K1BE1-101-1011-105,K1BE1,1
T04,4-204-2043-142,204,2008-11-07,0,K1BE1-101-1011-105,K1BE1,1
T03,3-202-2023-269,202,2008-11-07,0,K1BE1-101-1011-106,K1BE1,1
T04,4-204-2043-146,204,2008-11-07,0,K1BE1-101-1011-106,K1BE1,1
T01,1-201-2011-137,201,2008-11-07,0,K1BE1-101-1011-107,K1BE1,1
T03,3-202-2023-275,202,2008-11-07,1,K1BE1-101-1011-107,K1BE1,1
T04,4-204-2043-154,204,2008-11-07,1,K1BE1-101-1011-107,K1BE1,1
T01,1-201-2011-59,201,2008-11-07,0,K1BE1-101-1011-108,K1BE1,1
T03,3-202-2023-276,202,2008-11-07,0,K1BE1-101-1011-108,K1BE1,1
T04,4-204-2043-156,204,2008-11-07,0,K1BE1-101-1011-108,K1BE1,1
T03,3-202-2023-287,202,2008-11-07,0,K1BE1-101-1011-109,K1BE1,1
T04,4-204-2043-159,204,2008-11-07,0,K1BE1-101-1011-109,K1BE1,1
T01,1-201-2011-363,201,2008-11-07,1,K1BE1-101-1011-11,K1BE1,1
T03,3-202-2022-6,202,2008-11-07,0,K1BE1-101-1011-11,K1BE1,1
T04,4-202-2023-16,202,2008-11-07,0,K1BE1-101-1011-11,K1BE1,1
T01,1-201-2011-88,201,2008-11-07,1,K1BE1-101-1011-110,K1BE1,1
T03,3-202-2023-289,202,2008-11-07,0,K1BE1-101-1011-110,K1BE1,1
T04,4-204-2043-161,204,2008-11-07,0,K1BE1-101-1011-110,K1BE1,1
T01,1-201-2011-28,201,2008-11-07,0,K1BE1-101-1011-111,K1BE1,1
T03,3-202-2023-291,202,2008-11-07,0,K1BE1-101-1011-111,K1BE1,1
T04,4-204-2043-164,204,2008-11-07,1,K1BE1-101-1011-111,K1BE1,1
T03,3-201-2011-1,201,2008-11-07,0,K1BE1-101-1011-112,K1BE1,1
T04,4-204-2043-176,204,2008-11-07,0,K1BE1-101-1011-112,K1BE1,1
T03,3-201-2011-5,201,2008-11-07,0,K1BE1-101-1011-113,K1BE1,1
T04,4-204-2043-177,204,2008-11-07,0,K1BE1-101-1011-113,K1BE1,1
T03,3-201-2012-5,201,2008-11-07,0,K1BE1-101-1011-114,K1BE1,1
T04,4-204-2043-185,204,2008-11-07,0,K1BE1-101-1011-114,K1BE1,1
T01,1-201-2011-42,201,2008-11-07,1,K1BE1-101-1011-115,K1BE1,1
T03,3-201-2012-12,201,2008-11-07,0,K1BE1-101-1011-115,K1BE1,1
T04,4-204-2043-193,204,2008-11-07,0,K1BE1-101-1011-115,K1BE1,1
T03,3-201-2012-13,201,2008-11-07,0,K1BE1-101-1011-116,K1BE1,1
T04,4-204-2043-201,204,2008-11-07,0,K1BE1-101-1011-116,K1BE1,1
T02,2-201-2011-185,201,2008-11-07,0,K1BE1-101-1011-117,K1BE1,1
T03,3-201-2012-18,201,2008-11-07,0,K1BE1-101-1011-117,K1BE1,1
T04,4-204-2043-204,204,2008-11-07,0,K1BE1-101-1011-117,K1BE1,1
T01,1-201-2011-417,201,2008-11-07,1,K1BE1-101-1011-118,K1BE1,1
T03,3-201-2012-20,201,2008-11-07,0,K1BE1-101-1011-118,K1BE1,1
T04,4-204-2043-206,204,2008-11-07,0,K1BE1-101-1011-118,K1BE1,1
T03,3-202-2022-8,202,2008-11-07,0,K1BE1-101-1011-12,K1BE1,1
T04,4-202-2023-18,202,2008-11-07,0,K1BE1-101-1011-12,K1BE1,1
T01,1-201-2011-825,201,2008-11-08,0,K1BE1-101-1011-120,K1BE1,1
T03,3-201-2012-24,201,2008-11-07,0,K1BE1-101-1011-120,K1BE1,1
T04,4-204-2043-210,204,2008-11-07,1,K1BE1-101-1011-120,K1BE1,1
T02,2-201-2011-73,201,2008-11-07,0,K1BE1-101-1011-121,K1BE1,1
T03,3-201-2012-25,201,2008-11-07,0,K1BE1-101-1011-121,K1BE1,1
T04,4-204-2043-213,204,2008-11-07,0,K1BE1-101-1011-121,K1BE1,1
T02,2-201-2011-319,201,2008-11-07,0,K1BE1-101-1011-122,K1BE1,1
T03,3-201-2012-27,201,2008-11-07,0,K1BE1-101-1011-122,K1BE1,1
T04,4-204-2043-214,204,2008-11-07,0,K1BE1-101-1011-122,K1BE1,1
T03,3-202-2023-835,202,2008-11-09,0,K1BE1-101-1011-123,K1BE1,1
T04,4-204-2043-478,204,2008-11-09,1,K1BE1-101-1011-123,K1BE1,1
T01,1-201-2011-723,201,2008-11-08,0,K1BE1-101-1011-124,K1BE1,1
T03,3-202-2023-878,202,2008-11-09,0,K1BE1-101-1011-124,K1BE1,1
T04,4-204-2043-482,204,2008-11-09,0,K1BE1-101-1011-124,K1BE1,1
T01,1-201-2011-519,201,2008-11-08,0,K1BE1-101-1011-125,K1BE1,1
T03,3-201-2011-23,201,2008-11-09,1,K1BE1-101-1011-125,K1BE1,1
T04,4-204-2043-499,204,2008-11-09,0,K1BE1-101-1011-125,K1BE1,1
T01,1-201-2011-796,201,2008-11-08,0,K1BE1-101-1011-126,K1BE1,1
T03,3-202-2022-213548,202,2008-11-08,0,K1BE1-101-1011-126,K1BE1,1
T04,4-204-2043-553,204,2008-11-09,1,K1BE1-101-1011-126,K1BE1,1
T03,3-201-2011-23417,201,2008-11-08,0,K1BE1-101-1011-127,K1BE1,1
T04,4-204-2043-580,204,2008-11-09,0,K1BE1-101-1011-127,K1BE1,1
T02,2-201-2011-31,201,2008-11-07,0,K1BE1-101-1011-128,K1BE1,1
T03,3-202-2022-3,202,2008-11-07,0,K1BE1-101-1011-128,K1BE1,1
T04,4-204-2043-588,204,2008-11-09,0,K1BE1-101-1011-128,K1BE1,1
T01,1-201-2011-166,201,2008-11-07,1,K1BE1-101-1011-129,K1BE1,1
T03,3-202-2022-4,202,2008-11-07,0,K1BE1-101-1011-129,K1BE1,1
T04,4-204-2043-639,204,2008-11-09,0,K1BE1-101-1011-129,K1BE1,1
T01,1-201-2011-343,201,2008-11-07,1,K1BE1-101-1011-13,K1BE1,1
T02,2-201-2011-242,201,2008-11-07,0,K1BE1-101-1011-13,K1BE1,1
T03,3-202-2022-10,202,2008-11-07,0,K1BE1-101-1011-13,K1BE1,1
T04,4-202-2023-21,202,2008-11-07,0,K1BE1-101-1011-13,K1BE1,1
T03,3-202-2022-12,202,2008-11-07,0,K1BE1-101-1011-131,K1BE1,1
T04,4-204-2042-140510,204,2008-11-07,0,K1BE1-101-1011-131,K1BE1,1
T01,1-201-2011-1185,201,2008-11-09,0,K1BE1-101-1011-132,K1BE1,1
T03,3-202-2022-13,202,2008-11-07,0,K1BE1-101-1011-132,K1BE1,1
T04,4-204-2042-140527,204,2008-11-07,0,K1BE1-101-1011-132,K1BE1,1
T02,2-201-2011-718,201,2008-11-09,0,K1BE1-101-1011-133,K1BE1,1
T03,3-202-2022-17,202,2008-11-07,0,K1BE1-101-1011-133,K1BE1,1
T04,4-202-2023-5,202,2008-11-07,0,K1BE1-101-1011-133,K1BE1,1
T01,1-201-2011-741,201,2008-11-08,0,K1BE1-101-1011-134,K1BE1,1
T03,3-202-2022-19,202,2008-11-07,0,K1BE1-101-1011-134,K1BE1,1
T04,4-202-2023-6,202,2008-11-07,0,K1BE1-101-1011-134,K1BE1,1
T01,1-201-2011-672,201,2008-11-08,1,K1BE1-101-1011-135,K1BE1,1
T03,3-202-2022-23,202,2008-11-07,0,K1BE1-101-1011-135,K1BE1,1
T04,4-202-2023-13,202,2008-11-07,0,K1BE1-101-1011-135,K1BE1,1
T01,1-201-2011-729,201,2008-11-08,0,K1BE1-101-1011-136,K1BE1,1
T02,2-201-2011-885,201,2008-11-09,0,K1BE1-101-1011-136,K1BE1,1
T03,3-202-2022-34,202,2008-11-07,0,K1BE1-101-1011-136,K1BE1,1
T04,4-202-2023-14,202,2008-11-07,0,K1BE1-101-1011-136,K1BE1,1
T03,3-202-2022-40,202,2008-11-07,0,K1BE1-101-1011-137,K1BE1,1
T04,4-202-2023-17,202,2008-11-07,0,K1BE1-101-1011-137,K1BE1,1
T01,1-201-2011-138,201,2008-11-07,0,K1BE1-101-1011-14,K1BE1,1
T03,3-202-2022-14,202,2008-11-07,0,K1BE1-101-1011-14,K1BE1,1
T04,4-202-2023-23,202,2008-11-07,0,K1BE1-101-1011-14,K1BE1,1
T01,1-201-2011-713,201,2008-11-08,1,K1BE1-101-1011-140,K1BE1,1
T02,2-201-2011-357,201,2008-11-08,1,K1BE1-101-1011-140,K1BE1,1
T03,3-202-2022-63,202,2008-11-07,0,K1BE1-101-1011-141,K1BE1,1
T04,4-202-2023-63,202,2008-11-07,0,K1BE1-101-1011-141,K1BE1,1
T03,3-202-2022-67,202,2008-11-07,0,K1BE1-101-1011-142,K1BE1,1
T04,4-202-2023-66,202,2008-11-07,0,K1BE1-101-1011-142,K1BE1,1
T02,2-201-2011-589,201,2008-11-08,0,K1BE1-101-1011-143,K1BE1,1
T02,2-201-2011-117,201,2008-11-07,0,K1BE1-101-1011-144,K1BE1,1
T03,3-202-2023-4,202,2008-11-07,0,K1BE1-101-1011-144,K1BE1,1
T04,4-202-2023-71,202,2008-11-07,0,K1BE1-101-1011-144,K1BE1,1
T03,3-202-2023-13,202,2008-11-07,0,K1BE1-101-1011-145,K1BE1,1
T04,4-202-2023-84,202,2008-11-07,0,K1BE1-101-1011-145,K1BE1,1
T01,1-201-2011-733,201,2008-11-08,1,K1BE1-101-1011-146,K1BE1,1
T02,2-201-2011-249,201,2008-11-07,0,K1BE1-101-1011-146,K1BE1,1
T03,3-202-2023-15,202,2008-11-07,0,K1BE1-101-1011-146,K1BE1,1
T04,4-202-2023-87,202,2008-11-07,1,K1BE1-101-1011-146,K1BE1,1
T01,1-201-2011-857,201,2008-11-08,1,K1BE1-101-1011-147,K1BE1,1
T03,3-202-2023-19,202,2008-11-07,0,K1BE1-101-1011-147,K1BE1,1
T04,4-202-2023-88,202,2008-11-07,0,K1BE1-101-1011-147,K1BE1,1
T02,2-201-2011-419,201,2008-11-08,0,K1BE1-101-1011-148,K1BE1,1
T03,3-202-2023-32,202,2008-11-07,0,K1BE1-101-1011-148,K1BE1,1
T04,4-202-2023-95,202,2008-11-07,0,K1BE1-101-1011-148,K1BE1,1
T01,1-201-2011-570,201,2008-11-08,0,K1BE1-101-1011-149,K1BE1,1
T02,2-201-2011-858,201,2008-11-09,0,K1BE1-101-1011-149,K1BE1,1
T03,3-202-2023-43,202,2008-11-07,0,K1BE1-101-1011-149,K1BE1,1
T04,4-202-2023-97,202,2008-11-07,0,K1BE1-101-1011-149,K1BE1,1
T02,2-201-2011-174,201,2008-11-07,0,K1BE1-101-1011-15,K1BE1,1
T03,3-202-2022-16,202,2008-11-07,0,K1BE1-101-1011-15,K1BE1,1
T04,4-202-2023-24,202,2008-11-07,1,K1BE1-101-1011-15,K1BE1,1
T01,1-201-2011-66,201,2008-11-07,0,K1BE1-101-1011-150,K1BE1,1
T03,3-202-2023-48,202,2008-11-07,0,K1BE1-101-1011-150,K1BE1,1
T04,4-202-2023-99,202,2008-11-07,0,K1BE1-101-1011-150,K1BE1,1
T01,1-201-2011-1179,201,2008-11-09,0,K1BE1-101-1011-151,K1BE1,1
T02,2-201-2011-1301,201,2008-11-10,0,K1BE1-101-1011-151,K1BE1,1
T03,3-202-2023-50,202,2008-11-07,0,K1BE1-101-1011-151,K1BE1,1
T04,4-202-2023-105,202,2008-11-07,0,K1BE1-101-1011-151,K1BE1,1
T01,1-201-2011-753,201,2008-11-08,0,K1BE1-101-1011-152,K1BE1,1
T02,2-201-2011-647,201,2008-11-08,0,K1BE1-101-1011-152,K1BE1,1
T03,3-202-2023-72,202,2008-11-07,0,K1BE1-101-1011-152,K1BE1,1
T04,4-202-2023-113,202,2008-11-07,0,K1BE1-101-1011-152,K1BE1,1
T01,1-201-2011-720,201,2008-11-08,0,K1BE1-101-1011-153,K1BE1,1
T03,3-202-2023-73,202,2008-11-07,0,K1BE1-101-1011-153,K1BE1,1
T04,4-202-2023-117,202,2008-11-07,0,K1BE1-101-1011-153,K1BE1,1
T01,1-201-2011-430,201,2008-11-07,0,K1BE1-101-1011-154,K1BE1,1
T03,3-202-2023-80,202,2008-11-07,0,K1BE1-101-1011-154,K1BE1,1
T04,4-202-2023-118,202,2008-11-07,0,K1BE1-101-1011-154,K1BE1,1
T01,1-201-2011-110,201,2008-11-07,0,K1BE1-101-1011-155,K1BE1,1
T02,2-201-2011-1271,201,2008-11-10,0,K1BE1-101-1011-155,K1BE1,1
T01,1-201-2011-898,201,2008-11-09,0,K1BE1-101-1011-156,K1BE1,1
T03,3-202-2023-84,202,2008-11-07,0,K1BE1-101-1011-156,K1BE1,1
T04,4-204-2042-6,204,2008-11-07,0,K1BE1-101-1011-156,K1BE1,1
T01,1-201-2011-202,201,2008-11-07,0,K1BE1-101-1011-157,K1BE1,1
T03,3-202-2023-86,202,2008-11-07,0,K1BE1-101-1011-157,K1BE1,1
T04,4-204-2042-9,204,2008-11-07,0,K1BE1-101-1011-157,K1BE1,1
T02,2-201-2011-731,201,2008-11-09,0,K1BE1-101-1011-158,K1BE1,1
T01,1-201-2011-884,201,2008-11-09,0,K1BE1-101-1011-159,K1BE1,1
T02,2-201-2011-597,201,2008-11-08,0,K1BE1-101-1011-159,K1BE1,1
T03,3-202-2023-88,202,2008-11-07,0,K1BE1-101-1011-159,K1BE1,1
T04,4-204-2042-21,204,2008-11-07,0,K1BE1-101-1011-159,K1BE1,1
T03,3-202-2022-25,202,2008-11-07,0,K1BE1-101-1011-16,K1BE1,1
T04,4-202-2023-27,202,2008-11-07,0,K1BE1-101-1011-16,K1BE1,1
T01,1-201-2011-1020,201,2008-11-09,0,K1BE1-101-1011-160,K1BE1,1
T03,3-202-2023-91,202,2008-11-07,0,K1BE1-101-1011-160,K1BE1,1
T04,4-204-2042-28,204,2008-11-07,0,K1BE1-101-1011-160,K1BE1,1
T01,1-201-2011-891,201,2008-11-09,0,K1BE1-101-1011-161,K1BE1,1
T03,3-202-2023-99,202,2008-11-07,0,K1BE1-101-1011-161,K1BE1,1
T04,4-204-2042-32,204,2008-11-07,0,K1BE1-101-1011-161,K1BE1,1
T03,3-202-2023-104,202,2008-11-07,0,K1BE1-101-1011-162,K1BE1,1
T04,4-204-2042-36,204,2008-11-07,0,K1BE1-101-1011-162,K1BE1,1
T03,3-202-2023-115,202,2008-11-07,0,K1BE1-101-1011-163,K1BE1,1
T04,4-204-2042-41,204,2008-11-07,0,K1BE1-101-1011-163,K1BE1,1
T01,1-201-2011-60,201,2008-11-07,0,K1BE1-101-1011-164,K1BE1,1
T02,2-201-2011-869,201,2008-11-09,0,K1BE1-101-1011-164,K1BE1,1
T03,3-202-2023-121,202,2008-11-07,0,K1BE1-101-1011-164,K1BE1,1
T04,4-204-2043-2,204,2008-11-07,0,K1BE1-101-1011-164,K1BE1,1
T03,3-202-2023-124,202,2008-11-07,0,K1BE1-101-1011-165,K1BE1,1
T04,4-204-2043-4,204,2008-11-07,0,K1BE1-101-1011-165,K1BE1,1
T01,1-201-2011-811,201,2008-11-08,1,K1BE1-101-1011-166,K1BE1,1
T03,3-202-2023-125,202,2008-11-07,0,K1BE1-101-1011-166,K1BE1,1
T04,4-204-2043-6,204,2008-11-07,0,K1BE1-101-1011-166,K1BE1,1
T01,1-201-2011-532,201,2008-11-08,0,K1BE1-101-1011-167,K1BE1,1
T02,2-201-2011-922,201,2008-11-09,0,K1BE1-101-1011-167,K1BE1,1
T03,3-202-2023-137,202,2008-11-07,0,K1BE1-101-1011-167,K1BE1,1
T04,4-204-2043-11,204,2008-11-07,0,K1BE1-101-1011-167,K1BE1,1
T02,2-201-2011-284,201,2008-11-07,0,K1BE1-101-1011-168,K1BE1,1
T03,3-202-2023-138,202,2008-11-07,0,K1BE1-101-1011-168,K1BE1,1
T04,4-204-2043-12,204,2008-11-07,0,K1BE1-101-1011-168,K1BE1,1
T01,1-201-2011-593,201,2008-11-08,0,K1BE1-101-1011-169,K1BE1,1
T03,3-202-2023-154,202,2008-11-07,0,K1BE1-101-1011-169,K1BE1,1
T04,4-204-2043-19,204,2008-11-07,0,K1BE1-101-1011-169,K1BE1,1
T01,1-201-2011-62,201,2008-11-07,0,K1BE1-101-1011-17,K1BE1,1
T03,3-202-2022-27,202,2008-11-07,0,K1BE1-101-1011-17,K1BE1,1
T04,4-202-2023-28,202,2008-11-07,0,K1BE1-101-1011-17,K1BE1,1
T02,2-201-2011-537,201,2008-11-08,0,K1BE1-101-1011-170,K1BE1,1
T03,3-202-2023-160,202,2008-11-07,0,K1BE1-101-1011-170,K1BE1,1
T04,4-204-2043-20,204,2008-11-07,0,K1BE1-101-1011-170,K1BE1,1
T03,3-202-2023-163,202,2008-11-07,0,K1BE1-101-1011-171,K1BE1,1
T04,4-204-2043-23,204,2008-11-07,1,K1BE1-101-1011-171,K1BE1,1
T01,1-201-2011-774,201,2008-11-08,0,K1BE1-101-1011-173,K1BE1,1
T03,3-202-2023-170,202,2008-11-07,0,K1BE1-101-1011-173,K1BE1,1
T04,4-204-2043-31,204,2008-11-07,0,K1BE1-101-1011-173,K1BE1,1
T03,3-202-2023-183,202,2008-11-07,0,K1BE1-101-1011-174,K1BE1,1
T04,4-204-2043-34,204,2008-11-07,0,K1BE1-101-1011-174,K1BE1,1
T02,2-201-2011-119,201,2008-11-07,1,K1BE1-101-1011-175,K1BE1,1
T03,3-202-2023-185,202,2008-11-07,0,K1BE1-101-1011-175,K1BE1,1
T04,4-204-2043-36,204,2008-11-07,0,K1BE1-101-1011-175,K1BE1,1
T03,3-202-2023-189,202,2008-11-07,0,K1BE1-101-1011-176,K1BE1,1
T04,4-204-2043-41,204,2008-11-07,0,K1BE1-101-1011-176,K1BE1,1
T02,2-201-2011-741,201,2008-11-09,0,K1BE1-101-1011-178,K1BE1,1
T03,3-202-2023-197,202,2008-11-07,0,K1BE1-101-1011-178,K1BE1,1
T04,4-204-2043-45,204,2008-11-07,0,K1BE1-101-1011-178,K1BE1,1
T03,3-202-2023-200,202,2008-11-07,0,K1BE1-101-1011-179,K1BE1,1
T04,4-204-2043-64,204,2008-11-07,0,K1BE1-101-1011-179,K1BE1,1
T01,1-201-2011-25,201,2008-11-07,0,K1BE1-101-1011-18,K1BE1,1
T02,2-201-2011-46,201,2008-11-07,0,K1BE1-101-1011-18,K1BE1,1
T03,3-202-2022-29,202,2008-11-07,0,K1BE1-101-1011-18,K1BE1,1
T04,4-202-2023-33,202,2008-11-07,0,K1BE1-101-1011-18,K1BE1,1
T01,1-201-2011-801,201,2008-11-08,0,K1BE1-101-1011-180,K1BE1,1
T02,2-201-2011-230,201,2008-11-07,0,K1BE1-101-1011-181,K1BE1,1
T03,3-202-2023-206,202,2008-11-07,1,K1BE1-101-1011-181,K1BE1,1
T04,4-204-2043-70,204,2008-11-07,0,K1BE1-101-1011-181,K1BE1,1
T03,3-202-2023-218,202,2008-11-07,0,K1BE1-101-1011-182,K1BE1,1
T04,4-204-2043-73,204,2008-11-07,0,K1BE1-101-1011-182,K1BE1,1
T02,2-201-2011-291,201,2008-11-07,0,K1BE1-101-1011-183,K1BE1,1
T03,3-202-2023-219,202,2008-11-07,0,K1BE1-101-1011-183,K1BE1,1
T04,4-204-2043-74,204,2008-11-07,0,K1BE1-101-1011-183,K1BE1,1
T02,2-201-2011-607,201,2008-11-08,0,K1BE1-101-1011-184,K1BE1,1
T03,3-202-2023-223,202,2008-11-07,0,K1BE1-101-1011-184,K1BE1,1
T04,4-204-2043-78,204,2008-11-07,0,K1BE1-101-1011-184,K1BE1,1
T03,3-202-2023-228,202,2008-11-07,0,K1BE1-101-1011-185,K1BE1,1
T04,4-204-2043-89,204,2008-11-07,0,K1BE1-101-1011-185,K1BE1,1
T03,3-202-2023-229,202,2008-11-07,0,K1BE1-101-1011-186,K1BE1,1
T04,4-204-2043-94,204,2008-11-07,0,K1BE1-101-1011-186,K1BE1,1
T02,2-201-2011-520,201,2008-11-08,0,K1BE1-101-1011-187,K1BE1,1
T03,3-202-2023-233,202,2008-11-07,1,K1BE1-101-1011-187,K1BE1,1
T04,4-204-2043-97,204,2008-11-07,0,K1BE1-101-1011-187,K1BE1,1
T03,3-202-2023-235,202,2008-11-07,0,K1BE1-101-1011-188,K1BE1,1
T04,4-204-2043-99,204,2008-11-07,0,K1BE1-101-1011-188,K1BE1,1
T01,1-201-2011-569,201,2008-11-08,0,K1BE1-101-1011-189,K1BE1,1
T03,3-202-2023-236,202,2008-11-07,0,K1BE1-101-1011-189,K1BE1,1
T04,4-204-2043-102,204,2008-11-07,0,K1BE1-101-1011-189,K1BE1,1
T03,3-202-2022-30,202,2008-11-07,0,K1BE1-101-1011-19,K1BE1,1
T04,4-202-2023-35,202,2008-11-07,0,K1BE1-101-1011-19,K1BE1,1
T02,2-201-2011-648,201,2008-11-08,0,K1BE1-101-1011-190,K1BE1,1
T03,3-202-2023-241,202,2008-11-07,0,K1BE1-101-1011-190,K1BE1,1
T04,4-204-2043-110,204,2008-11-07,0,K1BE1-101-1011-190,K1BE1,1
T03,3-202-2023-246,202,2008-11-07,0,K1BE1-101-1011-192,K1BE1,1
T04,4-204-2043-115,204,2008-11-07,0,K1BE1-101-1011-192,K1BE1,1
T01,1-201-2011-783,201,2008-11-08,0,K1BE1-101-1011-193,K1BE1,1
T02,2-201-2011-85,201,2008-11-07,0,K1BE1-101-1011-193,K1BE1,1
T03,3-202-2023-255,202,2008-11-07,0,K1BE1-101-1011-194,K1BE1,1
T04,4-204-2043-122,204,2008-11-07,0,K1BE1-101-1011-194,K1BE1,1
T03,3-202-2023-257,202,2008-11-07,0,K1BE1-101-1011-195,K1BE1,1
T04,4-204-2043-126,204,2008-11-07,0,K1BE1-101-1011-195,K1BE1,1
T03,3-202-2023-270,202,2008-11-07,0,K1BE1-101-1011-196,K1BE1,1
T04,4-204-2043-131,204,2008-11-07,0,K1BE1-101-1011-196,K1BE1,1
T03,3-202-2023-273,202,2008-11-07,0,K1BE1-101-1011-197,K1BE1,1
T04,4-204-2043-144,204,2008-11-07,0,K1BE1-101-1011-197,K1BE1,1
T03,3-202-2023-284,202,2008-11-07,0,K1BE1-101-1011-199,K1BE1,1
T04,4-204-2043-149,204,2008-11-07,0,K1BE1-101-1011-199,K1BE1,1
T01,1-201-2011-429,201,2008-11-07,0,K1BE1-101-1011-2,K1BE1,1
T02,2-201-2011-239,201,2008-11-07,1,K1BE1-101-1011-2,K1BE1,1
T03,3-202-2023-16,202,2008-11-07,0,K1BE1-101-1011-2,K1BE1,1
T04,4-202-2023-51,202,2008-11-07,0,K1BE1-101-1011-2,K1BE1,1
T01,1-201-2011-198,201,2008-11-07,0,K1BE1-101-1011-20,K1BE1,1
T02,2-201-2011-114,201,2008-11-07,0,K1BE1-101-1011-20,K1BE1,1
T03,3-202-2022-32,202,2008-11-07,0,K1BE1-101-1011-20,K1BE1,1
T04,4-202-2023-36,202,2008-11-07,0,K1BE1-101-1011-20,K1BE1,1
T02,2-201-2011-276,201,2008-11-07,0,K1BE1-101-1011-200,K1BE1,1
T03,3-202-2023-290,202,2008-11-07,0,K1BE1-101-1011-200,K1BE1,1
T04,4-204-2043-151,204,2008-11-07,0,K1BE1-101-1011-200,K1BE1,1
T01,1-201-2011-1260,201,2008-11-09,1,K1BE1-101-1011-201,K1BE1,1
T02,2-201-2011-808,201,2008-11-09,0,K1BE1-101-1011-201,K1BE1,1
T03,3-202-2023-292,202,2008-11-07,0,K1BE1-101-1011-201,K1BE1,1
T04,4-204-2043-153,204,2008-11-07,0,K1BE1-101-1011-201,K1BE1,1
T02,2-201-2011-2,201,2008-11-07,0,K1BE1-101-1011-202,K1BE1,1
T03,3-201-2012-1,201,2008-11-07,0,K1BE1-101-1011-202,K1BE1,1
T04,4-204-2043-157,204,2008-11-07,0,K1BE1-101-1011-202,K1BE1,1
T03,3-201-2012-3,201,2008-11-07,0,K1BE1-101-1011-203,K1BE1,1
T04,4-204-2043-165,204,2008-11-07,0,K1BE1-101-1011-203,K1BE1,1
T03,3-201-2012-4,201,2008-11-07,0,K1BE1-101-1011-204,K1BE1,1
T04,4-204-2043-167,204,2008-11-07,0,K1BE1-101-1011-204,K1BE1,1
T03,3-201-2012-7,201,2008-11-07,0,K1BE1-101-1011-205,K1BE1,1
T04,4-204-2043-170,204,2008-11-07,0,K1BE1-101-1011-205,K1BE1,1
T02,2-201-2011-465,201,2008-11-08,1,K1BE1-101-1011-206,K1BE1,1
T03,3-201-2012-10,201,2008-11-07,0,K1BE1-101-1011-206,K1BE1,1
T04,4-204-2043-174,204,2008-11-07,0,K1BE1-101-1011-206,K1BE1,1
T03,3-201-2012-16,201,2008-11-07,0,K1BE1-101-1011-207,K1BE1,1
T04,4-204-2043-175,204,2008-11-07,1,K1BE1-101-1011-207,K1BE1,1
T03,3-201-2012-29,201,2008-11-07,0,K1BE1-101-1011-208,K1BE1,1
T04,4-204-2043-179,204,2008-11-07,0,K1BE1-101-1011-208,K1BE1,1
T01,1-201-2011-5,201,2008-11-07,1,K1BE1-101-1011-209,K1BE1,1
T03,3-202-2022-75,202,2008-11-08,0,K1BE1-101-1011-209,K1BE1,1
T04,4-204-2043-181,204,2008-11-07,0,K1BE1-101-1011-209,K1BE1,1
T02,2-201-2011-97,201,2008-11-07,1,K1BE1-101-1011-21,K1BE1,1
T03,3-202-2022-33,202,2008-11-07,0,K1BE1-101-1011-21,K1BE1,1
T04,4-202-2023-38,202,2008-11-07,0,K1BE1-101-1011-21,K1BE1,1
T01,1-201-2011-883,201,2008-11-09,1,K1BE1-101-1011-210,K1BE1,1
T03,3-202-2022-80,202,2008-11-08,0,K1BE1-101-1011-210,K1BE1,1
T04,4-204-2043-187,204,2008-11-07,0,K1BE1-101-1011-210,K1BE1,1
T03,3-202-2022-83,202,2008-11-08,0,K1BE1-101-1011-211,K1BE1,1
T04,4-204-2043-188,204,2008-11-07,0,K1BE1-101-1011-211,K1BE1,1
T01,1-201-2011-470,201,2008-11-08,1,K1BE1-101-1011-212,K1BE1,1
T02,2-201-2011-65,201,2008-11-07,0,K1BE1-101-1011-212,K1BE1,1
T03,3-202-2022-86,202,2008-11-08,0,K1BE1-101-1011-212,K1BE1,1
T04,4-204-2043-192,204,2008-11-07,0,K1BE1-101-1011-212,K1BE1,1
T01,1-201-2011-768,201,2008-11-08,0,K1BE1-101-1011-213,K1BE1,1
T03,3-202-2022-89,202,2008-11-08,0,K1BE1-101-1011-213,K1BE1,1
T04,4-204-2043-196,204,2008-11-07,1,K1BE1-101-1011-213,K1BE1,1
T02,2-201-2011-460,201,2008-11-08,1,K1BE1-101-1011-214,K1BE1,1
T03,3-202-2022-90,202,2008-11-08,0,K1BE1-101-1011-214,K1BE1,1
T04,4-204-2043-199,204,2008-11-07,0,K1BE1-101-1011-214,K1BE1,1
T01,1-201-2011-396,201,2008-11-07,0,K1BE1-101-1011-215,K1BE1,1
T03,3-202-2022-95,202,2008-11-08,0,K1BE1-101-1011-215,K1BE1,1
T04,4-204-2043-202,204,2008-11-07,0,K1BE1-101-1011-215,K1BE1,1
T02,2-201-2011-427,201,2008-11-08,0,K1BE1-101-1011-216,K1BE1,1
T03,3-202-2022-97,202,2008-11-08,0,K1BE1-101-1011-216,K1BE1,1
T04,4-204-2043-207,204,2008-11-07,0,K1BE1-101-1011-216,K1BE1,1
T01,1-201-2011-563,201,2008-11-08,1,K1BE1-101-1011-217,K1BE1,1
T03,3-202-2022-98,202,2008-11-08,0,K1BE1-101-1011-217,K1BE1,1
T04,4-204-2043-217,204,2008-11-07,0,K1BE1-101-1011-217,K1BE1,1
T02,2-201-2011-432,201,2008-11-08,0,K1BE1-101-1011-218,K1BE1,1
T03,3-202-2022-99,202,2008-11-08,1,K1BE1-101-1011-218,K1BE1,1
T04,4-204-2043-226,204,2008-11-07,1,K1BE1-101-1011-218,K1BE1,1
T01,1-201-2011-479,201,2008-11-08,0,K1BE1-101-1011-22,K1BE1,1
T02,2-201-2011-257,201,2008-11-07,1,K1BE1-101-1011-22,K1BE1,1
T03,3-202-2022-38,202,2008-11-07,0,K1BE1-101-1011-22,K1BE1,1
T04,4-202-2023-39,202,2008-11-07,0,K1BE1-101-1011-22,K1BE1,1
T03,3-202-2022-105,202,2008-11-08,0,K1BE1-101-1011-220,K1BE1,1
T04,4-202-2023-125,202,2008-11-08,0,K1BE1-101-1011-220,K1BE1,1
T01,1-201-2011-1304,201,2008-11-09,0,K1BE1-101-1011-221,K1BE1,1
T02,2-201-2011-547,201,2008-11-08,0,K1BE1-101-1011-221,K1BE1,1
T03,3-202-2022-106,202,2008-11-08,0,K1BE1-101-1011-221,K1BE1,1
T04,4-202-2023-126,202,2008-11-08,0,K1BE1-101-1011-221,K1BE1,1
T03,3-202-2022-108,202,2008-11-08,0,K1BE1-101-1011-222,K1BE1,1
T04,4-202-2023-127,202,2008-11-08,0,K1BE1-101-1011-222,K1BE1,1
T03,3-202-2022-110,202,2008-11-08,0,K1BE1-101-1011-223,K1BE1,1
T04,4-202-2023-128,202,2008-11-08,0,K1BE1-101-1011-223,K1BE1,1
T02,2-201-2011-558,201,2008-11-08,0,K1BE1-101-1011-224,K1BE1,1
T03,3-202-2022-114,202,2008-11-08,0,K1BE1-101-1011-224,K1BE1,1
T04,4-202-2023-132,202,2008-11-08,0,K1BE1-101-1011-224,K1BE1,1
T02,2-201-2011-514,201,2008-11-08,0,K1BE1-101-1011-225,K1BE1,1
T03,3-202-2022-116,202,2008-11-08,0,K1BE1-101-1011-225,K1BE1,1
T04,4-202-2023-136,202,2008-11-08,0,K1BE1-101-1011-225,K1BE1,1
T02,2-201-2011-633,201,2008-11-08,0,K1BE1-101-1011-226,K1BE1,1
T03,3-202-2022-119,202,2008-11-08,0,K1BE1-101-1011-226,K1BE1,1
T04,4-202-2023-140,202,2008-11-08,0,K1BE1-101-1011-226,K1BE1,1
T03,3-202-2022-122,202,2008-11-08,0,K1BE1-101-1011-227,K1BE1,1
T04,4-202-2023-145,202,2008-11-08,0,K1BE1-101-1011-227,K1BE1,1
T03,3-202-2022-123,202,2008-11-08,0,K1BE1-101-1011-228,K1BE1,1
T04,4-202-2023-146,202,2008-11-08,0,K1BE1-101-1011-228,K1BE1,1
T02,2-201-2011-671,201,2008-11-09,0,K1BE1-101-1011-229,K1BE1,1
T03,3-202-2022-126,202,2008-11-08,0,K1BE1-101-1011-229,K1BE1,1
T04,4-202-2023-148,202,2008-11-08,0,K1BE1-101-1011-229,K1BE1,1
T03,3-202-2022-41,202,2008-11-07,0,K1BE1-101-1011-23,K1BE1,1
T04,4-202-2023-42,202,2008-11-07,0,K1BE1-101-1011-23,K1BE1,1
T03,3-202-2022-130,202,2008-11-08,0,K1BE1-101-1011-230,K1BE1,1
T04,4-202-2023-149,202,2008-11-08,0,K1BE1-101-1011-230,K1BE1,1
T03,3-202-2022-131,202,2008-11-08,0,K1BE1-101-1011-231,K1BE1,1
T04,4-202-2023-150,202,2008-11-08,0,K1BE1-101-1011-231,K1BE1,1
T01,1-201-2011-521,201,2008-11-08,0,K1BE1-101-1011-232,K1BE1,1
T03,3-202-2022-133,202,2008-11-08,1,K1BE1-101-1011-232,K1BE1,1
T04,4-202-2023-153,202,2008-11-08,0,K1BE1-101-1011-232,K1BE1,1
T01,1-201-2011-1175,201,2008-11-09,1,K1BE1-101-1011-233,K1BE1,1
T02,2-201-2011-353,201,2008-11-08,0,K1BE1-101-1011-233,K1BE1,1
T03,3-202-2022-136,202,2008-11-08,0,K1BE1-101-1011-233,K1BE1,1
T04,4-202-2023-158,202,2008-11-08,0,K1BE1-101-1011-233,K1BE1,1
T03,3-202-2022-137,202,2008-11-08,0,K1BE1-101-1011-234,K1BE1,1
T04,4-202-2023-159,202,2008-11-08,0,K1BE1-101-1011-234,K1BE1,1
T01,1-201-2011-641,201,2008-11-08,1,K1BE1-101-1011-235,K1BE1,1
T03,3-202-2022-140,202,2008-11-08,0,K1BE1-101-1011-235,K1BE1,1
T04,4-202-2023-162,202,2008-11-08,1,K1BE1-101-1011-235,K1BE1,1
T01,1-201-2011-323,201,2008-11-07,1,K1BE1-101-1011-236,K1BE1,1
T03,3-202-2022-144,202,2008-11-08,0,K1BE1-101-1011-237,K1BE1,1
T04,4-202-2023-168,202,2008-11-08,0,K1BE1-101-1011-237,K1BE1,1
T02,2-201-2011-639,201,2008-11-08,0,K1BE1-101-1011-238,K1BE1,1
T03,3-202-2022-146,202,2008-11-08,0,K1BE1-101-1011-238,K1BE1,1
T04,4-202-2023-172,202,2008-11-08,0,K1BE1-101-1011-238,K1BE1,1
T02,2-201-2011-534,201,2008-11-08,0,K1BE1-101-1011-239,K1BE1,1
T03,3-202-2023-300,202,2008-11-08,0,K1BE1-101-1011-239,K1BE1,1
T04,4-202-2023-175,202,2008-11-08,1,K1BE1-101-1011-239,K1BE1,1
T01,1-201-2011-379,201,2008-11-07,0,K1BE1-101-1011-24,K1BE1,1
T03,3-202-2022-42,202,2008-11-07,0,K1BE1-101-1011-24,K1BE1,1
T04,4-202-2023-45,202,2008-11-07,0,K1BE1-101-1011-24,K1BE1,1
T01,1-201-2011-468,201,2008-11-08,1,K1BE1-101-1011-240,K1BE1,1
T03,3-202-2023-302,202,2008-11-08,0,K1BE1-101-1011-240,K1BE1,1
T04,4-202-2023-179,202,2008-11-08,1,K1BE1-101-1011-240,K1BE1,1
T01,1-201-2011-791,201,2008-11-08,0,K1BE1-101-1011-241,K1BE1,1
T03,3-202-2023-303,202,2008-11-08,0,K1BE1-101-1011-241,K1BE1,1
T04,4-202-2023-180,202,2008-11-08,0,K1BE1-101-1011-241,K1BE1,1
T03,3-202-2023-304,202,2008-11-08,1,K1BE1-101-1011-242,K1BE1,1
T04,4-202-2023-181,202,2008-11-08,0,K1BE1-101-1011-242,K1BE1,1
T03,3-202-2023-305,202,2008-11-08,1,K1BE1-101-1011-243,K1BE1,1
T04,4-202-2023-183,202,2008-11-08,1,K1BE1-101-1011-243,K1BE1,1
T01,1-201-2011-40,201,2008-11-07,0,K1BE1-101-1011-244,K1BE1,1
T03,3-202-2023-306,202,2008-11-08,0,K1BE1-101-1011-244,K1BE1,1
T04,4-202-2023-184,202,2008-11-08,0,K1BE1-101-1011-244,K1BE1,1
T03,3-202-2023-10,202,2008-11-07,0,K1BE1-101-1011-245,K1BE1,1
T04,4-202-2023-138,202,2008-11-08,0,K1BE1-101-1011-245,K1BE1,1
T03,3-202-2023-42,202,2008-11-07,0,K1BE1-101-1011-246,K1BE1,1
T04,4-202-2023-139,202,2008-11-08,0,K1BE1-101-1011-246,K1BE1,1
T01,1-201-2011-879,201,2008-11-09,0,K1BE1-101-1011-247,K1BE1,1
T03,3-202-2023-45,202,2008-11-07,0,K1BE1-101-1011-247,K1BE1,1
T04,4-202-2023-143,202,2008-11-08,0,K1BE1-101-1011-247,K1BE1,1
T02,2-201-2011-237,201,2008-11-07,0,K1BE1-101-1011-25,K1BE1,1
T03,3-202-2022-51,202,2008-11-07,0,K1BE1-101-1011-25,K1BE1,1
T04,4-202-2023-46,202,2008-11-07,0,K1BE1-101-1011-25,K1BE1,1
T02,2-201-2011-412,201,2008-11-08,0,K1BE1-101-1011-251,K1BE1,1
T03,3-202-2023-140,202,2008-11-07,0,K1BE1-101-1011-251,K1BE1,1
T04,4-202-2023-157,202,2008-11-08,0,K1BE1-101-1011-251,K1BE1,1
T02,2-201-2011-1252,201,2008-11-10,0,K1BE1-101-1011-252,K1BE1,1
T01,1-201-2011-1165,201,2008-11-09,0,K1BE1-101-1011-254,K1BE1,1
T03,3-202-2023-181,202,2008-11-07,0,K1BE1-101-1011-254,K1BE1,1
T04,4-202-2023-171,202,2008-11-08,0,K1BE1-101-1011-254,K1BE1,1
T02,2-201-2011-985,201,2008-11-09,0,K1BE1-101-1011-255,K1BE1,1
T03,3-202-2023-186,202,2008-11-07,1,K1BE1-101-1011-255,K1BE1,1
T04,4-202-2023-188,202,2008-11-08,0,K1BE1-101-1011-255,K1BE1,1
T02,2-201-2011-1323,201,2008-11-11,0,K1BE1-101-1011-256,K1BE1,1
T03,3-202-2023-225,202,2008-11-07,0,K1BE1-101-1011-257,K1BE1,1
T04,4-202-2023-196,202,2008-11-08,0,K1BE1-101-1011-257,K1BE1,1
T01,1-201-2011-1187,201,2008-11-09,0,K1BE1-101-1011-258,K1BE1,1
T02,2-201-2011-734,201,2008-11-09,0,K1BE1-101-1011-258,K1BE1,1
T03,3-202-2023-237,202,2008-11-07,0,K1BE1-101-1011-258,K1BE1,1
T04,4-202-2023-202,202,2008-11-08,0,K1BE1-101-1011-258,K1BE1,1
T01,1-201-2011-1174,201,2008-11-09,1,K1BE1-101-1011-259,K1BE1,1
T03,3-202-2023-242,202,2008-11-07,0,K1BE1-101-1011-259,K1BE1,1
T04,4-202-2023-203,202,2008-11-08,0,K1BE1-101-1011-259,K1BE1,1
T03,3-202-2022-52,202,2008-11-07,0,K1BE1-101-1011-26,K1BE1,1
T04,4-202-2023-52,202,2008-11-07,1,K1BE1-101-1011-26,K1BE1,1
T01,1-201-2011-1040,201,2008-11-09,0,K1BE1-101-1011-261,K1BE1,1
T03,3-201-2012-11,201,2008-11-07,0,K1BE1-101-1011-261,K1BE1,1
T04,4-202-2023-205,202,2008-11-08,0,K1BE1-101-1011-261,K1BE1,1
T01,1-201-2011-725,201,2008-11-08,0,K1BE1-101-1011-262,K1BE1,1
T03,3-202-2022-74,202,2008-11-08,0,K1BE1-101-1011-262,K1BE1,1
T04,4-202-2023-206,202,2008-11-08,0,K1BE1-101-1011-262,K1BE1,1
T02,2-201-2011-394,201,2008-11-08,0,K1BE1-101-1011-263,K1BE1,1
T02,2-201-2011-950,201,2008-11-09,0,K1BE1-101-1011-264,K1BE1,1
T02,2-201-2011-1278,201,2008-11-10,0,K1BE1-101-1011-265,K1BE1,1
T01,1-201-2011-901,201,2008-11-09,0,K1BE1-101-1011-266,K1BE1,1
T02,2-201-2011-766,201,2008-11-09,0,K1BE1-101-1011-266,K1BE1,1
T02,2-201-2011-974,201,2008-11-09,0,K1BE1-101-1011-268,K1BE1,1
T03,3-202-2022-111,202,2008-11-08,0,K1BE1-101-1011-268,K1BE1,1
T04,4-202-2023-231,202,2008-11-08,0,K1BE1-101-1011-268,K1BE1,1
T02,2-201-2011-663,201,2008-11-09,0,K1BE1-101-1011-269,K1BE1,1
T03,3-202-2022-117,202,2008-11-08,1,K1BE1-101-1011-269,K1BE1,1
T04,4-202-2023-233,202,2008-11-08,0,K1BE1-101-1011-269,K1BE1,1
T03,3-202-2022-54,202,2008-11-07,0,K1BE1-101-1011-27,K1BE1,1
T04,4-202-2023-54,202,2008-11-07,0,K1BE1-101-1011-27,K1BE1,1
T03,3-202-2022-121,202,2008-11-08,0,K1BE1-101-1011-270,K1BE1,1
T04,4-202-2023-237,202,2008-11-08,0,K1BE1-101-1011-270,K1BE1,1
T03,3-202-2022-124,202,2008-11-08,0,K1BE1-101-1011-271,K1BE1,1
T04,4-202-2023-239,202,2008-11-08,0,K1BE1-101-1011-271,K1BE1,1
T02,2-201-2011-1007,201,2008-11-10,0,K1BE1-101-1011-272,K1BE1,1
T01,1-201-2011-992,201,2008-11-09,0,K1BE1-101-1011-273,K1BE1,1
T02,2-201-2011-643,201,2008-11-08,0,K1BE1-101-1011-273,K1BE1,1
T03,3-202-2022-127,202,2008-11-08,0,K1BE1-101-1011-273,K1BE1,1
T04,4-202-2023-243,202,2008-11-08,0,K1BE1-101-1011-273,K1BE1,1
T02,2-201-2011-1166,201,2008-11-10,0,K1BE1-101-1011-277,K1BE1,1
T03,3-202-2023-294,202,2008-11-08,0,K1BE1-101-1011-277,K1BE1,1
T04,4-204-2042-65,204,2008-11-08,0,K1BE1-101-1011-277,K1BE1,1
T02,2-201-2011-814,201,2008-11-09,0,K1BE1-101-1011-279,K1BE1,1
T03,3-202-2023-299,202,2008-11-08,0,K1BE1-101-1011-279,K1BE1,1
T04,4-204-2042-71,204,2008-11-08,0,K1BE1-101-1011-279,K1BE1,1
T01,1-201-2011-255,201,2008-11-07,0,K1BE1-101-1011-28,K1BE1,1
T02,2-201-2011-180,201,2008-11-07,0,K1BE1-101-1011-28,K1BE1,1
T03,3-202-2022-56,202,2008-11-07,0,K1BE1-101-1011-28,K1BE1,1
T04,4-202-2023-55,202,2008-11-07,0,K1BE1-101-1011-28,K1BE1,1
T03,3-202-2023-314,202,2008-11-08,0,K1BE1-101-1011-281,K1BE1,1
T04,4-204-2042-86,204,2008-11-08,0,K1BE1-101-1011-281,K1BE1,1
T03,3-202-2023-336,202,2008-11-08,0,K1BE1-101-1011-282,K1BE1,1
T04,4-204-2042-87,204,2008-11-08,0,K1BE1-101-1011-282,K1BE1,1
T03,3-202-2023-349,202,2008-11-08,0,K1BE1-101-1011-284,K1BE1,1
T04,4-204-2042-96,204,2008-11-08,0,K1BE1-101-1011-284,K1BE1,1
T01,1-201-2011-1230,201,2008-11-09,0,K1BE1-101-1011-285,K1BE1,1
T03,3-202-2023-361,202,2008-11-08,0,K1BE1-101-1011-286,K1BE1,1
T04,4-204-2043-244,204,2008-11-08,0,K1BE1-101-1011-286,K1BE1,1
T01,1-201-2011-1082,201,2008-11-09,0,K1BE1-101-1011-287,K1BE1,1
T03,3-202-2023-365,202,2008-11-08,0,K1BE1-101-1011-287,K1BE1,1
T04,4-204-2043-245,204,2008-11-08,0,K1BE1-101-1011-287,K1BE1,1
T01,1-201-2011-312,201,2008-11-07,0,K1BE1-101-1011-29,K1BE1,1
T03,3-202-2022-58,202,2008-11-07,0,K1BE1-101-1011-29,K1BE1,1
T04,4-202-2023-61,202,2008-11-07,0,K1BE1-101-1011-29,K1BE1,1
T03,3-202-2023-379,202,2008-11-08,0,K1BE1-101-1011-290,K1BE1,1
T04,4-204-2043-251,204,2008-11-08,0,K1BE1-101-1011-290,K1BE1,1
T01,1-201-2011-1251,201,2008-11-09,1,K1BE1-101-1011-291,K1BE1,1
T03,3-202-2023-390,202,2008-11-08,0,K1BE1-101-1011-291,K1BE1,1
T04,4-204-2043-266,204,2008-11-08,0,K1BE1-101-1011-291,K1BE1,1
T01,1-201-2011-1074,201,2008-11-09,0,K1BE1-101-1011-292,K1BE1,1
T03,3-202-2023-409,202,2008-11-08,0,K1BE1-101-1011-292,K1BE1,1
T04,4-204-2043-270,204,2008-11-08,1,K1BE1-101-1011-292,K1BE1,1
T03,3-202-2023-413,202,2008-11-08,0,K1BE1-101-1011-293,K1BE1,1
T04,4-204-2043-275,204,2008-11-08,0,K1BE1-101-1011-293,K1BE1,1
T01,1-201-2011-541,201,2008-11-08,0,K1BE1-101-1011-294,K1BE1,1
T02,2-201-2011-579,201,2008-11-08,0,K1BE1-101-1011-294,K1BE1,1
T03,3-202-2023-417,202,2008-11-08,1,K1BE1-101-1011-295,K1BE1,1
T04,4-204-2043-281,204,2008-11-08,0,K1BE1-101-1011-295,K1BE1,1
T02,2-201-2011-973,201,2008-11-09,0,K1BE1-101-1011-296,K1BE1,1
T02,2-201-2011-630,201,2008-11-08,0,K1BE1-101-1011-297,K1BE1,1
T03,3-202-2023-421,202,2008-11-08,0,K1BE1-101-1011-297,K1BE1,1
T04,4-204-2043-288,204,2008-11-08,0,K1BE1-101-1011-297,K1BE1,1
T03,3-202-2023-423,202,2008-11-08,0,K1BE1-101-1011-298,K1BE1,1
T04,4-204-2043-292,204,2008-11-08,0,K1BE1-101-1011-298,K1BE1,1
T01,1-201-2011-399,201,2008-11-07,1,K1BE1-101-1011-3,K1BE1,1
T02,2-201-2011-220,201,2008-11-07,0,K1BE1-101-1011-3,K1BE1,1
T03,3-202-2023-46,202,2008-11-07,0,K1BE1-101-1011-3,K1BE1,1
T04,4-202-2023-93,202,2008-11-07,1,K1BE1-101-1011-3,K1BE1,1
T01,1-201-2011-442,201,2008-11-08,0,K1BE1-101-1011-30,K1BE1,1
T03,3-202-2022-62,202,2008-11-07,0,K1BE1-101-1011-30,K1BE1,1
T04,4-202-2023-68,202,2008-11-07,0,K1BE1-101-1011-30,K1BE1,1
T01,1-201-2011-682,201,2008-11-08,0,K1BE1-101-1011-301,K1BE1,1
T03,3-202-2023-428,202,2008-11-08,0,K1BE1-101-1011-301,K1BE1,1
T04,4-204-2043-305,204,2008-11-08,0,K1BE1-101-1011-301,K1BE1,1
T03,3-202-2023-433,202,2008-11-08,0,K1BE1-101-1011-302,K1BE1,1
T04,4-204-2043-307,204,2008-11-08,1,K1BE1-101-1011-302,K1BE1,1
T02,2-201-2011-1159,201,2008-11-10,0,K1BE1-101-1011-304,K1BE1,1
T03,3-202-2023-443,202,2008-11-08,0,K1BE1-101-1011-305,K1BE1,1
T04,4-204-2043-315,204,2008-11-08,0,K1BE1-101-1011-305,K1BE1,1
T02,2-201-2011-1405,201,2008-11-11,0,K1BE1-101-1011-306,K1BE1,1
T03,3-202-2023-446,202,2008-11-08,0,K1BE1-101-1011-306,K1BE1,1
T04,4-204-2043-320,204,2008-11-08,1,K1BE1-101-1011-306,K1BE1,1
T01,1-201-2011-1024,201,2008-11-09,1,K1BE1-101-1011-307,K1BE1,1
T02,2-201-2011-1335,201,2008-11-11,0,K1BE1-101-1011-307,K1BE1,1
T03,3-202-2023-455,202,2008-11-08,0,K1BE1-101-1011-307,K1BE1,1
T04,4-204-2043-326,204,2008-11-08,0,K1BE1-101-1011-307,K1BE1,1
T01,1-201-2011-485,201,2008-11-08,1,K1BE1-101-1011-309,K1BE1,1
T02,2-201-2011-560,201,2008-11-08,0,K1BE1-101-1011-309,K1BE1,1
T03,3-202-2022-65,202,2008-11-07,0,K1BE1-101-1011-31,K1BE1,1
T04,4-202-2023-72,202,2008-11-07,0,K1BE1-101-1011-31,K1BE1,1
T01,1-201-2011-632,201,2008-11-08,0,K1BE1-101-1011-311,K1BE1,1
T02,2-201-2011-887,201,2008-11-09,0,K1BE1-101-1011-311,K1BE1,1
T03,3-202-2023-471,202,2008-11-08,0,K1BE1-101-1011-311,K1BE1,1
T04,4-204-2043-336,204,2008-11-08,0,K1BE1-101-1011-311,K1BE1,1
T03,3-202-2023-472,202,2008-11-08,0,K1BE1-101-1011-312,K1BE1,1
T04,4-204-2043-341,204,2008-11-08,1,K1BE1-101-1011-312,K1BE1,1
T01,1-201-2011-695,201,2008-11-08,0,K1BE1-101-1011-315,K1BE1,1
T03,3-202-2023-479,202,2008-11-08,0,K1BE1-101-1011-315,K1BE1,1
T04,4-204-2043-353,204,2008-11-08,0,K1BE1-101-1011-315,K1BE1,1
T01,1-201-2011-1172,201,2008-11-09,0,K1BE1-101-1011-316,K1BE1,1
T01,1-201-2011-121,201,2008-11-07,0,K1BE1-101-1011-32,K1BE1,1
T02,2-201-2011-196,201,2008-11-07,0,K1BE1-101-1011-32,K1BE1,1
T03,3-202-2023-1,202,2008-11-07,0,K1BE1-101-1011-32,K1BE1,1
T04,4-202-2023-78,202,2008-11-07,1,K1BE1-101-1011-32,K1BE1,1
T03,3-202-2023-513,202,2008-11-08,0,K1BE1-101-1011-320,K1BE1,1
T04,4-204-2043-374,204,2008-11-08,0,K1BE1-101-1011-320,K1BE1,1
T02,2-201-2011-717,201,2008-11-09,0,K1BE1-101-1011-321,K1BE1,1
T03,3-202-2023-515,202,2008-11-08,0,K1BE1-101-1011-322,K1BE1,1
T04,4-204-2043-385,204,2008-11-08,1,K1BE1-101-1011-322,K1BE1,1
T03,3-202-2023-517,202,2008-11-08,0,K1BE1-101-1011-324,K1BE1,1
T04,4-204-2043-389,204,2008-11-08,0,K1BE1-101-1011-324,K1BE1,1
T01,1-201-2011-885,201,2008-11-09,0,K1BE1-101-1011-325,K1BE1,1
T03,3-202-2023-520,202,2008-11-08,0,K1BE1-101-1011-325,K1BE1,1
T04,4-204-2043-393,204,2008-11-08,0,K1BE1-101-1011-325,K1BE1,1
T02,2-201-2011-1266,201,2008-11-10,1,K1BE1-101-1011-326,K1BE1,1
T02,2-201-2011-758,201,2008-11-09,0,K1BE1-101-1011-328,K1BE1,1
T01,1-201-2011-638,201,2008-11-08,0,K1BE1-101-1011-329,K1BE1,1
T03,3-202-2023-539,202,2008-11-08,0,K1BE1-101-1011-329,K1BE1,1
T04,4-204-2043-415,204,2008-11-08,0,K1BE1-101-1011-329,K1BE1,1
T01,1-201-2011-299,201,2008-11-07,1,K1BE1-101-1011-33,K1BE1,1
T03,3-202-2023-2,202,2008-11-07,0,K1BE1-101-1011-33,K1BE1,1
T04,4-202-2023-79,202,2008-11-07,0,K1BE1-101-1011-33,K1BE1,1
T03,3-202-2023-542,202,2008-11-08,0,K1BE1-101-1011-330,K1BE1,1
T04,4-204-2043-419,204,2008-11-08,0,K1BE1-101-1011-330,K1BE1,1
T01,1-201-2011-941,201,2008-11-09,1,K1BE1-101-1011-331,K1BE1,1
T03,3-202-2023-547,202,2008-11-08,0,K1BE1-101-1011-331,K1BE1,1
T04,4-204-2043-420,204,2008-11-08,0,K1BE1-101-1011-331,K1BE1,1
T03,3-202-2023-557,202,2008-11-08,0,K1BE1-101-1011-333,K1BE1,1
T04,4-204-2043-432,204,2008-11-08,0,K1BE1-101-1011-333,K1BE1,1
T02,2-201-2011-697,201,2008-11-09,0,K1BE1-101-1011-334,K1BE1,1
T03,3-202-2023-561,202,2008-11-08,0,K1BE1-101-1011-334,K1BE1,1
T04,4-204-2043-436,204,2008-11-08,0,K1BE1-101-1011-334,K1BE1,1
T01,1-201-2011-678,201,2008-11-08,0,K1BE1-101-1011-337,K1BE1,1
T03,3-202-2023-573,202,2008-11-08,0,K1BE1-101-1011-338,K1BE1,1
T04,4-204-2043-460,204,2008-11-08,0,K1BE1-101-1011-338,K1BE1,1
T02,2-201-2011-1230,201,2008-11-10,0,K1BE1-101-1011-339,K1BE1,1
T03,3-202-2023-5,202,2008-11-07,0,K1BE1-101-1011-34,K1BE1,1
T04,4-202-2023-81,202,2008-11-07,0,K1BE1-101-1011-34,K1BE1,1
T03,3-201-2011-9,201,2008-11-08,1,K1BE1-101-1011-341,K1BE1,1
T04,4-204-2043-469,204,2008-11-08,0,K1BE1-101-1011-341,K1BE1,1
T02,2-201-2011-993,201,2008-11-10,0,K1BE1-101-1011-342,K1BE1,1
T01,1-201-2011-1055,201,2008-11-09,1,K1BE1-101-1011-343,K1BE1,1
T03,3-201-2012-35,201,2008-11-08,0,K1BE1-101-1011-344,K1BE1,1
T04,4-202-2023-248,202,2008-11-09,1,K1BE1-101-1011-344,K1BE1,1
T02,2-201-2011-917,201,2008-11-09,0,K1BE1-101-1011-345,K1BE1,1
T03,3-201-2012-37,201,2008-11-08,0,K1BE1-101-1011-345,K1BE1,1
T04,4-202-2023-249,202,2008-11-09,0,K1BE1-101-1011-345,K1BE1,1
T03,3-201-2012-41,201,2008-11-08,0,K1BE1-101-1011-347,K1BE1,1
T04,4-202-2023-251,202,2008-11-09,0,K1BE1-101-1011-347,K1BE1,1
T01,1-201-2011-1271,201,2008-11-09,1,K1BE1-101-1011-348,K1BE1,1
T03,3-201-2012-43,201,2008-11-08,0,K1BE1-101-1011-348,K1BE1,1
T04,4-202-2023-254,202,2008-11-09,0,K1BE1-101-1011-348,K1BE1,1
T01,1-201-2011-356,201,2008-11-07,1,K1BE1-101-1011-35,K1BE1,1
T03,3-202-2023-9,202,2008-11-07,0,K1BE1-101-1011-35,K1BE1,1
T04,4-202-2023-83,202,2008-11-07,0,K1BE1-101-1011-35,K1BE1,1
T01,1-201-2011-540,201,2008-11-08,0,K1BE1-101-1011-351,K1BE1,1
T03,3-201-2012-56,201,2008-11-08,0,K1BE1-101-1011-352,K1BE1,1
T04,4-202-2023-262,202,2008-11-09,0,K1BE1-101-1011-352,K1BE1,1
T01,1-201-2011-790,201,2008-11-08,1,K1BE1-101-1011-353,K1BE1,1
T03,3-202-2023-672,202,2008-11-09,0,K1BE1-101-1011-355175,K1BE1,1
T04,4-202-2023-366,202,2008-11-09,0,K1BE1-101-1011-355175,K1BE1,1
T02,2-201-2011-1375,201,2008-11-11,0,K1BE1-101-1011-355789,K1BE1,1
T02,2-201-2011-686,201,2008-11-09,1,K1BE1-101-1011-356,K1BE1,1
T03,3-202-2023-673,202,2008-11-09,0,K1BE1-101-1011-356602,K1BE1,1
T04,4-204-2042-107,204,2008-11-09,0,K1BE1-101-1011-356602,K1BE1,1
T01,1-201-2011-495,201,2008-11-08,0,K1BE1-101-1011-357,K1BE1,1
T01,1-201-2011-223,201,2008-11-07,0,K1BE1-101-1011-358,K1BE1,1
T03,3-202-2022-154,202,2008-11-09,0,K1BE1-101-1011-358,K1BE1,1
T04,4-202-2023-276,202,2008-11-09,0,K1BE1-101-1011-358,K1BE1,1
T02,2-201-2011-871,201,2008-11-09,0,K1BE1-101-1011-359,K1BE1,1
T01,1-201-2011-250,201,2008-11-07,0,K1BE1-101-1011-36,K1BE1,1
T02,2-201-2011-316,201,2008-11-07,0,K1BE1-101-1011-36,K1BE1,1
T03,3-202-2023-11,202,2008-11-07,0,K1BE1-101-1011-36,K1BE1,1
T04,4-202-2023-85,202,2008-11-07,1,K1BE1-101-1011-36,K1BE1,1
T01,1-201-2011-617,201,2008-11-08,0,K1BE1-101-1011-361,K1BE1,1
T03,3-202-2022-168,202,2008-11-09,1,K1BE1-101-1011-361,K1BE1,1
T04,4-202-2023-281,202,2008-11-09,0,K1BE1-101-1011-361,K1BE1,1
T01,1-201-2011-1162,201,2008-11-09,1,K1BE1-101-1011-364,K1BE1,1
T03,3-202-2022-171,202,2008-11-09,0,K1BE1-101-1011-364,K1BE1,1
T04,4-202-2023-286,202,2008-11-09,0,K1BE1-101-1011-364,K1BE1,1
T02,2-201-2011-1085,201,2008-11-10,0,K1BE1-101-1011-365,K1BE1,1
T03,3-202-2023-490,202,2008-11-08,0,K1BE1-101-1011-368,K1BE1,1
T04,4-204-2043-468,204,2008-11-08,0,K1BE1-101-1011-368,K1BE1,1
T02,2-201-2011-1498,201,2008-11-11,0,K1BE1-101-1011-372,K1BE1,1
T01,1-201-2011-295,201,2008-11-07,0,K1BE1-101-1011-374,K1BE1,1
T02,2-201-2011-1160,201,2008-11-10,0,K1BE1-101-1011-374,K1BE1,1
T03,3-202-2022-151,202,2008-11-09,0,K1BE1-101-1011-378,K1BE1,1
T04,4-202-2023-296,202,2008-11-09,0,K1BE1-101-1011-378,K1BE1,1
T01,1-201-2011-435,201,2008-11-07,0,K1BE1-101-1011-38,K1BE1,1
T03,3-202-2023-22,202,2008-11-07,0,K1BE1-101-1011-38,K1BE1,1
T04,4-202-2023-92,202,2008-11-07,0,K1BE1-101-1011-38,K1BE1,1
T02,2-201-2011-1024,201,2008-11-10,0,K1BE1-101-1011-380,K1BE1,1
T02,2-201-2011-1506,201,2008-11-11,0,K1BE1-101-1011-381,K1BE1,1
T02,2-201-2011-1622,201,2008-11-11,0,K1BE1-101-1011-382,K1BE1,1
T03,3-202-2022-188,202,2008-11-09,0,K1BE1-101-1011-385,K1BE1,1
T04,4-202-2023-330,202,2008-11-09,0,K1BE1-101-1011-385,K1BE1,1
T03,3-202-2022-193,202,2008-11-09,0,K1BE1-101-1011-388,K1BE1,1
T04,4-202-2023-346,202,2008-11-09,0,K1BE1-101-1011-388,K1BE1,1
T02,2-201-2011-216,201,2008-11-07,0,K1BE1-101-1011-39,K1BE1,1
T03,3-202-2023-24,202,2008-11-07,0,K1BE1-101-1011-39,K1BE1,1
T04,4-202-2023-94,202,2008-11-07,0,K1BE1-101-1011-39,K1BE1,1
T02,2-201-2011-1064,201,2008-11-10,0,K1BE1-101-1011-390,K1BE1,1
T03,3-202-2022-198,202,2008-11-09,0,K1BE1-101-1011-390,K1BE1,1
T04,4-202-2023-360,202,2008-11-09,1,K1BE1-101-1011-390,K1BE1,1
T03,3-202-2022-205,202,2008-11-09,0,K1BE1-101-1011-392,K1BE1,1
T04,4-204-2042-101,204,2008-11-09,0,K1BE1-101-1011-392,K1BE1,1
T02,2-201-2011-1451,201,2008-11-11,0,K1BE1-101-1011-393,K1BE1,1
T02,2-201-2011-1517,201,2008-11-11,1,K1BE1-101-1011-399,K1BE1,1
T01,1-201-2011-335,201,2008-11-07,0,K1BE1-101-1011-4,K1BE1,1
T03,3-202-2023-149,202,2008-11-07,1,K1BE1-101-1011-4,K1BE1,1
T04,4-204-2042-18,204,2008-11-07,0,K1BE1-101-1011-4,K1BE1,1
T03,3-202-2023-26,202,2008-11-07,0,K1BE1-101-1011-40,K1BE1,1
T04,4-202-2023-98,202,2008-11-07,0,K1BE1-101-1011-40,K1BE1,1
T02,2-201-2011-970,201,2008-11-09,0,K1BE1-101-1011-400,K1BE1,1
T02,2-201-2011-1475,201,2008-11-11,0,K1BE1-101-1011-402,K1BE1,1
T02,2-201-2011-928,201,2008-11-09,0,K1BE1-101-1011-403,K1BE1,1
T02,2-201-2011-1318,201,2008-11-11,1,K1BE1-101-1011-405,K1BE1,1
T02,2-201-2011-1092,201,2008-11-10,0,K1BE1-101-1011-407,K1BE1,1
T01,1-201-2011-1273,201,2008-11-09,0,K1BE1-101-1011-409,K1BE1,1
T02,2-201-2011-832,201,2008-11-09,0,K1BE1-101-1011-409,K1BE1,1
T03,3-202-2023-28,202,2008-11-07,0,K1BE1-101-1011-41,K1BE1,1
T04,4-202-2023-100,202,2008-11-07,1,K1BE1-101-1011-41,K1BE1,1
T03,3-202-2023-632,202,2008-11-09,0,K1BE1-101-1011-411,K1BE1,1
T04,4-204-2043-506,204,2008-11-09,0,K1BE1-101-1011-411,K1BE1,1
T02,2-201-2011-1283,201,2008-11-10,0,K1BE1-101-1011-412,K1BE1,1
T03,3-202-2023-668,202,2008-11-09,0,K1BE1-101-1011-416,K1BE1,1
T04,4-204-2043-525,204,2008-11-09,1,K1BE1-101-1011-416,K1BE1,1
T01,1-201-2011-1120,201,2008-11-09,0,K1BE1-101-1011-419,K1BE1,1
T02,2-201-2011-1360,201,2008-11-11,1,K1BE1-101-1011-419,K1BE1,1
T03,3-202-2023-681,202,2008-11-09,0,K1BE1-101-1011-419,K1BE1,1
T04,4-204-2043-540,204,2008-11-09,0,K1BE1-101-1011-419,K1BE1,1
T01,1-201-2011-30,201,2008-11-07,0,K1BE1-101-1011-42,K1BE1,1
T03,3-202-2023-34,202,2008-11-07,0,K1BE1-101-1011-42,K1BE1,1
T04,4-202-2023-107,202,2008-11-07,0,K1BE1-101-1011-42,K1BE1,1
T02,2-201-2011-1068,201,2008-11-10,1,K1BE1-101-1011-422,K1BE1,1
T02,2-201-2011-1268,201,2008-11-10,0,K1BE1-101-1011-423,K1BE1,1
T02,2-201-2011-1257,201,2008-11-10,0,K1BE1-101-1011-427,K1BE1,1
T01,1-201-2011-416,201,2008-11-07,0,K1BE1-101-1011-43,K1BE1,1
T03,3-202-2023-35,202,2008-11-07,0,K1BE1-101-1011-43,K1BE1,1
T04,4-202-2023-108,202,2008-11-07,0,K1BE1-101-1011-43,K1BE1,1
T02,2-201-2011-600,201,2008-11-08,1,K1BE1-101-1011-430,K1BE1,1
T02,2-201-2011-1231,201,2008-11-10,0,K1BE1-101-1011-431,K1BE1,1
T03,3-202-2023-735,202,2008-11-09,0,K1BE1-101-1011-433,K1BE1,1
T04,4-204-2043-606,204,2008-11-09,0,K1BE1-101-1011-433,K1BE1,1
T01,1-201-2011-581,201,2008-11-08,0,K1BE1-101-1011-435,K1BE1,1
T02,2-201-2011-1523,201,2008-11-11,0,K1BE1-101-1011-436,K1BE1,1
T03,3-202-2023-745,202,2008-11-09,0,K1BE1-101-1011-436,K1BE1,1
T04,4-204-2043-618,204,2008-11-09,0,K1BE1-101-1011-436,K1BE1,1
T03,3-202-2023-746,202,2008-11-09,0,K1BE1-101-1011-437,K1BE1,1
T04,4-204-2043-621,204,2008-11-09,0,K1BE1-101-1011-437,K1BE1,1
T03,3-202-2023-752,202,2008-11-09,0,K1BE1-101-1011-438,K1BE1,1
T04,4-204-2043-622,204,2008-11-09,1,K1BE1-101-1011-438,K1BE1,1
T02,2-201-2011-618,201,2008-11-08,0,K1BE1-101-1011-439,K1BE1,1
T01,1-201-2011-437,201,2008-11-07,1,K1BE1-101-1011-44,K1BE1,1
T03,3-202-2023-38,202,2008-11-07,0,K1BE1-101-1011-44,K1BE1,1
T04,4-202-2023-109,202,2008-11-07,1,K1BE1-101-1011-44,K1BE1,1
T02,2-201-2011-1137,201,2008-11-10,0,K1BE1-101-1011-442,K1BE1,1
T03,3-202-2023-783,202,2008-11-09,1,K1BE1-101-1011-444,K1BE1,1
T04,4-204-2043-652,204,2008-11-09,0,K1BE1-101-1011-444,K1BE1,1
T02,2-201-2011-875,201,2008-11-09,0,K1BE1-101-1011-445,K1BE1,1
T02,2-201-2011-1509,201,2008-11-11,0,K1BE1-101-1011-447,K1BE1,1
T02,2-201-2011-1628,201,2008-11-11,1,K1BE1-101-1011-448,K1BE1,1
T01,1-201-2011-383,201,2008-11-07,0,K1BE1-101-1011-45,K1BE1,1
T03,3-202-2023-51,202,2008-11-07,0,K1BE1-101-1011-45,K1BE1,1
T04,4-202-2023-112,202,2008-11-07,0,K1BE1-101-1011-45,K1BE1,1
T02,2-201-2011-1020,201,2008-11-10,0,K1BE1-101-1011-451,K1BE1,1
T03,3-202-2023-810,202,2008-11-09,0,K1BE1-101-1011-452,K1BE1,1
T04,4-204-2043-707,204,2008-11-09,1,K1BE1-101-1011-452,K1BE1,1
T03,3-202-2023-814,202,2008-11-09,1,K1BE1-101-1011-453,K1BE1,1
T04,4-202-2023-369,202,2008-11-10,0,K1BE1-101-1011-453,K1BE1,1
T02,2-201-2011-1262,201,2008-11-10,0,K1BE1-101-1011-455,K1BE1,1
T03,3-202-2023-842,202,2008-11-09,0,K1BE1-101-1011-456,K1BE1,1
T04,4-202-2023-377,202,2008-11-10,0,K1BE1-101-1011-456,K1BE1,1
T03,3-202-2023-58,202,2008-11-07,0,K1BE1-101-1011-46,K1BE1,1
T04,4-204-2042-3,204,2008-11-07,0,K1BE1-101-1011-46,K1BE1,1
T02,2-201-2011-787,201,2008-11-09,0,K1BE1-101-1011-462,K1BE1,1
T02,2-201-2011-789,201,2008-11-09,0,K1BE1-101-1011-467,K1BE1,1
T03,3-202-2023-60,202,2008-11-07,0,K1BE1-101-1011-47,K1BE1,1
T04,4-204-2042-8,204,2008-11-07,1,K1BE1-101-1011-47,K1BE1,1
T02,2-201-2011-1553,201,2008-11-11,1,K1BE1-101-1011-470,K1BE1,1
T02,2-201-2011-1279,201,2008-11-10,1,K1BE1-101-1011-471,K1BE1,1
T02,2-201-2011-1648,201,2008-11-12,0,K1BE1-101-1011-474,K1BE1,1
T02,2-201-2011-723,201,2008-11-09,0,K1BE1-101-1011-476,K1BE1,1
T01,1-201-2011-54,201,2008-11-07,0,K1BE1-101-1011-48,K1BE1,1
T03,3-202-2023-61,202,2008-11-07,0,K1BE1-101-1011-48,K1BE1,1
T04,4-204-2042-12,204,2008-11-07,1,K1BE1-101-1011-48,K1BE1,1
T02,2-201-2011-1411,201,2008-11-11,0,K1BE1-101-1011-481,K1BE1,1
T03,3-202-2022-250,202,2008-11-10,0,K1BE1-101-1011-482,K1BE1,1
T04,4-202-2023-432,202,2008-11-10,0,K1BE1-101-1011-482,K1BE1,1
T02,2-201-2011-937,201,2008-11-09,0,K1BE1-101-1011-483,K1BE1,1
T03,3-202-2022-251,202,2008-11-10,0,K1BE1-101-1011-483,K1BE1,1
T04,4-202-2023-438,202,2008-11-10,0,K1BE1-101-1011-483,K1BE1,1
T02,2-201-2011-892,201,2008-11-09,0,K1BE1-101-1011-484,K1BE1,1
T02,2-201-2011-1071,201,2008-11-10,0,K1BE1-101-1011-486,K1BE1,1
T02,2-201-2011-1168,201,2008-11-10,0,K1BE1-101-1011-487,K1BE1,1
T02,2-201-2011-1187,201,2008-11-10,0,K1BE1-101-1011-488,K1BE1,1
T02,2-201-2011-1748,201,2008-11-12,0,K1BE1-101-1011-489,K1BE1,1
T01,1-201-2011-282,201,2008-11-07,0,K1BE1-101-1011-49,K1BE1,1
T03,3-202-2023-63,202,2008-11-07,0,K1BE1-101-1011-49,K1BE1,1
T04,4-204-2042-16,204,2008-11-07,0,K1BE1-101-1011-49,K1BE1,1
T02,2-201-2011-1877,201,2008-11-12,0,K1BE1-101-1011-491,K1BE1,1
T02,2-201-2011-1588,201,2008-11-11,0,K1BE1-101-1011-492,K1BE1,1
T02,2-201-2011-1820,201,2008-11-12,0,K1BE1-101-1011-495,K1BE1,1
T02,2-201-2011-1112,201,2008-11-10,0,K1BE1-101-1011-497,K1BE1,1
T02,2-201-2011-1867,201,2008-11-12,0,K1BE1-101-1011-499,K1BE1,1
T03,3-202-2023-152,202,2008-11-07,0,K1BE1-101-1011-5,K1BE1,1
T04,4-204-2042-40,204,2008-11-07,0,K1BE1-101-1011-5,K1BE1,1
T03,3-202-2023-65,202,2008-11-07,0,K1BE1-101-1011-50,K1BE1,1
T04,4-204-2042-17,204,2008-11-07,0,K1BE1-101-1011-50,K1BE1,1
T02,2-201-2011-1974,201,2008-11-12,1,K1BE1-101-1011-500,K1BE1,1
T02,2-201-2011-1017,201,2008-11-10,0,K1BE1-101-1011-503,K1BE1,1
T02,2-201-2011-1361,201,2008-11-11,0,K1BE1-101-1011-504,K1BE1,1
T02,2-201-2011-498,201,2008-11-08,0,K1BE1-101-1011-51,K1BE1,1
T03,3-202-2023-69,202,2008-11-07,0,K1BE1-101-1011-51,K1BE1,1
T04,4-204-2042-20,204,2008-11-07,1,K1BE1-101-1011-51,K1BE1,1
T02,2-201-2011-1608,201,2008-11-11,0,K1BE1-101-1011-510,K1BE1,1
T02,2-201-2011-1476,201,2008-11-11,0,K1BE1-101-1011-519,K1BE1,1
T03,3-202-2023-70,202,2008-11-07,0,K1BE1-101-1011-52,K1BE1,1
T04,4-204-2042-22,204,2008-11-07,0,K1BE1-101-1011-52,K1BE1,1
T02,2-201-2011-1227,201,2008-11-10,0,K1BE1-101-1011-528,K1BE1,1
T03,3-202-2023-76,202,2008-11-07,0,K1BE1-101-1011-53,K1BE1,1
T04,4-204-2042-23,204,2008-11-07,0,K1BE1-101-1011-53,K1BE1,1
T02,2-201-2011-81,201,2008-11-07,0,K1BE1-101-1011-54,K1BE1,1
T03,3-202-2023-77,202,2008-11-07,0,K1BE1-101-1011-54,K1BE1,1
T04,4-204-2042-24,204,2008-11-07,0,K1BE1-101-1011-54,K1BE1,1
T02,2-201-2011-1089,201,2008-11-10,0,K1BE1-101-1011-544,K1BE1,1
T02,2-201-2011-1789,201,2008-11-12,0,K1BE1-101-1011-546,K1BE1,1
T01,1-201-2011-72,201,2008-11-07,1,K1BE1-101-1011-55,K1BE1,1
T03,3-202-2023-79,202,2008-11-07,0,K1BE1-101-1011-55,K1BE1,1
T04,4-204-2042-39,204,2008-11-07,0,K1BE1-101-1011-55,K1BE1,1
T02,2-201-2011-1315,201,2008-11-10,0,K1BE1-101-1011-550,K1BE1,1
T02,2-201-2011-1347,201,2008-11-11,0,K1BE1-101-1011-551,K1BE1,1
T02,2-201-2011-1571,201,2008-11-11,1,K1BE1-101-1011-552,K1BE1,1
T02,2-201-2011-1624,201,2008-11-11,0,K1BE1-101-1011-556,K1BE1,1
T02,2-201-2011-753,201,2008-11-09,0,K1BE1-101-1011-558,K1BE1,1
T02,2-201-2011-1575,201,2008-11-11,1,K1BE1-101-1011-559,K1BE1,1
T01,1-201-2011-291,201,2008-11-07,0,K1BE1-101-1011-56,K1BE1,1
T03,3-202-2023-81,202,2008-11-07,0,K1BE1-101-1011-56,K1BE1,1
T04,4-204-2042-45,204,2008-11-07,0,K1BE1-101-1011-56,K1BE1,1
T02,2-201-2011-1151,201,2008-11-10,0,K1BE1-101-1011-564,K1BE1,1
T02,2-201-2011-1541,201,2008-11-11,0,K1BE1-101-1011-566,K1BE1,1
T02,2-201-2011-1355,201,2008-11-11,0,K1BE1-101-1011-567,K1BE1,1
T02,2-201-2011-311,201,2008-11-07,0,K1BE1-101-1011-57,K1BE1,1
T03,3-202-2023-90,202,2008-11-07,0,K1BE1-101-1011-57,K1BE1,1
T04,4-204-2042-47,204,2008-11-07,0,K1BE1-101-1011-57,K1BE1,1
T02,2-201-2011-1687,201,2008-11-12,0,K1BE1-101-1011-572,K1BE1,1
T02,2-201-2011-670,201,2008-11-09,0,K1BE1-101-1011-576,K1BE1,1
T02,2-201-2011-1424,201,2008-11-11,0,K1BE1-101-1011-579,K1BE1,1
T03,3-202-2023-92,202,2008-11-07,0,K1BE1-101-1011-58,K1BE1,1
T04,4-204-2042-48,204,2008-11-07,0,K1BE1-101-1011-58,K1BE1,1
T02,2-201-2011-1156,201,2008-11-10,0,K1BE1-101-1011-583,K1BE1,1
T02,2-201-2011-285,201,2008-11-07,0,K1BE1-101-1011-59,K1BE1,1
T03,3-202-2023-97,202,2008-11-07,1,K1BE1-101-1011-59,K1BE1,1
T04,4-204-2043-1,204,2008-11-07,0,K1BE1-101-1011-59,K1BE1,1
T02,2-201-2011-1061,201,2008-11-10,0,K1BE1-101-1011-591,K1BE1,1
T02,2-201-2011-473,201,2008-11-08,0,K1BE1-101-1011-594,K1BE1,1
T02,2-201-2011-56,201,2008-11-07,1,K1BE1-101-1011-6,K1BE1,1
T03,3-202-2023-209,202,2008-11-07,0,K1BE1-101-1011-6,K1BE1,1
T04,4-204-2043-9,204,2008-11-07,0,K1BE1-101-1011-6,K1BE1,1
T03,3-202-2023-100,202,2008-11-07,1,K1BE1-101-1011-60,K1BE1,1
T04,4-204-2043-5,204,2008-11-07,0,K1BE1-101-1011-60,K1BE1,1
T03,3-202-2023-101,202,2008-11-07,1,K1BE1-101-1011-61,K1BE1,1
T04,4-204-2043-10,204,2008-11-07,0,K1BE1-101-1011-61,K1BE1,1
T02,2-201-2011-947,201,2008-11-09,0,K1BE1-101-1011-610,K1BE1,1
T03,3-202-2023-109,202,2008-11-07,0,K1BE1-101-1011-62,K1BE1,1
T04,4-204-2043-13,204,2008-11-07,0,K1BE1-101-1011-62,K1BE1,1
T03,3-202-2023-113,202,2008-11-07,0,K1BE1-101-1011-63,K1BE1,1
T04,4-204-2043-15,204,2008-11-07,0,K1BE1-101-1011-63,K1BE1,1
T03,3-202-2023-114,202,2008-11-07,0,K1BE1-101-1011-64,K1BE1,1
T04,4-204-2043-16,204,2008-11-07,0,K1BE1-101-1011-64,K1BE1,1
T02,2-201-2011-1861,201,2008-11-12,0,K1BE1-101-1011-643,K1BE1,1
T02,2-201-2011-1834,201,2008-11-12,0,K1BE1-101-1011-647,K1BE1,1
T03,3-202-2023-117,202,2008-11-07,0,K1BE1-101-1011-65,K1BE1,1
T04,4-204-2043-17,204,2008-11-07,0,K1BE1-101-1011-65,K1BE1,1
T02,2-201-2011-1464,201,2008-11-11,0,K1BE1-101-1011-651,K1BE1,1
T02,2-201-2011-1844,201,2008-11-12,0,K1BE1-101-1011-652,K1BE1,1
T02,2-201-2011-1319,201,2008-11-11,0,K1BE1-101-1011-654,K1BE1,1
T03,3-202-2023-118,202,2008-11-07,0,K1BE1-101-1011-66,K1BE1,1
T04,4-204-2043-25,204,2008-11-07,0,K1BE1-101-1011-66,K1BE1,1
T02,2-201-2011-1944,201,2008-11-12,1,K1BE1-101-1011-662,K1BE1,1
T02,2-201-2011-2084,201,2008-11-13,1,K1BE1-101-1011-667,K1BE1,1
T02,2-201-2011-1218,201,2008-11-10,0,K1BE1-101-1011-668,K1BE1,1
T03,3-202-2023-120,202,2008-11-07,0,K1BE1-101-1011-67,K1BE1,1
T04,4-204-2043-26,204,2008-11-07,0,K1BE1-101-1011-67,K1BE1,1
T02,2-201-2011-1863,201,2008-11-12,0,K1BE1-101-1011-673,K1BE1,1
T02,2-201-2011-1744,201,2008-11-12,0,K1BE1-101-1011-674,K1BE1,1
T03,3-202-2023-126,202,2008-11-07,0,K1BE1-101-1011-68,K1BE1,1
T04,4-204-2043-27,204,2008-11-07,0,K1BE1-101-1011-68,K1BE1,1
T02,2-201-2011-2231,201,2008-11-13,0,K1BE1-101-1011-681,K1BE1,1
T02,2-201-2011-1372,201,2008-11-11,0,K1BE1-101-1011-684,K1BE1,1
T03,3-202-2023-129,202,2008-11-07,0,K1BE1-101-1011-69,K1BE1,1
T04,4-204-2043-29,204,2008-11-07,0,K1BE1-101-1011-69,K1BE1,1
T02,2-201-2011-2274,201,2008-11-13,0,K1BE1-101-1011-697,K1BE1,1
T03,3-202-2023-249,202,2008-11-07,0,K1BE1-101-1011-7,K1BE1,1
T04,4-204-2043-113,204,2008-11-07,0,K1BE1-101-1011-7,K1BE1,1
T01,1-201-2011-164,201,2008-11-07,0,K1BE1-101-1011-70,K1BE1,1
T02,2-201-2011-329,201,2008-11-07,0,K1BE1-101-1011-70,K1BE1,1
T03,3-202-2023-131,202,2008-11-07,0,K1BE1-101-1011-70,K1BE1,1
T04,4-204-2043-33,204,2008-11-07,0,K1BE1-101-1011-70,K1BE1,1
T02,2-201-2011-1003,201,2008-11-10,0,K1BE1-101-1011-702,K1BE1,1
T02,2-201-2011-1754,201,2008-11-12,0,K1BE1-101-1011-706,K1BE1,1
T03,3-202-2023-132,202,2008-11-07,0,K1BE1-101-1011-71,K1BE1,1
T04,4-204-2043-35,204,2008-11-07,0,K1BE1-101-1011-71,K1BE1,1
T02,2-201-2011-2051,201,2008-11-13,0,K1BE1-101-1011-718,K1BE1,1
T03,3-202-2023-133,202,2008-11-07,0,K1BE1-101-1011-72,K1BE1,1
T04,4-204-2043-42,204,2008-11-07,1,K1BE1-101-1011-72,K1BE1,1
T02,2-201-2011-269,201,2008-11-07,0,K1BE1-101-1011-73,K1BE1,1
T03,3-202-2023-141,202,2008-11-07,0,K1BE1-101-1011-73,K1BE1,1
T04,4-204-2043-46,204,2008-11-07,1,K1BE1-101-1011-73,K1BE1,1
T02,2-201-2011-1374,201,2008-11-11,0,K1BE1-101-1011-732,K1BE1,1
T02,2-201-2011-1534,201,2008-11-11,0,K1BE1-101-1011-737,K1BE1,1
T01,1-201-2011-22,201,2008-11-07,0,K1BE1-101-1011-74,K1BE1,1
T03,3-202-2023-145,202,2008-11-07,0,K1BE1-101-1011-74,K1BE1,1
T04,4-204-2043-47,204,2008-11-07,0,K1BE1-101-1011-74,K1BE1,1
T02,2-201-2011-1690,201,2008-11-12,0,K1BE1-101-1011-745,K1BE1,1
T01,1-201-2011-216,201,2008-11-07,1,K1BE1-101-1011-75,K1BE1,1
T02,2-201-2011-88,201,2008-11-07,0,K1BE1-101-1011-75,K1BE1,1
T03,3-202-2023-147,202,2008-11-07,0,K1BE1-101-1011-75,K1BE1,1
T04,4-204-2043-49,204,2008-11-07,1,K1BE1-101-1011-75,K1BE1,1
T02,2-201-2011-1742,201,2008-11-12,0,K1BE1-101-1011-755,K1BE1,1
T02,2-201-2011-1473,201,2008-11-11,0,K1BE1-101-1011-759,K1BE1,1
T03,3-202-2023-151,202,2008-11-07,0,K1BE1-101-1011-76,K1BE1,1
T04,4-204-2043-57,204,2008-11-07,0,K1BE1-101-1011-76,K1BE1,1
T02,2-201-2011-2592,201,2008-11-14,0,K1BE1-101-1011-764,K1BE1,1
T02,2-201-2011-2291,201,2008-11-13,0,K1BE1-101-1011-766,K1BE1,1
T03,3-202-2023-153,202,2008-11-07,0,K1BE1-101-1011-77,K1BE1,1
T04,4-204-2043-58,204,2008-11-07,0,K1BE1-101-1011-77,K1BE1,1
T02,2-201-2011-1774,201,2008-11-12,0,K1BE1-101-1011-778,K1BE1,1
T02,2-201-2011-203,201,2008-11-07,0,K1BE1-101-1011-78,K1BE1,1
T03,3-202-2023-155,202,2008-11-07,0,K1BE1-101-1011-78,K1BE1,1
T04,4-204-2043-59,204,2008-11-07,0,K1BE1-101-1011-78,K1BE1,1
T02,2-201-2011-2328,201,2008-11-14,1,K1BE1-101-1011-786,K1BE1,1
T02,2-201-2011-145,201,2008-11-07,0,K1BE1-101-1011-79,K1BE1,1
T03,3-202-2023-156,202,2008-11-07,0,K1BE1-101-1011-79,K1BE1,1
T04,4-204-2043-62,204,2008-11-07,0,K1BE1-101-1011-79,K1BE1,1
T02,2-201-2011-2140,201,2008-11-13,0,K1BE1-101-1011-791,K1BE1,1
T02,2-201-2011-2138,201,2008-11-13,0,K1BE1-101-1011-795,K1BE1,1
T02,2-201-2011-2183,201,2008-11-13,1,K1BE1-101-1011-797,K1BE1,1
T02,2-201-2011-2132,201,2008-11-13,0,K1BE1-101-1011-798,K1BE1,1
T02,2-201-2011-304,201,2008-11-07,0,K1BE1-101-1011-8,K1BE1,1
T03,3-202-2023-258,202,2008-11-07,0,K1BE1-101-1011-8,K1BE1,1
T04,4-204-2043-169,204,2008-11-07,0,K1BE1-101-1011-8,K1BE1,1
T01,1-201-2011-11,201,2008-11-07,0,K1BE1-101-1011-80,K1BE1,1
T02,2-201-2011-112,201,2008-11-07,0,K1BE1-101-1011-80,K1BE1,1
T03,3-202-2023-158,202,2008-11-07,0,K1BE1-101-1011-80,K1BE1,1
T04,4-204-2043-63,204,2008-11-07,0,K1BE1-101-1011-80,K1BE1,1
T01,1-201-2011-368,201,2008-11-07,0,K1BE1-101-1011-81,K1BE1,1
T03,3-202-2023-166,202,2008-11-07,1,K1BE1-101-1011-81,K1BE1,1
T04,4-204-2043-67,204,2008-11-07,0,K1BE1-101-1011-81,K1BE1,1
T02,2-201-2011-2016,201,2008-11-13,0,K1BE1-101-1011-810,K1BE1,1
T03,3-202-2023-172,202,2008-11-07,0,K1BE1-101-1011-82,K1BE1,1
T04,4-204-2043-71,204,2008-11-07,0,K1BE1-101-1011-82,K1BE1,1
T02,2-201-2011-2178,201,2008-11-13,1,K1BE1-101-1011-822,K1BE1,1
T02,2-201-2011-2465,201,2008-11-14,1,K1BE1-101-1011-828,K1BE1,1
T01,1-201-2011-236,201,2008-11-07,0,K1BE1-101-1011-83,K1BE1,1
T03,3-202-2023-175,202,2008-11-07,0,K1BE1-101-1011-83,K1BE1,1
T04,4-204-2043-76,204,2008-11-07,0,K1BE1-101-1011-83,K1BE1,1
T02,2-201-2011-2459,201,2008-11-14,0,K1BE1-101-1011-832,K1BE1,1
T02,2-201-2011-2029,201,2008-11-13,0,K1BE1-101-1011-833,K1BE1,1
T03,3-202-2023-177,202,2008-11-07,0,K1BE1-101-1011-84,K1BE1,1
T04,4-204-2043-77,204,2008-11-07,0,K1BE1-101-1011-84,K1BE1,1
T02,2-201-2011-2285,201,2008-11-13,0,K1BE1-101-1011-848,K1BE1,1
T02,2-201-2011-121,201,2008-11-07,0,K1BE1-101-1011-85,K1BE1,1
T03,3-202-2023-179,202,2008-11-07,0,K1BE1-101-1011-85,K1BE1,1
T04,4-204-2043-82,204,2008-11-07,0,K1BE1-101-1011-85,K1BE1,1
T01,1-201-2011-222,201,2008-11-07,0,K1BE1-101-1011-86,K1BE1,1
T02,2-201-2011-1,201,2008-11-07,0,K1BE1-101-1011-86,K1BE1,1
T03,3-202-2023-182,202,2008-11-07,0,K1BE1-101-1011-86,K1BE1,1
T04,4-204-2043-85,204,2008-11-07,0,K1BE1-101-1011-86,K1BE1,1
T01,1-201-2011-294,201,2008-11-07,0,K1BE1-101-1011-87,K1BE1,1
T02,2-201-2011-125,201,2008-11-07,1,K1BE1-101-1011-87,K1BE1,1
T03,3-202-2023-184,202,2008-11-07,0,K1BE1-101-1011-87,K1BE1,1
T04,4-204-2043-86,204,2008-11-07,0,K1BE1-101-1011-87,K1BE1,1
T02,2-201-2011-2941,201,2008-11-15,0,K1BE1-101-1011-875,K1BE1,1
T03,3-202-2023-187,202,2008-11-07,0,K1BE1-101-1011-88,K1BE1,1
T04,4-204-2043-91,204,2008-11-07,0,K1BE1-101-1011-88,K1BE1,1
T03,3-202-2023-190,202,2008-11-07,0,K1BE1-101-1011-89,K1BE1,1
T04,4-204-2043-92,204,2008-11-07,0,K1BE1-101-1011-89,K1BE1,1
T03,3-202-2023-259,202,2008-11-07,0,K1BE1-101-1011-9,K1BE1,1
T04,4-202-2023-3,202,2008-11-07,0,K1BE1-101-1011-9,K1BE1,1
T01,1-201-2011-247,201,2008-11-07,0,K1BE1-101-1011-90,K1BE1,1
T03,3-202-2023-192,202,2008-11-07,0,K1BE1-101-1011-90,K1BE1,1
T04,4-204-2043-98,204,2008-11-07,0,K1BE1-101-1011-90,K1BE1,1
T03,3-202-2023-194,202,2008-11-07,0,K1BE1-101-1011-91,K1BE1,1
T04,4-204-2043-109,204,2008-11-07,0,K1BE1-101-1011-91,K1BE1,1
T02,2-201-2011-244,201,2008-11-07,1,K1BE1-101-1011-92,K1BE1,1
T03,3-202-2023-195,202,2008-11-07,1,K1BE1-101-1011-92,K1BE1,1
T04,4-204-2043-116,204,2008-11-07,1,K1BE1-101-1011-92,K1BE1,1
T02,2-201-2011-2810,201,2008-11-15,0,K1BE1-101-1011-924,K1BE1,1
T02,2-201-2011-123,201,2008-11-07,0,K1BE1-101-1011-93,K1BE1,1
T03,3-202-2023-201,202,2008-11-07,0,K1BE1-101-1011-93,K1BE1,1
T04,4-204-2043-118,204,2008-11-07,0,K1BE1-101-1011-93,K1BE1,1
T03,3-202-2023-211,202,2008-11-07,0,K1BE1-101-1011-94,K1BE1,1
T04,4-204-2043-120,204,2008-11-07,0,K1BE1-101-1011-94,K1BE1,1
T02,2-201-2011-2474,201,2008-11-14,0,K1BE1-101-1011-942,K1BE1,1
T02,2-201-2011-133,201,2008-11-07,0,K1BE1-101-1011-95,K1BE1,1
T03,3-202-2023-212,202,2008-11-07,0,K1BE1-101-1011-95,K1BE1,1
T04,4-204-2043-121,204,2008-11-07,0,K1BE1-101-1011-95,K1BE1,1
T01,1-201-2011-829,201,2008-11-08,0,K1BE1-101-1011-96,K1BE1,1
T03,3-202-2023-214,202,2008-11-07,1,K1BE1-101-1011-96,K1BE1,1
T04,4-204-2043-124,204,2008-11-07,0,K1BE1-101-1011-96,K1BE1,1
T01,1-201-2011-87,201,2008-11-07,1,K1BE1-101-1011-97,K1BE1,1
T03,3-202-2023-215,202,2008-11-07,0,K1BE1-101-1011-97,K1BE1,1
T04,4-204-2043-125,204,2008-11-07,1,K1BE1-101-1011-97,K1BE1,1
T01,1-201-2011-301,201,2008-11-07,0,K1BE1-101-1011-98,K1BE1,1
T03,3-202-2023-222,202,2008-11-07,1,K1BE1-101-1011-98,K1BE1,1
T04,4-204-2043-127,204,2008-11-07,0,K1BE1-101-1011-98,K1BE1,1
T01,1-201-2011-39,201,2008-11-07,0,K1BE1-101-1011-99,K1BE1,1
T02,2-201-2011-156,201,2008-11-07,0,K1BE1-101-1011-99,K1BE1,1
T03,3-202-2023-226,202,2008-11-07,0,K1BE1-101-1011-99,K1BE1,1
T04,4-204-2043-130,204,2008-11-07,0,K1BE1-101-1011-99,K1BE1,1
T03,3-201-2012-31,201,2008-11-07,0,K1BE1-102-1021-1,K1BE1,1
T04,4-204-2043-215,204,2008-11-07,0,K1BE1-102-1021-1,K1BE1,1
T02,2-201-2011-245,201,2008-11-07,0,K1BE1-102-1021-10,K1BE1,1
T03,3-202-2022-5,202,2008-11-07,1,K1BE1-102-1021-10,K1BE1,1
T04,4-204-2042-90,204,2008-11-08,0,K1BE1-102-1021-10,K1BE1,1
T03,3-202-2023-616,202,2008-11-09,0,K1BE1-102-1021-102,K1BE1,1
T04,4-202-2023-327,202,2008-11-09,0,K1BE1-102-1021-102,K1BE1,1
T02,2-201-2011-1051,201,2008-11-10,0,K1BE1-102-1021-103,K1BE1,1
T03,3-202-2023-617,202,2008-11-09,0,K1BE1-102-1021-103,K1BE1,1
T04,4-202-2023-328,202,2008-11-09,0,K1BE1-102-1021-103,K1BE1,1
T03,3-202-2023-619,202,2008-11-09,1,K1BE1-102-1021-104,K1BE1,1
T04,4-202-2023-331,202,2008-11-09,0,K1BE1-102-1021-104,K1BE1,1
T01,1-201-2011-1239,201,2008-11-09,1,K1BE1-102-1021-105,K1BE1,1
T02,2-201-2011-1018,201,2008-11-10,0,K1BE1-102-1021-105,K1BE1,1
T03,3-202-2023-620,202,2008-11-09,0,K1BE1-102-1021-105,K1BE1,1
T04,4-202-2023-332,202,2008-11-09,0,K1BE1-102-1021-105,K1BE1,1
T03,3-202-2023-627,202,2008-11-09,0,K1BE1-102-1021-106,K1BE1,1
T04,4-202-2023-334,202,2008-11-09,0,K1BE1-102-1021-106,K1BE1,1
T03,3-202-2023-636,202,2008-11-09,0,K1BE1-102-1021-107,K1BE1,1
T04,4-202-2023-335,202,2008-11-09,0,K1BE1-102-1021-107,K1BE1,1
T02,2-201-2011-1313,201,2008-11-10,0,K1BE1-102-1021-108,K1BE1,1
T03,3-202-2022-7,202,2008-11-07,0,K1BE1-102-1021-11,K1BE1,1
T04,4-204-2043-274,204,2008-11-08,0,K1BE1-102-1021-11,K1BE1,1
T02,2-201-2011-564,201,2008-11-08,0,K1BE1-102-1021-110,K1BE1,1
T03,3-202-2023-642,202,2008-11-09,0,K1BE1-102-1021-111,K1BE1,1
T04,4-202-2023-347,202,2008-11-09,0,K1BE1-102-1021-111,K1BE1,1
T03,3-202-2023-646,202,2008-11-09,0,K1BE1-102-1021-112,K1BE1,1
T04,4-202-2023-349,202,2008-11-09,0,K1BE1-102-1021-112,K1BE1,1
T01,1-201-2011-112,201,2008-11-07,0,K1BE1-102-1021-113,K1BE1,1
T02,2-201-2011-263,201,2008-11-07,0,K1BE1-102-1021-113,K1BE1,1
T03,3-202-2023-652,202,2008-11-09,0,K1BE1-102-1021-114,K1BE1,1
T04,4-202-2023-351,202,2008-11-09,0,K1BE1-102-1021-114,K1BE1,1
T01,1-201-2011-691,201,2008-11-08,1,K1BE1-102-1021-117,K1BE1,1
T02,2-201-2011-1084,201,2008-11-10,0,K1BE1-102-1021-117,K1BE1,1
T03,3-202-2023-660,202,2008-11-09,0,K1BE1-102-1021-117,K1BE1,1
T04,4-202-2023-356,202,2008-11-09,0,K1BE1-102-1021-117,K1BE1,1
T02,2-201-2011-1036,201,2008-11-10,0,K1BE1-102-1021-117165,K1BE1,1
T03,3-202-2022-214,202,2008-11-09,0,K1BE1-102-1021-117356,K1BE1,1
T04,4-204-2043-467,204,2008-11-08,0,K1BE1-102-1021-117356,K1BE1,1
T01,1-201-2011-1031,201,2008-11-09,0,K1BE1-102-1021-118,K1BE1,1
T01,1-201-2011-996,201,2008-11-09,1,K1BE1-102-1021-119,K1BE1,1
T03,3-202-2023-667,202,2008-11-09,0,K1BE1-102-1021-119,K1BE1,1
T04,4-202-2023-361,202,2008-11-09,0,K1BE1-102-1021-119,K1BE1,1
T01,1-201-2011-848,201,2008-11-08,1,K1BE1-102-1021-12,K1BE1,1
T03,3-202-2022-11,202,2008-11-07,1,K1BE1-102-1021-12,K1BE1,1
T04,4-204-2043-279,204,2008-11-08,1,K1BE1-102-1021-12,K1BE1,1
T02,2-201-2011-998,201,2008-11-10,0,K1BE1-102-1021-120,K1BE1,1
T02,2-201-2011-1334,201,2008-11-11,0,K1BE1-102-1021-123,K1BE1,1
T03,3-202-2022-268,202,2008-11-10,0,K1BE1-102-1021-124,K1BE1,1
T04,4-202-2023-467,202,2008-11-10,0,K1BE1-102-1021-124,K1BE1,1
T02,2-201-2011-446,201,2008-11-08,0,K1BE1-102-1021-126,K1BE1,1
T03,3-202-2022-15,202,2008-11-07,0,K1BE1-102-1021-13,K1BE1,1
T04,4-204-2043-392,204,2008-11-08,0,K1BE1-102-1021-13,K1BE1,1
T02,2-201-2011-635,201,2008-11-08,0,K1BE1-102-1021-132,K1BE1,1
T03,3-202-2022-291,202,2008-11-10,0,K1BE1-102-1021-134,K1BE1,1
T04,4-204-2042-156,204,2008-11-10,0,K1BE1-102-1021-134,K1BE1,1
T01,1-201-2011-1136,201,2008-11-09,1,K1BE1-102-1021-135,K1BE1,1
T02,2-201-2011-1552,201,2008-11-11,1,K1BE1-102-1021-135,K1BE1,1
T02,2-201-2011-1430,201,2008-11-11,0,K1BE1-102-1021-136,K1BE1,1
T02,2-201-2011-1527,201,2008-11-11,0,K1BE1-102-1021-138,K1BE1,1
T03,3-202-2023-887,202,2008-11-10,0,K1BE1-102-1021-138,K1BE1,1
T04,4-204-2042-165,204,2008-11-10,1,K1BE1-102-1021-138,K1BE1,1
T02,2-201-2011-705,201,2008-11-09,0,K1BE1-102-1021-14,K1BE1,1
T03,3-202-2022-18,202,2008-11-07,0,K1BE1-102-1021-14,K1BE1,1
T04,4-204-2043-433,204,2008-11-08,0,K1BE1-102-1021-14,K1BE1,1
T03,3-202-2023-897,202,2008-11-10,0,K1BE1-102-1021-142,K1BE1,1
T04,4-204-2042-175,204,2008-11-10,0,K1BE1-102-1021-142,K1BE1,1
T02,2-201-2011-982,201,2008-11-09,0,K1BE1-102-1021-145,K1BE1,1
T03,3-202-2023-915,202,2008-11-10,0,K1BE1-102-1021-147,K1BE1,1
T04,4-204-2042-190,204,2008-11-10,0,K1BE1-102-1021-147,K1BE1,1
T03,3-202-2023-916,202,2008-11-10,0,K1BE1-102-1021-148,K1BE1,1
T04,4-204-2042-191,204,2008-11-10,0,K1BE1-102-1021-148,K1BE1,1
T03,3-202-2022-20,202,2008-11-07,0,K1BE1-102-1021-15,K1BE1,1
T04,4-204-2043-448,204,2008-11-08,0,K1BE1-102-1021-15,K1BE1,1
T02,2-201-2011-1337,201,2008-11-11,0,K1BE1-102-1021-150,K1BE1,1
T02,2-201-2011-1346,201,2008-11-11,0,K1BE1-102-1021-151,K1BE1,1
T03,3-202-2023-935,202,2008-11-10,1,K1BE1-102-1021-157,K1BE1,1
T04,4-204-2043-728,204,2008-11-10,0,K1BE1-102-1021-157,K1BE1,1
T01,1-201-2011-1117,201,2008-11-09,0,K1BE1-102-1021-158,K1BE1,1
T02,2-201-2011-1046,201,2008-11-10,0,K1BE1-102-1021-158,K1BE1,1
T03,3-202-2023-938,202,2008-11-10,1,K1BE1-102-1021-159,K1BE1,1
T04,4-204-2043-730,204,2008-11-10,1,K1BE1-102-1021-159,K1BE1,1
T01,1-201-2011-55,201,2008-11-07,0,K1BE1-102-1021-16,K1BE1,1
T02,2-201-2011-10,201,2008-11-07,0,K1BE1-102-1021-16,K1BE1,1
T03,3-202-2022-21,202,2008-11-07,0,K1BE1-102-1021-16,K1BE1,1
T04,4-204-2043-451,204,2008-11-08,0,K1BE1-102-1021-16,K1BE1,1
T02,2-201-2011-1929,201,2008-11-12,1,K1BE1-102-1021-162,K1BE1,1
T02,2-201-2011-1864,201,2008-11-12,0,K1BE1-102-1021-165,K1BE1,1
T02,2-201-2011-1039,201,2008-11-10,0,K1BE1-102-1021-169,K1BE1,1
T01,1-201-2011-754,201,2008-11-08,0,K1BE1-102-1021-17,K1BE1,1
T02,2-201-2011-314,201,2008-11-07,0,K1BE1-102-1021-17,K1BE1,1
T03,3-202-2022-22,202,2008-11-07,0,K1BE1-102-1021-17,K1BE1,1
T04,4-204-2043-466,204,2008-11-08,0,K1BE1-102-1021-17,K1BE1,1
T02,2-201-2011-1461,201,2008-11-11,0,K1BE1-102-1021-172,K1BE1,1
T02,2-201-2011-1162,201,2008-11-10,0,K1BE1-102-1021-175,K1BE1,1
T02,2-201-2011-2058,201,2008-11-13,0,K1BE1-102-1021-177,K1BE1,1
T02,2-201-2011-1671,201,2008-11-12,0,K1BE1-102-1021-178,K1BE1,1
T02,2-201-2011-379,201,2008-11-08,0,K1BE1-102-1021-18,K1BE1,1
T03,3-202-2022-24,202,2008-11-07,0,K1BE1-102-1021-18,K1BE1,1
T04,4-202-2023-355592,202,2008-11-07,0,K1BE1-102-1021-18,K1BE1,1
T02,2-201-2011-1558,201,2008-11-11,0,K1BE1-102-1021-181,K1BE1,1
T02,2-201-2011-1280,201,2008-11-10,0,K1BE1-102-1021-182,K1BE1,1
T02,2-201-2011-1468,201,2008-11-11,0,K1BE1-102-1021-183,K1BE1,1
T02,2-201-2011-817,201,2008-11-09,0,K1BE1-102-1021-187,K1BE1,1
T01,1-201-2011-851,201,2008-11-08,0,K1BE1-102-1021-19,K1BE1,1
T03,3-202-2022-28,202,2008-11-07,0,K1BE1-102-1021-19,K1BE1,1
T04,4-204-2042-142447,204,2008-11-07,0,K1BE1-102-1021-19,K1BE1,1
T02,2-201-2011-1173,201,2008-11-10,0,K1BE1-102-1021-199,K1BE1,1
T03,3-201-2012-32,201,2008-11-07,0,K1BE1-102-1021-2,K1BE1,1
T04,4-204-2043-227,204,2008-11-07,0,K1BE1-102-1021-2,K1BE1,1
T01,1-201-2011-332,201,2008-11-07,1,K1BE1-102-1021-20,K1BE1,1
T03,3-202-2022-31,202,2008-11-07,0,K1BE1-102-1021-20,K1BE1,1
T04,4-204-2042-142619,204,2008-11-07,0,K1BE1-102-1021-20,K1BE1,1
T02,2-201-2011-1790,201,2008-11-12,0,K1BE1-102-1021-204,K1BE1,1
T02,2-201-2011-1710,201,2008-11-12,0,K1BE1-102-1021-205,K1BE1,1
T02,2-201-2011-1656,201,2008-11-12,0,K1BE1-102-1021-206,K1BE1,1
T02,2-201-2011-1780,201,2008-11-12,0,K1BE1-102-1021-207,K1BE1,1
T03,3-202-2022-35,202,2008-11-07,0,K1BE1-102-1021-21,K1BE1,1
T04,4-204-2043-691088,204,2008-11-07,0,K1BE1-102-1021-21,K1BE1,1
T02,2-201-2011-1841,201,2008-11-12,0,K1BE1-102-1021-212,K1BE1,1
T02,2-201-2011-1596,201,2008-11-11,0,K1BE1-102-1021-216,K1BE1,1
T02,2-201-2011-1892,201,2008-11-12,0,K1BE1-102-1021-217,K1BE1,1
T01,1-201-2011-847,201,2008-11-08,0,K1BE1-102-1021-22,K1BE1,1
T03,3-202-2022-36,202,2008-11-07,0,K1BE1-102-1021-22,K1BE1,1
T04,4-202-2023-1,202,2008-11-07,1,K1BE1-102-1021-22,K1BE1,1
T02,2-201-2011-2064,201,2008-11-13,0,K1BE1-102-1021-221,K1BE1,1
T02,2-201-2011-1169,201,2008-11-10,0,K1BE1-102-1021-226,K1BE1,1
T03,3-202-2022-39,202,2008-11-07,0,K1BE1-102-1021-23,K1BE1,1
T04,4-202-2023-2,202,2008-11-07,0,K1BE1-102-1021-23,K1BE1,1
T03,3-202-2023-1583,202,2008-11-12,0,K1BE1-102-1021-231,K1BE1,1
T04,4-204-2042-273,204,2008-11-12,0,K1BE1-102-1021-231,K1BE1,1
T02,2-201-2011-1682,201,2008-11-12,0,K1BE1-102-1021-238,K1BE1,1
T01,1-201-2011-73,201,2008-11-07,0,K1BE1-102-1021-24,K1BE1,1
T02,2-201-2011-255,201,2008-11-07,0,K1BE1-102-1021-24,K1BE1,1
T03,3-202-2022-44,202,2008-11-07,0,K1BE1-102-1021-24,K1BE1,1
T04,4-202-2023-4,202,2008-11-07,0,K1BE1-102-1021-24,K1BE1,1
T02,2-201-2011-2620,201,2008-11-14,0,K1BE1-102-1021-245,K1BE1,1
T02,2-201-2011-2268,201,2008-11-13,0,K1BE1-102-1021-247,K1BE1,1
T02,2-201-2011-259,201,2008-11-07,0,K1BE1-102-1021-25,K1BE1,1
T03,3-202-2022-45,202,2008-11-07,0,K1BE1-102-1021-25,K1BE1,1
T04,4-202-2023-7,202,2008-11-07,0,K1BE1-102-1021-25,K1BE1,1
T01,1-201-2011-177,201,2008-11-07,0,K1BE1-102-1021-26,K1BE1,1
T02,2-201-2011-158,201,2008-11-07,0,K1BE1-102-1021-26,K1BE1,1
T03,3-202-2022-46,202,2008-11-07,0,K1BE1-102-1021-26,K1BE1,1
T04,4-202-2023-8,202,2008-11-07,0,K1BE1-102-1021-26,K1BE1,1
T02,2-201-2011-2073,201,2008-11-13,0,K1BE1-102-1021-260,K1BE1,1
T02,2-201-2011-2215,201,2008-11-13,1,K1BE1-102-1021-266,K1BE1,1
T02,2-201-2011-2014,201,2008-11-13,0,K1BE1-102-1021-268,K1BE1,1
T01,1-201-2011-126,201,2008-11-07,0,K1BE1-102-1021-27,K1BE1,1
T02,2-201-2011-79,201,2008-11-07,0,K1BE1-102-1021-27,K1BE1,1
T02,2-201-2011-2488,201,2008-11-14,0,K1BE1-102-1021-276,K1BE1,1
T02,2-201-2011-1654,201,2008-11-12,0,K1BE1-102-1021-277,K1BE1,1
T02,2-201-2011-2252,201,2008-11-13,0,K1BE1-102-1021-278,K1BE1,1
T01,1-201-2011-599,201,2008-11-08,0,K1BE1-102-1021-28,K1BE1,1
T03,3-202-2022-50,202,2008-11-07,0,K1BE1-102-1021-28,K1BE1,1
T04,4-202-2023-11,202,2008-11-07,0,K1BE1-102-1021-28,K1BE1,1
T03,3-202-2022-53,202,2008-11-07,1,K1BE1-102-1021-29,K1BE1,1
T04,4-202-2023-22,202,2008-11-07,0,K1BE1-102-1021-29,K1BE1,1
T01,1-201-2011-101,201,2008-11-07,0,K1BE1-102-1021-3,K1BE1,1
T03,3-202-2023-348,202,2008-11-08,0,K1BE1-102-1021-3,K1BE1,1
T04,4-204-2043-228,204,2008-11-07,0,K1BE1-102-1021-3,K1BE1,1
T01,1-201-2011-400,201,2008-11-07,0,K1BE1-102-1021-30,K1BE1,1
T03,3-202-2022-55,202,2008-11-07,0,K1BE1-102-1021-30,K1BE1,1
T04,4-202-2023-25,202,2008-11-07,0,K1BE1-102-1021-30,K1BE1,1
T03,3-202-2022-59,202,2008-11-07,0,K1BE1-102-1021-31,K1BE1,1
T04,4-202-2023-29,202,2008-11-07,0,K1BE1-102-1021-31,K1BE1,1
T03,3-202-2022-61,202,2008-11-07,0,K1BE1-102-1021-32,K1BE1,1
T04,4-202-2023-31,202,2008-11-07,0,K1BE1-102-1021-32,K1BE1,1
T01,1-201-2011-279,201,2008-11-07,0,K1BE1-102-1021-33,K1BE1,1
T03,3-202-2022-64,202,2008-11-07,1,K1BE1-102-1021-33,K1BE1,1
T04,4-202-2023-32,202,2008-11-07,0,K1BE1-102-1021-33,K1BE1,1
T03,3-202-2022-69,202,2008-11-07,0,K1BE1-102-1021-34,K1BE1,1
T04,4-202-2023-34,202,2008-11-07,1,K1BE1-102-1021-34,K1BE1,1
T01,1-201-2011-816,201,2008-11-08,0,K1BE1-102-1021-35,K1BE1,1
T03,3-202-2022-70,202,2008-11-07,0,K1BE1-102-1021-35,K1BE1,1
T04,4-202-2023-37,202,2008-11-07,0,K1BE1-102-1021-35,K1BE1,1
T01,1-201-2011-168,201,2008-11-07,1,K1BE1-102-1021-36,K1BE1,1
T02,2-201-2011-371,201,2008-11-08,0,K1BE1-102-1021-36,K1BE1,1
T03,3-202-2022-72,202,2008-11-07,0,K1BE1-102-1021-36,K1BE1,1
T04,4-202-2023-40,202,2008-11-07,0,K1BE1-102-1021-36,K1BE1,1
T01,1-201-2011-4,201,2008-11-07,1,K1BE1-102-1021-37,K1BE1,1
T03,3-202-2023-3,202,2008-11-07,0,K1BE1-102-1021-37,K1BE1,1
T04,4-202-2023-41,202,2008-11-07,0,K1BE1-102-1021-37,K1BE1,1
T01,1-201-2011-376,201,2008-11-07,0,K1BE1-102-1021-38,K1BE1,1
T03,3-202-2023-6,202,2008-11-07,0,K1BE1-102-1021-38,K1BE1,1
T04,4-202-2023-43,202,2008-11-07,0,K1BE1-102-1021-38,K1BE1,1
T01,1-201-2011-527,201,2008-11-08,0,K1BE1-102-1021-39,K1BE1,1
T03,3-202-2023-7,202,2008-11-07,0,K1BE1-102-1021-39,K1BE1,1
T04,4-202-2023-44,202,2008-11-07,0,K1BE1-102-1021-39,K1BE1,1
T03,3-202-2023-448,202,2008-11-08,0,K1BE1-102-1021-4,K1BE1,1
T04,4-204-2043-236,204,2008-11-07,0,K1BE1-102-1021-4,K1BE1,1
T01,1-201-2011-628,201,2008-11-08,0,K1BE1-102-1021-40,K1BE1,1
T02,2-201-2011-109,201,2008-11-07,0,K1BE1-102-1021-40,K1BE1,1
T03,3-202-2023-8,202,2008-11-07,0,K1BE1-102-1021-40,K1BE1,1
T04,4-202-2023-47,202,2008-11-07,0,K1BE1-102-1021-40,K1BE1,1
T03,3-202-2023-307,202,2008-11-08,0,K1BE1-102-1021-41,K1BE1,1
T04,4-202-2023-185,202,2008-11-08,1,K1BE1-102-1021-41,K1BE1,1
T02,2-201-2011-904,201,2008-11-09,0,K1BE1-102-1021-42,K1BE1,1
T03,3-202-2023-309,202,2008-11-08,0,K1BE1-102-1021-42,K1BE1,1
T04,4-202-2023-192,202,2008-11-08,0,K1BE1-102-1021-42,K1BE1,1
T01,1-201-2011-472,201,2008-11-08,0,K1BE1-102-1021-43,K1BE1,1
T03,3-202-2023-310,202,2008-11-08,0,K1BE1-102-1021-43,K1BE1,1
T04,4-202-2023-193,202,2008-11-08,0,K1BE1-102-1021-43,K1BE1,1
T03,3-202-2023-312,202,2008-11-08,0,K1BE1-102-1021-44,K1BE1,1
T04,4-202-2023-194,202,2008-11-08,0,K1BE1-102-1021-44,K1BE1,1
T01,1-201-2011-449,201,2008-11-08,1,K1BE1-102-1021-45,K1BE1,1
T02,2-201-2011-549,201,2008-11-08,0,K1BE1-102-1021-47,K1BE1,1
T01,1-201-2011-265,201,2008-11-07,0,K1BE1-102-1021-48,K1BE1,1
T03,3-202-2023-317,202,2008-11-08,0,K1BE1-102-1021-48,K1BE1,1
T04,4-202-2023-209,202,2008-11-08,0,K1BE1-102-1021-48,K1BE1,1
T03,3-202-2023-319,202,2008-11-08,0,K1BE1-102-1021-49,K1BE1,1
T04,4-202-2023-213,202,2008-11-08,0,K1BE1-102-1021-49,K1BE1,1
T03,3-202-2023-550,202,2008-11-08,1,K1BE1-102-1021-5,K1BE1,1
T04,4-202-2023-155,202,2008-11-08,0,K1BE1-102-1021-5,K1BE1,1
T01,1-201-2011-454,201,2008-11-08,0,K1BE1-102-1021-50,K1BE1,1
T02,2-201-2011-363,201,2008-11-08,0,K1BE1-102-1021-50,K1BE1,1
T01,1-201-2011-809,201,2008-11-08,0,K1BE1-102-1021-51,K1BE1,1
T03,3-202-2023-321,202,2008-11-08,0,K1BE1-102-1021-51,K1BE1,1
T04,4-202-2023-217,202,2008-11-08,0,K1BE1-102-1021-51,K1BE1,1
T03,3-202-2023-322,202,2008-11-08,0,K1BE1-102-1021-52,K1BE1,1
T04,4-202-2023-220,202,2008-11-08,0,K1BE1-102-1021-52,K1BE1,1
T03,3-202-2023-325,202,2008-11-08,0,K1BE1-102-1021-53,K1BE1,1
T04,4-202-2023-222,202,2008-11-08,0,K1BE1-102-1021-53,K1BE1,1
T02,2-201-2011-608,201,2008-11-08,0,K1BE1-102-1021-54,K1BE1,1
T03,3-202-2023-328,202,2008-11-08,0,K1BE1-102-1021-54,K1BE1,1
T04,4-202-2023-224,202,2008-11-08,1,K1BE1-102-1021-54,K1BE1,1
T03,3-202-2023-330,202,2008-11-08,0,K1BE1-102-1021-55,K1BE1,1
T04,4-202-2023-225,202,2008-11-08,0,K1BE1-102-1021-55,K1BE1,1
T03,3-202-2023-333,202,2008-11-08,1,K1BE1-102-1021-56,K1BE1,1
T04,4-202-2023-226,202,2008-11-08,0,K1BE1-102-1021-56,K1BE1,1
T02,2-201-2011-62,201,2008-11-07,0,K1BE1-102-1021-57,K1BE1,1
T01,1-201-2011-509,201,2008-11-08,1,K1BE1-102-1021-58,K1BE1,1
T02,2-201-2011-466,201,2008-11-08,0,K1BE1-102-1021-58,K1BE1,1
T03,3-202-2023-335,202,2008-11-08,0,K1BE1-102-1021-58,K1BE1,1
T04,4-202-2023-232,202,2008-11-08,0,K1BE1-102-1021-58,K1BE1,1
T01,1-201-2011-528,201,2008-11-08,0,K1BE1-102-1021-59,K1BE1,1
T02,2-201-2011-506,201,2008-11-08,0,K1BE1-102-1021-59,K1BE1,1
T03,3-202-2023-339,202,2008-11-08,0,K1BE1-102-1021-59,K1BE1,1
T04,4-202-2023-234,202,2008-11-08,0,K1BE1-102-1021-59,K1BE1,1
T01,1-201-2011-497,201,2008-11-08,0,K1BE1-102-1021-6,K1BE1,1
T03,3-201-2012-64,201,2008-11-08,0,K1BE1-102-1021-6,K1BE1,1
T04,4-202-2023-174,202,2008-11-08,0,K1BE1-102-1021-6,K1BE1,1
T03,3-202-2023-340,202,2008-11-08,0,K1BE1-102-1021-60,K1BE1,1
T04,4-202-2023-235,202,2008-11-08,0,K1BE1-102-1021-60,K1BE1,1
T01,1-201-2011-529,201,2008-11-08,1,K1BE1-102-1021-61,K1BE1,1
T03,3-202-2023-341,202,2008-11-08,0,K1BE1-102-1021-61,K1BE1,1
T04,4-202-2023-238,202,2008-11-08,0,K1BE1-102-1021-61,K1BE1,1
T02,2-201-2011-725,201,2008-11-09,0,K1BE1-102-1021-62,K1BE1,1
T03,3-202-2023-344,202,2008-11-08,1,K1BE1-102-1021-62,K1BE1,1
T04,4-202-2023-242,202,2008-11-08,1,K1BE1-102-1021-62,K1BE1,1
T01,1-201-2011-1091,201,2008-11-09,0,K1BE1-102-1021-63,K1BE1,1
T02,2-201-2011-1177,201,2008-11-10,0,K1BE1-102-1021-63,K1BE1,1
T03,3-202-2023-346,202,2008-11-08,0,K1BE1-102-1021-63,K1BE1,1
T04,4-204-2042-49,204,2008-11-08,0,K1BE1-102-1021-63,K1BE1,1
T03,3-202-2023-351,202,2008-11-08,0,K1BE1-102-1021-64,K1BE1,1
T04,4-204-2042-50,204,2008-11-08,0,K1BE1-102-1021-64,K1BE1,1
T02,2-201-2011-767,201,2008-11-09,0,K1BE1-102-1021-65,K1BE1,1
T03,3-202-2023-353,202,2008-11-08,0,K1BE1-102-1021-65,K1BE1,1
T04,4-204-2042-54,204,2008-11-08,1,K1BE1-102-1021-65,K1BE1,1
T01,1-201-2011-913,201,2008-11-09,0,K1BE1-102-1021-66,K1BE1,1
T03,3-202-2023-354,202,2008-11-08,0,K1BE1-102-1021-66,K1BE1,1
T04,4-204-2042-59,204,2008-11-08,0,K1BE1-102-1021-66,K1BE1,1
T03,3-202-2023-355,202,2008-11-08,0,K1BE1-102-1021-67,K1BE1,1
T04,4-204-2042-62,204,2008-11-08,0,K1BE1-102-1021-67,K1BE1,1
T03,3-202-2023-356,202,2008-11-08,0,K1BE1-102-1021-68,K1BE1,1
T04,4-204-2042-63,204,2008-11-08,0,K1BE1-102-1021-68,K1BE1,1
T01,1-201-2011-1101,201,2008-11-09,0,K1BE1-102-1021-69,K1BE1,1
T03,3-202-2023-357,202,2008-11-08,0,K1BE1-102-1021-69,K1BE1,1
T04,4-204-2042-66,204,2008-11-08,0,K1BE1-102-1021-69,K1BE1,1
T01,1-201-2011-183,201,2008-11-07,0,K1BE1-102-1021-7,K1BE1,1
T02,2-201-2011-320,201,2008-11-07,0,K1BE1-102-1021-7,K1BE1,1
T03,3-201-2011-21965,201,2008-11-08,1,K1BE1-102-1021-7,K1BE1,1
T04,4-202-2023-199,202,2008-11-08,1,K1BE1-102-1021-7,K1BE1,1
T01,1-201-2011-543,201,2008-11-08,0,K1BE1-102-1021-70,K1BE1,1
T02,2-201-2011-986,201,2008-11-09,0,K1BE1-102-1021-70,K1BE1,1
T03,3-202-2023-359,202,2008-11-08,0,K1BE1-102-1021-70,K1BE1,1
T04,4-204-2042-69,204,2008-11-08,0,K1BE1-102-1021-70,K1BE1,1
T02,2-201-2011-87,201,2008-11-07,0,K1BE1-102-1021-71,K1BE1,1
T03,3-202-2023-360,202,2008-11-08,0,K1BE1-102-1021-71,K1BE1,1
T04,4-204-2042-72,204,2008-11-08,0,K1BE1-102-1021-71,K1BE1,1
T02,2-201-2011-944,201,2008-11-09,0,K1BE1-102-1021-73,K1BE1,1
T03,3-202-2023-364,202,2008-11-08,0,K1BE1-102-1021-73,K1BE1,1
T04,4-204-2042-75,204,2008-11-08,0,K1BE1-102-1021-73,K1BE1,1
T02,2-201-2011-581,201,2008-11-08,0,K1BE1-102-1021-75,K1BE1,1
T03,3-202-2023-368,202,2008-11-08,0,K1BE1-102-1021-75,K1BE1,1
T04,4-204-2042-79,204,2008-11-08,0,K1BE1-102-1021-75,K1BE1,1
T03,3-202-2023-371,202,2008-11-08,0,K1BE1-102-1021-76,K1BE1,1
T04,4-204-2042-81,204,2008-11-08,0,K1BE1-102-1021-76,K1BE1,1
T03,3-202-2023-373,202,2008-11-08,0,K1BE1-102-1021-77,K1BE1,1
T04,4-204-2042-91,204,2008-11-08,0,K1BE1-102-1021-77,K1BE1,1
T01,1-201-2011-36,201,2008-11-07,0,K1BE1-102-1021-78,K1BE1,1
T03,3-202-2023-374,202,2008-11-08,1,K1BE1-102-1021-78,K1BE1,1
T04,4-204-2042-95,204,2008-11-08,0,K1BE1-102-1021-78,K1BE1,1
T02,2-201-2011-261,201,2008-11-07,0,K1BE1-102-1021-79,K1BE1,1
T03,3-202-2023-376,202,2008-11-08,0,K1BE1-102-1021-79,K1BE1,1
T04,4-204-2043-237,204,2008-11-08,0,K1BE1-102-1021-79,K1BE1,1
T03,3-202-2022-1,202,2008-11-07,0,K1BE1-102-1021-8,K1BE1,1
T04,4-202-2023-208,202,2008-11-08,0,K1BE1-102-1021-8,K1BE1,1
T01,1-201-2011-1207,201,2008-11-09,0,K1BE1-102-1021-80,K1BE1,1
T01,1-201-2011-1171,201,2008-11-09,0,K1BE1-102-1021-81,K1BE1,1
T02,2-201-2011-954,201,2008-11-09,0,K1BE1-102-1021-81,K1BE1,1
T03,3-202-2022-196,202,2008-11-09,0,K1BE1-102-1021-81,K1BE1,1
T04,4-202-2023-291,202,2008-11-09,0,K1BE1-102-1021-81,K1BE1,1
T03,3-202-2022-202,202,2008-11-09,0,K1BE1-102-1021-83,K1BE1,1
T04,4-202-2023-294,202,2008-11-09,0,K1BE1-102-1021-83,K1BE1,1
T03,3-202-2022-204,202,2008-11-09,0,K1BE1-102-1021-84,K1BE1,1
T04,4-202-2023-297,202,2008-11-09,1,K1BE1-102-1021-84,K1BE1,1
T02,2-201-2011-652,201,2008-11-08,0,K1BE1-102-1021-85,K1BE1,1
T02,2-201-2011-1174,201,2008-11-10,0,K1BE1-102-1021-86,K1BE1,1
T03,3-202-2022-209,202,2008-11-09,0,K1BE1-102-1021-86,K1BE1,1
T04,4-202-2023-300,202,2008-11-09,0,K1BE1-102-1021-86,K1BE1,1
T01,1-201-2011-1132,201,2008-11-09,0,K1BE1-102-1021-87,K1BE1,1
T02,2-201-2011-980,201,2008-11-09,1,K1BE1-102-1021-87,K1BE1,1
T03,3-202-2022-215,202,2008-11-09,0,K1BE1-102-1021-87,K1BE1,1
T04,4-202-2023-304,202,2008-11-09,0,K1BE1-102-1021-87,K1BE1,1
T01,1-201-2011-905,201,2008-11-09,0,K1BE1-102-1021-88,K1BE1,1
T02,2-201-2011-489,201,2008-11-08,0,K1BE1-102-1021-88,K1BE1,1
T03,3-202-2022-2,202,2008-11-07,0,K1BE1-102-1021-9,K1BE1,1
T04,4-204-2042-88,204,2008-11-08,0,K1BE1-102-1021-9,K1BE1,1
T01,1-201-2011-928,201,2008-11-09,0,K1BE1-102-1021-90,K1BE1,1
T03,3-202-2023-593,202,2008-11-09,0,K1BE1-102-1021-90,K1BE1,1
T04,4-202-2023-307,202,2008-11-09,0,K1BE1-102-1021-90,K1BE1,1
T01,1-201-2011-1272,201,2008-11-09,0,K1BE1-102-1021-91,K1BE1,1
T03,3-202-2023-594,202,2008-11-09,0,K1BE1-102-1021-91,K1BE1,1
T04,4-202-2023-308,202,2008-11-09,0,K1BE1-102-1021-91,K1BE1,1
T03,3-202-2023-596,202,2008-11-09,0,K1BE1-102-1021-93,K1BE1,1
T04,4-202-2023-310,202,2008-11-09,0,K1BE1-102-1021-93,K1BE1,1
T01,1-201-2011-696,201,2008-11-08,1,K1BE1-102-1021-94,K1BE1,1
T03,3-202-2023-598,202,2008-11-09,0,K1BE1-102-1021-94,K1BE1,1
T04,4-202-2023-312,202,2008-11-09,0,K1BE1-102-1021-94,K1BE1,1
T03,3-202-2023-600,202,2008-11-09,0,K1BE1-102-1021-96,K1BE1,1
T04,4-202-2023-317,202,2008-11-09,0,K1BE1-102-1021-96,K1BE1,1
T02,2-201-2011-1363,201,2008-11-11,0,K1BE1-102-1021-97,K1BE1,1
T03,3-202-2023-603,202,2008-11-09,0,K1BE1-102-1021-97,K1BE1,1
T04,4-202-2023-319,202,2008-11-09,0,K1BE1-102-1021-97,K1BE1,1
T01,1-201-2011-1145,201,2008-11-09,0,K1BE1-102-1021-98,K1BE1,1
T03,3-202-2023-17,202,2008-11-07,0,K1BE1-104-1041-1,K1BE1,1
T04,4-202-2023-49,202,2008-11-07,0,K1BE1-104-1041-1,K1BE1,1
T03,3-202-2023-31,202,2008-11-07,0,K1BE1-104-1041-10,K1BE1,1
T04,4-202-2023-65,202,2008-11-07,0,K1BE1-104-1041-10,K1BE1,1
T01,1-201-2011-665,201,2008-11-08,0,K1BE1-104-1041-100,K1BE1,1
T03,3-202-2023-253,202,2008-11-07,0,K1BE1-104-1041-100,K1BE1,1
T04,4-204-2043-133,204,2008-11-07,0,K1BE1-104-1041-100,K1BE1,1
T02,2-201-2011-1428,201,2008-11-11,0,K1BE1-104-1041-1005,K1BE1,1
T02,2-201-2011-602,201,2008-11-08,0,K1BE1-104-1041-101,K1BE1,1
T03,3-202-2023-254,202,2008-11-07,0,K1BE1-104-1041-101,K1BE1,1
T04,4-204-2043-138,204,2008-11-07,0,K1BE1-104-1041-101,K1BE1,1
T02,2-201-2011-1605,201,2008-11-11,0,K1BE1-104-1041-1012,K1BE1,1
T02,2-201-2011-1635,201,2008-11-11,0,K1BE1-104-1041-1013,K1BE1,1
T02,2-201-2011-1102,201,2008-11-10,0,K1BE1-104-1041-1016,K1BE1,1
T03,3-202-2023-260,202,2008-11-07,0,K1BE1-104-1041-102,K1BE1,1
T04,4-204-2043-139,204,2008-11-07,0,K1BE1-104-1041-102,K1BE1,1
T02,2-201-2011-1235,201,2008-11-10,0,K1BE1-104-1041-1025,K1BE1,1
T03,3-202-2023-262,202,2008-11-07,0,K1BE1-104-1041-103,K1BE1,1
T04,4-204-2043-143,204,2008-11-07,0,K1BE1-104-1041-103,K1BE1,1
T02,2-201-2011-1379,201,2008-11-11,0,K1BE1-104-1041-1039,K1BE1,1
T03,3-202-2023-263,202,2008-11-07,0,K1BE1-104-1041-104,K1BE1,1
T04,4-204-2043-148,204,2008-11-07,0,K1BE1-104-1041-104,K1BE1,1
T02,2-201-2011-1706,201,2008-11-12,0,K1BE1-104-1041-1041,K1BE1,1
T02,2-201-2011-1564,201,2008-11-11,0,K1BE1-104-1041-1042,K1BE1,1
T02,2-201-2011-1401,201,2008-11-11,0,K1BE1-104-1041-1049,K1BE1,1
T01,1-201-2011-196,201,2008-11-07,0,K1BE1-104-1041-105,K1BE1,1
T03,3-202-2023-264,202,2008-11-07,0,K1BE1-104-1041-105,K1BE1,1
T04,4-204-2043-150,204,2008-11-07,0,K1BE1-104-1041-105,K1BE1,1
T02,2-201-2011-1683,201,2008-11-12,0,K1BE1-104-1041-1050,K1BE1,1
T02,2-201-2011-1423,201,2008-11-11,0,K1BE1-104-1041-1057,K1BE1,1
T02,2-201-2011-164,201,2008-11-07,0,K1BE1-104-1041-106,K1BE1,1
T03,3-202-2023-265,202,2008-11-07,0,K1BE1-104-1041-106,K1BE1,1
T04,4-204-2043-152,204,2008-11-07,0,K1BE1-104-1041-106,K1BE1,1
T02,2-201-2011-1607,201,2008-11-11,0,K1BE1-104-1041-1061,K1BE1,1
T02,2-201-2011-1716,201,2008-11-12,0,K1BE1-104-1041-1063,K1BE1,1
T02,2-201-2011-1042,201,2008-11-10,0,K1BE1-104-1041-1065,K1BE1,1
T02,2-201-2011-1766,201,2008-11-12,0,K1BE1-104-1041-1067,K1BE1,1
T02,2-201-2011-58,201,2008-11-07,0,K1BE1-104-1041-107,K1BE1,1
T03,3-202-2023-267,202,2008-11-07,0,K1BE1-104-1041-107,K1BE1,1
T04,4-204-2043-155,204,2008-11-07,0,K1BE1-104-1041-107,K1BE1,1
T02,2-201-2011-1633,201,2008-11-11,0,K1BE1-104-1041-1071,K1BE1,1
T02,2-201-2011-1760,201,2008-11-12,0,K1BE1-104-1041-1074,K1BE1,1
T03,3-202-2023-268,202,2008-11-07,0,K1BE1-104-1041-108,K1BE1,1
T04,4-204-2043-160,204,2008-11-07,0,K1BE1-104-1041-108,K1BE1,1
T02,2-201-2011-1610,201,2008-11-11,1,K1BE1-104-1041-1082,K1BE1,1
T02,2-201-2011-1526,201,2008-11-11,0,K1BE1-104-1041-1084,K1BE1,1
T02,2-201-2011-1948,201,2008-11-12,0,K1BE1-104-1041-1088,K1BE1,1
T01,1-201-2011-264,201,2008-11-07,0,K1BE1-104-1041-109,K1BE1,1
T03,3-202-2023-271,202,2008-11-07,1,K1BE1-104-1041-109,K1BE1,1
T04,4-204-2043-162,204,2008-11-07,0,K1BE1-104-1041-109,K1BE1,1
T02,2-201-2011-1316,201,2008-11-10,0,K1BE1-104-1041-1091,K1BE1,1
T02,2-201-2011-1000,201,2008-11-10,0,K1BE1-104-1041-1095,K1BE1,1
T02,2-201-2011-774,201,2008-11-09,0,K1BE1-104-1041-1099,K1BE1,1
T03,3-202-2023-33,202,2008-11-07,0,K1BE1-104-1041-11,K1BE1,1
T04,4-202-2023-69,202,2008-11-07,0,K1BE1-104-1041-11,K1BE1,1
T01,1-201-2011-18,201,2008-11-07,1,K1BE1-104-1041-110,K1BE1,1
T02,2-201-2011-501,201,2008-11-08,0,K1BE1-104-1041-110,K1BE1,1
T03,3-202-2023-272,202,2008-11-07,0,K1BE1-104-1041-110,K1BE1,1
T04,4-204-2043-163,204,2008-11-07,0,K1BE1-104-1041-110,K1BE1,1
T02,2-201-2011-1639,201,2008-11-11,0,K1BE1-104-1041-1100,K1BE1,1
T02,2-201-2011-1719,201,2008-11-12,0,K1BE1-104-1041-1101,K1BE1,1
T02,2-201-2011-1214,201,2008-11-10,0,K1BE1-104-1041-1103,K1BE1,1
T02,2-201-2011-1712,201,2008-11-12,0,K1BE1-104-1041-1104,K1BE1,1
T03,3-202-2023-274,202,2008-11-07,0,K1BE1-104-1041-111,K1BE1,1
T04,4-204-2043-166,204,2008-11-07,0,K1BE1-104-1041-111,K1BE1,1
T02,2-201-2011-1373,201,2008-11-11,0,K1BE1-104-1041-1110,K1BE1,1
T02,2-201-2011-1885,201,2008-11-12,0,K1BE1-104-1041-1112,K1BE1,1
T02,2-201-2011-1637,201,2008-11-11,0,K1BE1-104-1041-1117,K1BE1,1
T02,2-201-2011-735,201,2008-11-09,0,K1BE1-104-1041-1118,K1BE1,1
T02,2-201-2011-1793,201,2008-11-12,0,K1BE1-104-1041-1119,K1BE1,1
T01,1-201-2011-636,201,2008-11-08,0,K1BE1-104-1041-112,K1BE1,1
T03,3-202-2023-277,202,2008-11-07,0,K1BE1-104-1041-112,K1BE1,1
T04,4-204-2043-168,204,2008-11-07,0,K1BE1-104-1041-112,K1BE1,1
T02,2-201-2011-1781,201,2008-11-12,0,K1BE1-104-1041-1120,K1BE1,1
T02,2-201-2011-1718,201,2008-11-12,0,K1BE1-104-1041-1127,K1BE1,1
T02,2-201-2011-1015,201,2008-11-10,0,K1BE1-104-1041-1129,K1BE1,1
T01,1-201-2011-951,201,2008-11-09,0,K1BE1-104-1041-113,K1BE1,1
T03,3-202-2023-278,202,2008-11-07,0,K1BE1-104-1041-113,K1BE1,1
T04,4-204-2043-171,204,2008-11-07,0,K1BE1-104-1041-113,K1BE1,1
T02,2-201-2011-679,201,2008-11-09,0,K1BE1-104-1041-1138,K1BE1,1
T01,1-201-2011-271,201,2008-11-07,1,K1BE1-104-1041-114,K1BE1,1
T03,3-202-2023-280,202,2008-11-07,0,K1BE1-104-1041-114,K1BE1,1
T04,4-204-2043-173,204,2008-11-07,0,K1BE1-104-1041-114,K1BE1,1
T02,2-201-2011-126,201,2008-11-07,0,K1BE1-104-1041-1146,K1BE1,1
T03,3-202-2023-281,202,2008-11-07,0,K1BE1-104-1041-115,K1BE1,1
T04,4-204-2043-178,204,2008-11-07,0,K1BE1-104-1041-115,K1BE1,1
T02,2-201-2011-1518,201,2008-11-11,0,K1BE1-104-1041-1159,K1BE1,1
T03,3-202-2023-282,202,2008-11-07,0,K1BE1-104-1041-116,K1BE1,1
T04,4-204-2043-180,204,2008-11-07,0,K1BE1-104-1041-116,K1BE1,1
T02,2-201-2011-1773,201,2008-11-12,0,K1BE1-104-1041-1164,K1BE1,1
T01,1-201-2011-277,201,2008-11-07,0,K1BE1-104-1041-117,K1BE1,1
T03,3-202-2023-283,202,2008-11-07,0,K1BE1-104-1041-117,K1BE1,1
T04,4-204-2043-182,204,2008-11-07,0,K1BE1-104-1041-117,K1BE1,1
T02,2-201-2011-1481,201,2008-11-11,0,K1BE1-104-1041-1173,K1BE1,1
T02,2-201-2011-1181,201,2008-11-10,0,K1BE1-104-1041-1177,K1BE1,1
T02,2-201-2011-1915,201,2008-11-12,0,K1BE1-104-1041-1178,K1BE1,1
T02,2-201-2011-55,201,2008-11-07,0,K1BE1-104-1041-118,K1BE1,1
T03,3-202-2023-285,202,2008-11-07,0,K1BE1-104-1041-118,K1BE1,1
T04,4-204-2043-183,204,2008-11-07,0,K1BE1-104-1041-118,K1BE1,1
T02,2-201-2011-1501,201,2008-11-11,0,K1BE1-104-1041-1184,K1BE1,1
T02,2-201-2011-1027,201,2008-11-10,0,K1BE1-104-1041-1185,K1BE1,1
T02,2-201-2011-806,201,2008-11-09,0,K1BE1-104-1041-1186,K1BE1,1
T02,2-201-2011-1395,201,2008-11-11,0,K1BE1-104-1041-1188,K1BE1,1
T02,2-201-2011-641,201,2008-11-08,0,K1BE1-104-1041-119,K1BE1,1
T03,3-202-2023-286,202,2008-11-07,0,K1BE1-104-1041-119,K1BE1,1
T04,4-204-2043-186,204,2008-11-07,0,K1BE1-104-1041-119,K1BE1,1
T02,2-201-2011-1399,201,2008-11-11,0,K1BE1-104-1041-1196,K1BE1,1
T02,2-201-2011-1824,201,2008-11-12,0,K1BE1-104-1041-1199,K1BE1,1
T03,3-202-2023-36,202,2008-11-07,0,K1BE1-104-1041-12,K1BE1,1
T04,4-202-2023-70,202,2008-11-07,1,K1BE1-104-1041-12,K1BE1,1
T03,3-202-2023-288,202,2008-11-07,0,K1BE1-104-1041-120,K1BE1,1
T04,4-204-2043-189,204,2008-11-07,0,K1BE1-104-1041-120,K1BE1,1
T02,2-201-2011-1811,201,2008-11-12,0,K1BE1-104-1041-1201,K1BE1,1
T02,2-201-2011-1111,201,2008-11-10,0,K1BE1-104-1041-1203,K1BE1,1
T02,2-201-2011-1224,201,2008-11-10,1,K1BE1-104-1041-1207,K1BE1,1
T01,1-201-2011-582,201,2008-11-08,1,K1BE1-104-1041-1208,K1BE1,1
T02,2-201-2011-1472,201,2008-11-11,0,K1BE1-104-1041-1208,K1BE1,1
T02,2-201-2011-736,201,2008-11-09,0,K1BE1-104-1041-1209,K1BE1,1
T01,1-201-2011-374,201,2008-11-07,0,K1BE1-104-1041-121,K1BE1,1
T02,2-201-2011-120,201,2008-11-07,1,K1BE1-104-1041-121,K1BE1,1
T03,3-202-2023-293,202,2008-11-07,0,K1BE1-104-1041-121,K1BE1,1
T04,4-204-2043-190,204,2008-11-07,0,K1BE1-104-1041-121,K1BE1,1
T02,2-201-2011-1260,201,2008-11-10,0,K1BE1-104-1041-1210,K1BE1,1
T02,2-201-2011-1586,201,2008-11-11,0,K1BE1-104-1041-1213,K1BE1,1
T02,2-201-2011-1458,201,2008-11-11,0,K1BE1-104-1041-1215,K1BE1,1
T02,2-201-2011-1762,201,2008-11-12,1,K1BE1-104-1041-1219,K1BE1,1
T03,3-201-2011-2,201,2008-11-07,0,K1BE1-104-1041-122,K1BE1,1
T04,4-204-2043-191,204,2008-11-07,0,K1BE1-104-1041-122,K1BE1,1
T02,2-201-2011-1647,201,2008-11-12,0,K1BE1-104-1041-1226,K1BE1,1
T03,3-201-2011-3,201,2008-11-07,0,K1BE1-104-1041-123,K1BE1,1
T04,4-204-2043-194,204,2008-11-07,0,K1BE1-104-1041-123,K1BE1,1
T02,2-201-2011-1965,201,2008-11-12,1,K1BE1-104-1041-1232,K1BE1,1
T02,2-201-2011-2011,201,2008-11-13,0,K1BE1-104-1041-1233,K1BE1,1
T02,2-201-2011-1049,201,2008-11-10,0,K1BE1-104-1041-1236,K1BE1,1
T02,2-201-2011-1382,201,2008-11-11,0,K1BE1-104-1041-1238,K1BE1,1
T01,1-201-2011-364,201,2008-11-07,0,K1BE1-104-1041-124,K1BE1,1
T03,3-201-2011-4,201,2008-11-07,0,K1BE1-104-1041-124,K1BE1,1
T04,4-204-2043-195,204,2008-11-07,0,K1BE1-104-1041-124,K1BE1,1
T02,2-201-2011-1215,201,2008-11-10,0,K1BE1-104-1041-1241,K1BE1,1
T02,2-201-2011-1666,201,2008-11-12,0,K1BE1-104-1041-1243,K1BE1,1
T02,2-201-2011-2111,201,2008-11-13,0,K1BE1-104-1041-1247,K1BE1,1
T01,1-201-2011-99,201,2008-11-07,0,K1BE1-104-1041-125,K1BE1,1
T03,3-201-2011-7,201,2008-11-07,1,K1BE1-104-1041-125,K1BE1,1
T04,4-204-2043-200,204,2008-11-07,0,K1BE1-104-1041-125,K1BE1,1
T02,2-201-2011-1715,201,2008-11-12,0,K1BE1-104-1041-1258,K1BE1,1
T03,3-201-2011-8,201,2008-11-07,0,K1BE1-104-1041-126,K1BE1,1
T04,4-204-2043-203,204,2008-11-07,1,K1BE1-104-1041-126,K1BE1,1
T02,2-201-2011-1903,201,2008-11-12,0,K1BE1-104-1041-1260,K1BE1,1
T02,2-201-2011-1800,201,2008-11-12,0,K1BE1-104-1041-1261,K1BE1,1
T02,2-201-2011-1803,201,2008-11-12,1,K1BE1-104-1041-1263,K1BE1,1
T02,2-201-2011-1583,201,2008-11-11,0,K1BE1-104-1041-1264,K1BE1,1
T02,2-201-2011-77,201,2008-11-07,0,K1BE1-104-1041-127,K1BE1,1
T03,3-201-2012-2,201,2008-11-07,0,K1BE1-104-1041-127,K1BE1,1
T04,4-204-2043-205,204,2008-11-07,0,K1BE1-104-1041-127,K1BE1,1
T02,2-201-2011-2197,201,2008-11-13,0,K1BE1-104-1041-1271,K1BE1,1
T02,2-201-2011-1386,201,2008-11-11,0,K1BE1-104-1041-1272,K1BE1,1
T02,2-201-2011-2142,201,2008-11-13,0,K1BE1-104-1041-1275,K1BE1,1
T02,2-201-2011-2242,201,2008-11-13,0,K1BE1-104-1041-1278,K1BE1,1
T01,1-201-2011-191,201,2008-11-07,0,K1BE1-104-1041-128,K1BE1,1
T03,3-201-2012-6,201,2008-11-07,0,K1BE1-104-1041-128,K1BE1,1
T04,4-204-2043-208,204,2008-11-07,0,K1BE1-104-1041-128,K1BE1,1
T02,2-201-2011-2181,201,2008-11-13,0,K1BE1-104-1041-1285,K1BE1,1
T02,2-201-2011-1725,201,2008-11-12,0,K1BE1-104-1041-1288,K1BE1,1
T02,2-201-2011-2083,201,2008-11-13,0,K1BE1-104-1041-1289,K1BE1,1
T03,3-201-2012-8,201,2008-11-07,0,K1BE1-104-1041-129,K1BE1,1
T04,4-204-2043-211,204,2008-11-07,0,K1BE1-104-1041-129,K1BE1,1
T02,2-201-2011-1542,201,2008-11-11,0,K1BE1-104-1041-1290,K1BE1,1
T02,2-201-2011-1482,201,2008-11-11,0,K1BE1-104-1041-1291,K1BE1,1
T02,2-201-2011-1699,201,2008-11-12,0,K1BE1-104-1041-1296,K1BE1,1
T02,2-201-2011-1904,201,2008-11-12,0,K1BE1-104-1041-1298,K1BE1,1
T03,3-202-2023-37,202,2008-11-07,0,K1BE1-104-1041-13,K1BE1,1
T04,4-202-2023-73,202,2008-11-07,0,K1BE1-104-1041-13,K1BE1,1
T03,3-201-2012-9,201,2008-11-07,1,K1BE1-104-1041-130,K1BE1,1
T04,4-204-2043-216,204,2008-11-07,0,K1BE1-104-1041-130,K1BE1,1
T02,2-201-2011-1686,201,2008-11-12,0,K1BE1-104-1041-1302,K1BE1,1
T02,2-201-2011-1973,201,2008-11-12,1,K1BE1-104-1041-1309,K1BE1,1
T02,2-201-2011-323,201,2008-11-07,0,K1BE1-104-1041-131,K1BE1,1
T03,3-201-2012-14,201,2008-11-07,0,K1BE1-104-1041-131,K1BE1,1
T04,4-204-2043-220,204,2008-11-07,0,K1BE1-104-1041-131,K1BE1,1
T02,2-201-2011-1939,201,2008-11-12,0,K1BE1-104-1041-1315,K1BE1,1
T02,2-201-2011-2185,201,2008-11-13,0,K1BE1-104-1041-1317,K1BE1,1
T02,2-201-2011-550,201,2008-11-08,0,K1BE1-104-1041-132,K1BE1,1
T03,3-201-2012-15,201,2008-11-07,0,K1BE1-104-1041-132,K1BE1,1
T04,4-204-2043-221,204,2008-11-07,0,K1BE1-104-1041-132,K1BE1,1
T02,2-201-2011-2006,201,2008-11-13,0,K1BE1-104-1041-1320,K1BE1,1
T02,2-201-2011-1297,201,2008-11-10,0,K1BE1-104-1041-1322,K1BE1,1
T02,2-201-2011-1209,201,2008-11-10,0,K1BE1-104-1041-1324,K1BE1,1
T02,2-201-2011-1536,201,2008-11-11,0,K1BE1-104-1041-1326,K1BE1,1
T02,2-201-2011-1597,201,2008-11-11,0,K1BE1-104-1041-1328,K1BE1,1
T01,1-201-2011-832,201,2008-11-08,0,K1BE1-104-1041-133,K1BE1,1
T02,2-201-2011-186,201,2008-11-07,0,K1BE1-104-1041-133,K1BE1,1
T03,3-201-2012-17,201,2008-11-07,0,K1BE1-104-1041-133,K1BE1,1
T04,4-204-2043-222,204,2008-11-07,0,K1BE1-104-1041-133,K1BE1,1
T02,2-201-2011-2158,201,2008-11-13,0,K1BE1-104-1041-1330,K1BE1,1
T02,2-201-2011-1743,201,2008-11-12,0,K1BE1-104-1041-1333,K1BE1,1
T02,2-201-2011-1522,201,2008-11-11,0,K1BE1-104-1041-1336,K1BE1,1
T03,3-201-2012-19,201,2008-11-07,0,K1BE1-104-1041-134,K1BE1,1
T04,4-204-2043-223,204,2008-11-07,0,K1BE1-104-1041-134,K1BE1,1
T02,2-201-2011-1859,201,2008-11-12,0,K1BE1-104-1041-1348,K1BE1,1
T03,3-201-2012-21,201,2008-11-07,0,K1BE1-104-1041-135,K1BE1,1
T04,4-204-2043-224,204,2008-11-07,0,K1BE1-104-1041-135,K1BE1,1
T02,2-201-2011-2216,201,2008-11-13,0,K1BE1-104-1041-1353,K1BE1,1
T02,2-201-2011-1806,201,2008-11-12,0,K1BE1-104-1041-1354,K1BE1,1
T02,2-201-2011-591,201,2008-11-08,0,K1BE1-104-1041-136,K1BE1,1
T03,3-201-2012-22,201,2008-11-07,0,K1BE1-104-1041-136,K1BE1,1
T04,4-204-2043-225,204,2008-11-07,0,K1BE1-104-1041-136,K1BE1,1
T02,2-201-2011-1753,201,2008-11-12,0,K1BE1-104-1041-1361,K1BE1,1
T02,2-201-2011-2530,201,2008-11-14,0,K1BE1-104-1041-1364,K1BE1,1
T02,2-201-2011-1874,201,2008-11-12,0,K1BE1-104-1041-1366,K1BE1,1
T02,2-201-2011-1826,201,2008-11-12,0,K1BE1-104-1041-1368,K1BE1,1
T03,3-201-2012-26,201,2008-11-07,0,K1BE1-104-1041-137,K1BE1,1
T04,4-204-2043-229,204,2008-11-07,0,K1BE1-104-1041-137,K1BE1,1
T02,2-201-2011-2272,201,2008-11-13,0,K1BE1-104-1041-1372,K1BE1,1
T02,2-201-2011-1331,201,2008-11-11,0,K1BE1-104-1041-1378,K1BE1,1
T03,3-201-2012-28,201,2008-11-07,1,K1BE1-104-1041-138,K1BE1,1
T04,4-204-2043-230,204,2008-11-07,1,K1BE1-104-1041-138,K1BE1,1
T02,2-201-2011-1661,201,2008-11-12,0,K1BE1-104-1041-1380,K1BE1,1
T02,2-201-2011-1722,201,2008-11-12,0,K1BE1-104-1041-1382,K1BE1,1
T02,2-201-2011-1917,201,2008-11-12,0,K1BE1-104-1041-1383,K1BE1,1
T01,1-201-2011-161,201,2008-11-07,0,K1BE1-104-1041-139,K1BE1,1
T03,3-202-2022-76,202,2008-11-08,0,K1BE1-104-1041-139,K1BE1,1
T04,4-204-2043-231,204,2008-11-07,0,K1BE1-104-1041-139,K1BE1,1
T02,2-201-2011-1947,201,2008-11-12,0,K1BE1-104-1041-1390,K1BE1,1
T03,3-202-2023-39,202,2008-11-07,0,K1BE1-104-1041-14,K1BE1,1
T04,4-202-2023-74,202,2008-11-07,0,K1BE1-104-1041-14,K1BE1,1
T02,2-201-2011-4,201,2008-11-07,0,K1BE1-104-1041-140,K1BE1,1
T03,3-202-2022-77,202,2008-11-08,0,K1BE1-104-1041-140,K1BE1,1
T04,4-204-2043-232,204,2008-11-07,0,K1BE1-104-1041-140,K1BE1,1
T02,2-201-2011-1191,201,2008-11-10,0,K1BE1-104-1041-1403,K1BE1,1
T02,2-201-2011-1570,201,2008-11-11,1,K1BE1-104-1041-1405,K1BE1,1
T02,2-201-2011-1851,201,2008-11-12,0,K1BE1-104-1041-1407,K1BE1,1
T02,2-201-2011-1189,201,2008-11-10,0,K1BE1-104-1041-1409,K1BE1,1
T02,2-201-2011-33,201,2008-11-07,0,K1BE1-104-1041-141,K1BE1,1
T03,3-202-2022-78,202,2008-11-08,0,K1BE1-104-1041-141,K1BE1,1
T04,4-204-2043-233,204,2008-11-07,1,K1BE1-104-1041-141,K1BE1,1
T02,2-201-2011-1431,201,2008-11-11,0,K1BE1-104-1041-1414,K1BE1,1
T02,2-201-2011-1665,201,2008-11-12,0,K1BE1-104-1041-1415,K1BE1,1
T02,2-201-2011-1791,201,2008-11-12,0,K1BE1-104-1041-1419,K1BE1,1
T01,1-201-2011-124,201,2008-11-07,0,K1BE1-104-1041-142,K1BE1,1
T03,3-202-2022-81,202,2008-11-08,0,K1BE1-104-1041-142,K1BE1,1
T04,4-204-2043-234,204,2008-11-07,0,K1BE1-104-1041-142,K1BE1,1
T02,2-201-2011-1384,201,2008-11-11,0,K1BE1-104-1041-1427,K1BE1,1
T02,2-201-2011-1909,201,2008-11-12,0,K1BE1-104-1041-1428,K1BE1,1
T03,3-202-2022-82,202,2008-11-08,0,K1BE1-104-1041-143,K1BE1,1
T04,4-202-2023-123,202,2008-11-08,0,K1BE1-104-1041-143,K1BE1,1
T02,2-201-2011-874,201,2008-11-09,0,K1BE1-104-1041-1430,K1BE1,1
T02,2-201-2011-1625,201,2008-11-11,0,K1BE1-104-1041-1431,K1BE1,1
T02,2-201-2011-2053,201,2008-11-13,0,K1BE1-104-1041-1434,K1BE1,1
T02,2-201-2011-1432,201,2008-11-11,0,K1BE1-104-1041-1437,K1BE1,1
T03,3-202-2022-84,202,2008-11-08,0,K1BE1-104-1041-144,K1BE1,1
T04,4-202-2023-130,202,2008-11-08,0,K1BE1-104-1041-144,K1BE1,1
T02,2-201-2011-1678,201,2008-11-12,1,K1BE1-104-1041-1448,K1BE1,1
T01,1-201-2011-380,201,2008-11-07,1,K1BE1-104-1041-145,K1BE1,1
T03,3-202-2022-88,202,2008-11-08,0,K1BE1-104-1041-145,K1BE1,1
T04,4-202-2023-131,202,2008-11-08,0,K1BE1-104-1041-145,K1BE1,1
T02,2-201-2011-2227,201,2008-11-13,0,K1BE1-104-1041-1457,K1BE1,1
T03,3-202-2022-94,202,2008-11-08,0,K1BE1-104-1041-146,K1BE1,1
T04,4-202-2023-133,202,2008-11-08,0,K1BE1-104-1041-146,K1BE1,1
T02,2-201-2011-1406,201,2008-11-11,0,K1BE1-104-1041-1461,K1BE1,1
T03,3-202-2022-96,202,2008-11-08,0,K1BE1-104-1041-147,K1BE1,1
T04,4-202-2023-134,202,2008-11-08,0,K1BE1-104-1041-147,K1BE1,1
T03,3-202-2022-100,202,2008-11-08,0,K1BE1-104-1041-148,K1BE1,1
T04,4-202-2023-135,202,2008-11-08,0,K1BE1-104-1041-148,K1BE1,1
T02,2-201-2011-1413,201,2008-11-11,0,K1BE1-104-1041-1486,K1BE1,1
T03,3-202-2022-101,202,2008-11-08,0,K1BE1-104-1041-149,K1BE1,1
T04,4-202-2023-137,202,2008-11-08,0,K1BE1-104-1041-149,K1BE1,1
T02,2-201-2011-1366,201,2008-11-11,0,K1BE1-104-1041-1498,K1BE1,1
T03,3-202-2023-40,202,2008-11-07,0,K1BE1-104-1041-15,K1BE1,1
T04,4-202-2023-75,202,2008-11-07,0,K1BE1-104-1041-15,K1BE1,1
T01,1-201-2011-709,201,2008-11-08,1,K1BE1-104-1041-150,K1BE1,1
T03,3-202-2022-104,202,2008-11-08,0,K1BE1-104-1041-150,K1BE1,1
T04,4-202-2023-144,202,2008-11-08,1,K1BE1-104-1041-150,K1BE1,1
T02,2-201-2011-1667,201,2008-11-12,0,K1BE1-104-1041-1507,K1BE1,1
T01,1-201-2011-586,201,2008-11-08,0,K1BE1-104-1041-151,K1BE1,1
T03,3-202-2022-109,202,2008-11-08,0,K1BE1-104-1041-151,K1BE1,1
T04,4-202-2023-151,202,2008-11-08,0,K1BE1-104-1041-151,K1BE1,1
T02,2-201-2011-563,201,2008-11-08,0,K1BE1-104-1041-152,K1BE1,1
T03,3-202-2022-112,202,2008-11-08,0,K1BE1-104-1041-152,K1BE1,1
T04,4-202-2023-154,202,2008-11-08,0,K1BE1-104-1041-152,K1BE1,1
T02,2-201-2011-2005,201,2008-11-13,0,K1BE1-104-1041-1525,K1BE1,1
T02,2-201-2011-1664,201,2008-11-12,0,K1BE1-104-1041-1528,K1BE1,1
T03,3-202-2022-113,202,2008-11-08,0,K1BE1-104-1041-153,K1BE1,1
T04,4-202-2023-161,202,2008-11-08,0,K1BE1-104-1041-153,K1BE1,1
T02,2-201-2011-1223,201,2008-11-10,1,K1BE1-104-1041-1530,K1BE1,1
T01,1-201-2011-499,201,2008-11-08,1,K1BE1-104-1041-154,K1BE1,1
T03,3-202-2022-115,202,2008-11-08,0,K1BE1-104-1041-154,K1BE1,1
T04,4-202-2023-163,202,2008-11-08,0,K1BE1-104-1041-154,K1BE1,1
T02,2-201-2011-2035,201,2008-11-13,0,K1BE1-104-1041-1543,K1BE1,1
T02,2-201-2011-2271,201,2008-11-13,0,K1BE1-104-1041-1548,K1BE1,1
T01,1-201-2011-789,201,2008-11-08,1,K1BE1-104-1041-155,K1BE1,1
T03,3-202-2022-118,202,2008-11-08,0,K1BE1-104-1041-155,K1BE1,1
T04,4-202-2023-167,202,2008-11-08,0,K1BE1-104-1041-155,K1BE1,1
T02,2-201-2011-2188,201,2008-11-13,1,K1BE1-104-1041-1556,K1BE1,1
T03,3-202-2022-120,202,2008-11-08,1,K1BE1-104-1041-156,K1BE1,1
T04,4-202-2023-173,202,2008-11-08,0,K1BE1-104-1041-156,K1BE1,1
T02,2-201-2011-2116,201,2008-11-13,0,K1BE1-104-1041-1567,K1BE1,1
T02,2-201-2011-25,201,2008-11-07,0,K1BE1-104-1041-157,K1BE1,1
T03,3-202-2022-132,202,2008-11-08,0,K1BE1-104-1041-157,K1BE1,1
T04,4-202-2023-176,202,2008-11-08,0,K1BE1-104-1041-157,K1BE1,1
T02,2-201-2011-2423,201,2008-11-14,0,K1BE1-104-1041-1570,K1BE1,1
T02,2-201-2011-1999,201,2008-11-13,0,K1BE1-104-1041-1571,K1BE1,1
T02,2-201-2011-2439,201,2008-11-14,0,K1BE1-104-1041-1577,K1BE1,1
T03,3-202-2022-134,202,2008-11-08,1,K1BE1-104-1041-158,K1BE1,1
T04,4-202-2023-177,202,2008-11-08,0,K1BE1-104-1041-158,K1BE1,1
T02,2-201-2011-1680,201,2008-11-12,0,K1BE1-104-1041-1580,K1BE1,1
T02,2-201-2011-2387,201,2008-11-14,1,K1BE1-104-1041-1583,K1BE1,1
T02,2-201-2011-2533,201,2008-11-14,0,K1BE1-104-1041-1584,K1BE1,1
T02,2-201-2011-2373,201,2008-11-14,0,K1BE1-104-1041-1589,K1BE1,1
T03,3-202-2022-135,202,2008-11-08,0,K1BE1-104-1041-159,K1BE1,1
T04,4-202-2023-178,202,2008-11-08,0,K1BE1-104-1041-159,K1BE1,1
T02,2-201-2011-1962,201,2008-11-12,0,K1BE1-104-1041-1594,K1BE1,1
T02,2-201-2011-2066,201,2008-11-13,0,K1BE1-104-1041-1596,K1BE1,1
T01,1-201-2011-505,201,2008-11-08,0,K1BE1-104-1041-16,K1BE1,1
T03,3-202-2023-41,202,2008-11-07,0,K1BE1-104-1041-16,K1BE1,1
T04,4-202-2023-76,202,2008-11-07,0,K1BE1-104-1041-16,K1BE1,1
T01,1-201-2011-262,201,2008-11-07,0,K1BE1-104-1041-160,K1BE1,1
T03,3-202-2022-138,202,2008-11-08,0,K1BE1-104-1041-160,K1BE1,1
T04,4-202-2023-182,202,2008-11-08,0,K1BE1-104-1041-160,K1BE1,1
T02,2-201-2011-2225,201,2008-11-13,0,K1BE1-104-1041-1600,K1BE1,1
T02,2-201-2011-2074,201,2008-11-13,0,K1BE1-104-1041-1603,K1BE1,1
T01,1-201-2011-240,201,2008-11-07,1,K1BE1-104-1041-161,K1BE1,1
T03,3-202-2022-143,202,2008-11-08,1,K1BE1-104-1041-161,K1BE1,1
T04,4-202-2023-187,202,2008-11-08,0,K1BE1-104-1041-161,K1BE1,1
T02,2-201-2011-1828,201,2008-11-12,0,K1BE1-104-1041-1616,K1BE1,1
T03,3-202-2023-296,202,2008-11-08,0,K1BE1-104-1041-162,K1BE1,1
T04,4-202-2023-189,202,2008-11-08,1,K1BE1-104-1041-162,K1BE1,1
T02,2-201-2011-1832,201,2008-11-12,0,K1BE1-104-1041-1622,K1BE1,1
T01,1-201-2011-413,201,2008-11-07,1,K1BE1-104-1041-163,K1BE1,1
T03,3-202-2023-298,202,2008-11-08,0,K1BE1-104-1041-163,K1BE1,1
T04,4-202-2023-191,202,2008-11-08,0,K1BE1-104-1041-163,K1BE1,1
T02,2-201-2011-1972,201,2008-11-12,0,K1BE1-104-1041-1630,K1BE1,1
T03,3-202-2023-301,202,2008-11-08,0,K1BE1-104-1041-164,K1BE1,1
T04,4-202-2023-201,202,2008-11-08,0,K1BE1-104-1041-164,K1BE1,1
T02,2-201-2011-2546,201,2008-11-14,0,K1BE1-104-1041-1641,K1BE1,1
T02,2-201-2011-2501,201,2008-11-14,0,K1BE1-104-1041-1645,K1BE1,1
T01,1-201-2011-465,201,2008-11-08,1,K1BE1-104-1041-165,K1BE1,1
T03,3-202-2023-318,202,2008-11-08,0,K1BE1-104-1041-165,K1BE1,1
T04,4-202-2023-207,202,2008-11-08,0,K1BE1-104-1041-165,K1BE1,1
T02,2-201-2011-2321,201,2008-11-14,0,K1BE1-104-1041-1653,K1BE1,1
T02,2-201-2011-2467,201,2008-11-14,0,K1BE1-104-1041-1657,K1BE1,1
T03,3-202-2023-324,202,2008-11-08,0,K1BE1-104-1041-166,K1BE1,1
T04,4-202-2023-211,202,2008-11-08,0,K1BE1-104-1041-166,K1BE1,1
T02,2-201-2011-2295,201,2008-11-13,0,K1BE1-104-1041-1664,K1BE1,1
T01,1-201-2011-452,201,2008-11-08,0,K1BE1-104-1041-167,K1BE1,1
T03,3-202-2023-327,202,2008-11-08,0,K1BE1-104-1041-167,K1BE1,1
T04,4-202-2023-216,202,2008-11-08,0,K1BE1-104-1041-167,K1BE1,1
T02,2-201-2011-2247,201,2008-11-13,0,K1BE1-104-1041-1674,K1BE1,1
T03,3-202-2023-329,202,2008-11-08,0,K1BE1-104-1041-168,K1BE1,1
T04,4-202-2023-218,202,2008-11-08,0,K1BE1-104-1041-168,K1BE1,1
T02,2-201-2011-1688,201,2008-11-12,0,K1BE1-104-1041-1688,K1BE1,1
T01,1-201-2011-671,201,2008-11-08,0,K1BE1-104-1041-169,K1BE1,1
T02,2-201-2011-1569,201,2008-11-11,0,K1BE1-104-1041-1695,K1BE1,1
T03,3-202-2023-44,202,2008-11-07,0,K1BE1-104-1041-17,K1BE1,1
T04,4-202-2023-77,202,2008-11-07,1,K1BE1-104-1041-17,K1BE1,1
T01,1-201-2011-149,201,2008-11-07,0,K1BE1-104-1041-170,K1BE1,1
T02,2-201-2011-612,201,2008-11-08,0,K1BE1-104-1041-170,K1BE1,1
T03,3-202-2023-337,202,2008-11-08,0,K1BE1-104-1041-170,K1BE1,1
T04,4-202-2023-227,202,2008-11-08,0,K1BE1-104-1041-170,K1BE1,1
T03,3-202-2023-338,202,2008-11-08,0,K1BE1-104-1041-171,K1BE1,1
T04,4-202-2023-236,202,2008-11-08,0,K1BE1-104-1041-171,K1BE1,1
T02,2-201-2011-1910,201,2008-11-12,0,K1BE1-104-1041-1716,K1BE1,1
T02,2-201-2011-83,201,2008-11-07,0,K1BE1-104-1041-172,K1BE1,1
T03,3-202-2023-343,202,2008-11-08,0,K1BE1-104-1041-172,K1BE1,1
T04,4-204-2042-52,204,2008-11-08,0,K1BE1-104-1041-172,K1BE1,1
T01,1-201-2011-65,201,2008-11-07,1,K1BE1-104-1041-173,K1BE1,1
T02,2-201-2011-599,201,2008-11-08,0,K1BE1-104-1041-173,K1BE1,1
T03,3-202-2023-345,202,2008-11-08,0,K1BE1-104-1041-173,K1BE1,1
T04,4-204-2042-53,204,2008-11-08,0,K1BE1-104-1041-173,K1BE1,1
T03,3-202-2023-347,202,2008-11-08,0,K1BE1-104-1041-174,K1BE1,1
T04,4-204-2042-55,204,2008-11-08,0,K1BE1-104-1041-174,K1BE1,1
T03,3-202-2023-350,202,2008-11-08,0,K1BE1-104-1041-175,K1BE1,1
T04,4-204-2042-56,204,2008-11-08,0,K1BE1-104-1041-175,K1BE1,1
T02,2-201-2011-2164,201,2008-11-13,0,K1BE1-104-1041-1754,K1BE1,1
T01,1-201-2011-660,201,2008-11-08,0,K1BE1-104-1041-176,K1BE1,1
T03,3-202-2023-352,202,2008-11-08,0,K1BE1-104-1041-176,K1BE1,1
T04,4-204-2042-57,204,2008-11-08,0,K1BE1-104-1041-176,K1BE1,1
T03,3-202-2023-362,202,2008-11-08,0,K1BE1-104-1041-177,K1BE1,1
T04,4-204-2042-58,204,2008-11-08,0,K1BE1-104-1041-177,K1BE1,1
T02,2-201-2011-289,201,2008-11-07,0,K1BE1-104-1041-178,K1BE1,1
T03,3-202-2023-367,202,2008-11-08,0,K1BE1-104-1041-178,K1BE1,1
T04,4-204-2042-60,204,2008-11-08,0,K1BE1-104-1041-178,K1BE1,1
T03,3-202-2023-372,202,2008-11-08,0,K1BE1-104-1041-179,K1BE1,1
T04,4-204-2042-61,204,2008-11-08,0,K1BE1-104-1041-179,K1BE1,1
T03,3-202-2023-47,202,2008-11-07,0,K1BE1-104-1041-18,K1BE1,1
T04,4-202-2023-80,202,2008-11-07,0,K1BE1-104-1041-18,K1BE1,1
T02,2-201-2011-2961,201,2008-11-15,0,K1BE1-104-1041-1803,K1BE1,1
T02,2-201-2011-105,201,2008-11-07,0,K1BE1-104-1041-181,K1BE1,1
T03,3-202-2023-378,202,2008-11-08,0,K1BE1-104-1041-181,K1BE1,1
T04,4-204-2042-68,204,2008-11-08,0,K1BE1-104-1041-181,K1BE1,1
T02,2-201-2011-2160,201,2008-11-13,0,K1BE1-104-1041-1814,K1BE1,1
T03,3-202-2023-380,202,2008-11-08,0,K1BE1-104-1041-182,K1BE1,1
T04,4-204-2042-74,204,2008-11-08,1,K1BE1-104-1041-182,K1BE1,1
T01,1-201-2011-482,201,2008-11-08,0,K1BE1-104-1041-183,K1BE1,1
T03,3-202-2023-387,202,2008-11-08,0,K1BE1-104-1041-183,K1BE1,1
T04,4-204-2042-76,204,2008-11-08,0,K1BE1-104-1041-183,K1BE1,1
T02,2-201-2011-2251,201,2008-11-13,0,K1BE1-104-1041-1835,K1BE1,1
T03,3-202-2023-388,202,2008-11-08,0,K1BE1-104-1041-184,K1BE1,1
T04,4-204-2042-80,204,2008-11-08,0,K1BE1-104-1041-184,K1BE1,1
T02,2-201-2011-277,201,2008-11-07,0,K1BE1-104-1041-185,K1BE1,1
T03,3-202-2023-389,202,2008-11-08,0,K1BE1-104-1041-185,K1BE1,1
T04,4-204-2042-82,204,2008-11-08,1,K1BE1-104-1041-185,K1BE1,1
T03,3-202-2023-400,202,2008-11-08,0,K1BE1-104-1041-186,K1BE1,1
T04,4-204-2042-83,204,2008-11-08,0,K1BE1-104-1041-186,K1BE1,1
T03,3-202-2023-404,202,2008-11-08,0,K1BE1-104-1041-187,K1BE1,1
T04,4-204-2042-84,204,2008-11-08,0,K1BE1-104-1041-187,K1BE1,1
T03,3-202-2023-407,202,2008-11-08,0,K1BE1-104-1041-188,K1BE1,1
T04,4-204-2042-85,204,2008-11-08,0,K1BE1-104-1041-188,K1BE1,1
T02,2-201-2011-1798,201,2008-11-12,0,K1BE1-104-1041-1882,K1BE1,1
T01,1-201-2011-642,201,2008-11-08,0,K1BE1-104-1041-189,K1BE1,1
T03,3-202-2023-411,202,2008-11-08,0,K1BE1-104-1041-189,K1BE1,1
T04,4-204-2042-89,204,2008-11-08,0,K1BE1-104-1041-189,K1BE1,1
T02,2-201-2011-2628,201,2008-11-14,0,K1BE1-104-1041-1897,K1BE1,1
T02,2-201-2011-214,201,2008-11-07,0,K1BE1-104-1041-19,K1BE1,1
T03,3-202-2023-49,202,2008-11-07,1,K1BE1-104-1041-19,K1BE1,1
T04,4-202-2023-82,202,2008-11-07,0,K1BE1-104-1041-19,K1BE1,1
T03,3-202-2023-416,202,2008-11-08,0,K1BE1-104-1041-190,K1BE1,1
T04,4-204-2042-93,204,2008-11-08,0,K1BE1-104-1041-190,K1BE1,1
T01,1-201-2011-333,201,2008-11-07,1,K1BE1-104-1041-191,K1BE1,1
T03,3-202-2023-419,202,2008-11-08,0,K1BE1-104-1041-191,K1BE1,1
T04,4-204-2042-94,204,2008-11-08,0,K1BE1-104-1041-191,K1BE1,1
T02,2-201-2011-217,201,2008-11-07,0,K1BE1-104-1041-192,K1BE1,1
T03,3-202-2023-420,202,2008-11-08,0,K1BE1-104-1041-192,K1BE1,1
T04,4-204-2043-239,204,2008-11-08,0,K1BE1-104-1041-192,K1BE1,1
T03,3-202-2023-424,202,2008-11-08,0,K1BE1-104-1041-193,K1BE1,1
T04,4-204-2043-246,204,2008-11-08,0,K1BE1-104-1041-193,K1BE1,1
T03,3-202-2023-429,202,2008-11-08,0,K1BE1-104-1041-194,K1BE1,1
T04,4-204-2043-249,204,2008-11-08,0,K1BE1-104-1041-194,K1BE1,1
T01,1-201-2011-316,201,2008-11-07,1,K1BE1-104-1041-195,K1BE1,1
T02,2-201-2011-131,201,2008-11-07,0,K1BE1-104-1041-195,K1BE1,1
T03,3-202-2023-430,202,2008-11-08,0,K1BE1-104-1041-195,K1BE1,1
T04,4-204-2043-255,204,2008-11-08,0,K1BE1-104-1041-195,K1BE1,1
T01,1-201-2011-407,201,2008-11-07,0,K1BE1-104-1041-196,K1BE1,1
T02,2-201-2011-262,201,2008-11-07,1,K1BE1-104-1041-196,K1BE1,1
T03,3-202-2023-442,202,2008-11-08,0,K1BE1-104-1041-196,K1BE1,1
T04,4-204-2043-262,204,2008-11-08,0,K1BE1-104-1041-196,K1BE1,1
T01,1-201-2011-226,201,2008-11-07,1,K1BE1-104-1041-197,K1BE1,1
T02,2-201-2011-310,201,2008-11-07,1,K1BE1-104-1041-197,K1BE1,1
T01,1-201-2011-342,201,2008-11-07,1,K1BE1-104-1041-198,K1BE1,1
T03,3-202-2023-447,202,2008-11-08,0,K1BE1-104-1041-198,K1BE1,1
T04,4-204-2043-265,204,2008-11-08,0,K1BE1-104-1041-198,K1BE1,1
T01,1-201-2011-116,201,2008-11-07,0,K1BE1-104-1041-199,K1BE1,1
T02,2-201-2011-439,201,2008-11-08,1,K1BE1-104-1041-199,K1BE1,1
T03,3-202-2023-449,202,2008-11-08,0,K1BE1-104-1041-199,K1BE1,1
T04,4-204-2043-267,204,2008-11-08,0,K1BE1-104-1041-199,K1BE1,1
T02,2-201-2011-499,201,2008-11-08,0,K1BE1-104-1041-2,K1BE1,1
T03,3-202-2023-18,202,2008-11-07,0,K1BE1-104-1041-2,K1BE1,1
T04,4-202-2023-50,202,2008-11-07,0,K1BE1-104-1041-2,K1BE1,1
T03,3-202-2023-52,202,2008-11-07,0,K1BE1-104-1041-20,K1BE1,1
T04,4-202-2023-90,202,2008-11-07,0,K1BE1-104-1041-20,K1BE1,1
T02,2-201-2011-487,201,2008-11-08,1,K1BE1-104-1041-200,K1BE1,1
T03,3-202-2023-454,202,2008-11-08,1,K1BE1-104-1041-200,K1BE1,1
T04,4-204-2043-268,204,2008-11-08,0,K1BE1-104-1041-200,K1BE1,1
T01,1-201-2011-251,201,2008-11-07,0,K1BE1-104-1041-201,K1BE1,1
T03,3-202-2023-461,202,2008-11-08,0,K1BE1-104-1041-201,K1BE1,1
T04,4-204-2043-271,204,2008-11-08,0,K1BE1-104-1041-201,K1BE1,1
T03,3-202-2023-465,202,2008-11-08,1,K1BE1-104-1041-202,K1BE1,1
T04,4-204-2043-273,204,2008-11-08,0,K1BE1-104-1041-202,K1BE1,1
T01,1-201-2011-409,201,2008-11-07,1,K1BE1-104-1041-203,K1BE1,1
T03,3-202-2023-467,202,2008-11-08,0,K1BE1-104-1041-203,K1BE1,1
T04,4-204-2043-276,204,2008-11-08,1,K1BE1-104-1041-203,K1BE1,1
T01,1-201-2011-812,201,2008-11-08,1,K1BE1-104-1041-204,K1BE1,1
T02,2-201-2011-50,201,2008-11-07,0,K1BE1-104-1041-204,K1BE1,1
T03,3-202-2023-476,202,2008-11-08,0,K1BE1-104-1041-204,K1BE1,1
T04,4-204-2043-282,204,2008-11-08,0,K1BE1-104-1041-204,K1BE1,1
T01,1-201-2011-673,201,2008-11-08,1,K1BE1-104-1041-205,K1BE1,1
T02,2-201-2011-18,201,2008-11-07,0,K1BE1-104-1041-205,K1BE1,1
T03,3-202-2023-482,202,2008-11-08,0,K1BE1-104-1041-205,K1BE1,1
T04,4-204-2043-283,204,2008-11-08,0,K1BE1-104-1041-205,K1BE1,1
T02,2-201-2011-552,201,2008-11-08,0,K1BE1-104-1041-206,K1BE1,1
T03,3-202-2023-486,202,2008-11-08,0,K1BE1-104-1041-206,K1BE1,1
T04,4-204-2043-284,204,2008-11-08,0,K1BE1-104-1041-206,K1BE1,1
T01,1-201-2011-772,201,2008-11-08,0,K1BE1-104-1041-207,K1BE1,1
T03,3-202-2023-488,202,2008-11-08,0,K1BE1-104-1041-207,K1BE1,1
T04,4-204-2043-289,204,2008-11-08,0,K1BE1-104-1041-207,K1BE1,1
T03,3-202-2023-489,202,2008-11-08,0,K1BE1-104-1041-208,K1BE1,1
T04,4-204-2043-290,204,2008-11-08,0,K1BE1-104-1041-208,K1BE1,1
T03,3-202-2023-53,202,2008-11-07,0,K1BE1-104-1041-21,K1BE1,1
T04,4-202-2023-91,202,2008-11-07,0,K1BE1-104-1041-21,K1BE1,1
T01,1-201-2011-533,201,2008-11-08,0,K1BE1-104-1041-210,K1BE1,1
T03,3-202-2023-497,202,2008-11-08,0,K1BE1-104-1041-210,K1BE1,1
T04,4-204-2043-297,204,2008-11-08,1,K1BE1-104-1041-210,K1BE1,1
T03,3-202-2023-501,202,2008-11-08,0,K1BE1-104-1041-211,K1BE1,1
T04,4-204-2043-303,204,2008-11-08,0,K1BE1-104-1041-211,K1BE1,1
T03,3-202-2023-502,202,2008-11-08,0,K1BE1-104-1041-212,K1BE1,1
T04,4-204-2043-304,204,2008-11-08,0,K1BE1-104-1041-212,K1BE1,1
T03,3-202-2023-506,202,2008-11-08,0,K1BE1-104-1041-213,K1BE1,1
T04,4-204-2043-306,204,2008-11-08,0,K1BE1-104-1041-213,K1BE1,1
T01,1-201-2011-308,201,2008-11-07,0,K1BE1-104-1041-214,K1BE1,1
T03,3-202-2023-507,202,2008-11-08,1,K1BE1-104-1041-214,K1BE1,1
T04,4-204-2043-312,204,2008-11-08,0,K1BE1-104-1041-214,K1BE1,1
T02,2-201-2011-266,201,2008-11-07,0,K1BE1-104-1041-215,K1BE1,1
T03,3-202-2023-527,202,2008-11-08,0,K1BE1-104-1041-215,K1BE1,1
T04,4-204-2043-319,204,2008-11-08,0,K1BE1-104-1041-215,K1BE1,1
T02,2-201-2011-324,201,2008-11-07,0,K1BE1-104-1041-216,K1BE1,1
T03,3-202-2023-529,202,2008-11-08,1,K1BE1-104-1041-216,K1BE1,1
T04,4-204-2043-323,204,2008-11-08,0,K1BE1-104-1041-216,K1BE1,1
T01,1-201-2011-91,201,2008-11-07,0,K1BE1-104-1041-217,K1BE1,1
T03,3-202-2023-535,202,2008-11-08,0,K1BE1-104-1041-217,K1BE1,1
T04,4-204-2043-324,204,2008-11-08,0,K1BE1-104-1041-217,K1BE1,1
T02,2-201-2011-373,201,2008-11-08,0,K1BE1-104-1041-218,K1BE1,1
T03,3-202-2023-541,202,2008-11-08,0,K1BE1-104-1041-218,K1BE1,1
T04,4-204-2043-328,204,2008-11-08,0,K1BE1-104-1041-218,K1BE1,1
T01,1-201-2011-259,201,2008-11-07,0,K1BE1-104-1041-219,K1BE1,1
T03,3-202-2023-545,202,2008-11-08,0,K1BE1-104-1041-219,K1BE1,1
T04,4-204-2043-331,204,2008-11-08,0,K1BE1-104-1041-219,K1BE1,1
T01,1-201-2011-820,201,2008-11-08,0,K1BE1-104-1041-22,K1BE1,1
T03,3-202-2023-56,202,2008-11-07,0,K1BE1-104-1041-22,K1BE1,1
T04,4-202-2023-102,202,2008-11-07,0,K1BE1-104-1041-22,K1BE1,1
T03,3-202-2023-546,202,2008-11-08,0,K1BE1-104-1041-220,K1BE1,1
T04,4-204-2043-333,204,2008-11-08,0,K1BE1-104-1041-220,K1BE1,1
T01,1-201-2011-261,201,2008-11-07,1,K1BE1-104-1041-221,K1BE1,1
T01,1-201-2011-788,201,2008-11-08,0,K1BE1-104-1041-223,K1BE1,1
T03,3-202-2023-553,202,2008-11-08,0,K1BE1-104-1041-223,K1BE1,1
T04,4-204-2043-338,204,2008-11-08,0,K1BE1-104-1041-223,K1BE1,1
T01,1-201-2011-493,201,2008-11-08,1,K1BE1-104-1041-224,K1BE1,1
T02,2-201-2011-240,201,2008-11-07,0,K1BE1-104-1041-224,K1BE1,1
T03,3-202-2023-554,202,2008-11-08,0,K1BE1-104-1041-224,K1BE1,1
T04,4-204-2043-340,204,2008-11-08,0,K1BE1-104-1041-224,K1BE1,1
T03,3-202-2023-556,202,2008-11-08,0,K1BE1-104-1041-225,K1BE1,1
T04,4-204-2043-346,204,2008-11-08,0,K1BE1-104-1041-225,K1BE1,1
T03,3-202-2023-559,202,2008-11-08,0,K1BE1-104-1041-226,K1BE1,1
T04,4-204-2043-349,204,2008-11-08,0,K1BE1-104-1041-226,K1BE1,1
T03,3-202-2023-562,202,2008-11-08,0,K1BE1-104-1041-227,K1BE1,1
T04,4-204-2043-350,204,2008-11-08,0,K1BE1-104-1041-227,K1BE1,1
T02,2-201-2011-437,201,2008-11-08,0,K1BE1-104-1041-228,K1BE1,1
T03,3-202-2023-563,202,2008-11-08,0,K1BE1-104-1041-228,K1BE1,1
T04,4-204-2043-357,204,2008-11-08,0,K1BE1-104-1041-228,K1BE1,1
T03,3-202-2023-57,202,2008-11-07,0,K1BE1-104-1041-23,K1BE1,1
T04,4-202-2023-103,202,2008-11-07,0,K1BE1-104-1041-23,K1BE1,1
T01,1-201-2011-579,201,2008-11-08,0,K1BE1-104-1041-231,K1BE1,1
T03,3-202-2023-569,202,2008-11-08,0,K1BE1-104-1041-231,K1BE1,1
T04,4-204-2043-378,204,2008-11-08,0,K1BE1-104-1041-231,K1BE1,1
T03,3-202-2023-570,202,2008-11-08,0,K1BE1-104-1041-232,K1BE1,1
T04,4-204-2043-379,204,2008-11-08,0,K1BE1-104-1041-232,K1BE1,1
T01,1-201-2011-102,201,2008-11-07,0,K1BE1-104-1041-233,K1BE1,1
T02,2-201-2011-359,201,2008-11-08,0,K1BE1-104-1041-233,K1BE1,1
T03,3-202-2023-574,202,2008-11-08,0,K1BE1-104-1041-233,K1BE1,1
T04,4-204-2043-381,204,2008-11-08,0,K1BE1-104-1041-233,K1BE1,1
T03,3-202-2023-579,202,2008-11-08,0,K1BE1-104-1041-234,K1BE1,1
T04,4-204-2043-386,204,2008-11-08,0,K1BE1-104-1041-234,K1BE1,1
T03,3-202-2023-580,202,2008-11-08,0,K1BE1-104-1041-235,K1BE1,1
T04,4-204-2043-394,204,2008-11-08,0,K1BE1-104-1041-235,K1BE1,1
T01,1-201-2011-434,201,2008-11-07,0,K1BE1-104-1041-236,K1BE1,1
T03,3-202-2023-581,202,2008-11-08,1,K1BE1-104-1041-236,K1BE1,1
T04,4-204-2043-406,204,2008-11-08,1,K1BE1-104-1041-236,K1BE1,1
T01,1-201-2011-391,201,2008-11-07,0,K1BE1-104-1041-237,K1BE1,1
T03,3-201-2011-12,201,2008-11-08,0,K1BE1-104-1041-237,K1BE1,1
T04,4-204-2043-413,204,2008-11-08,0,K1BE1-104-1041-237,K1BE1,1
T03,3-201-2012-40,201,2008-11-08,1,K1BE1-104-1041-238,K1BE1,1
T04,4-204-2043-418,204,2008-11-08,0,K1BE1-104-1041-238,K1BE1,1
T01,1-201-2011-384,201,2008-11-07,0,K1BE1-104-1041-239,K1BE1,1
T03,3-201-2012-49,201,2008-11-08,0,K1BE1-104-1041-239,K1BE1,1
T04,4-204-2043-423,204,2008-11-08,0,K1BE1-104-1041-239,K1BE1,1
T03,3-202-2023-59,202,2008-11-07,1,K1BE1-104-1041-24,K1BE1,1
T04,4-202-2023-104,202,2008-11-07,1,K1BE1-104-1041-24,K1BE1,1
T02,2-201-2011-142,201,2008-11-07,0,K1BE1-104-1041-240,K1BE1,1
T03,3-201-2012-51,201,2008-11-08,0,K1BE1-104-1041-240,K1BE1,1
T04,4-204-2043-424,204,2008-11-08,0,K1BE1-104-1041-240,K1BE1,1
T03,3-201-2012-52,201,2008-11-08,0,K1BE1-104-1041-241,K1BE1,1
T04,4-204-2043-435,204,2008-11-08,0,K1BE1-104-1041-241,K1BE1,1
T03,3-201-2012-62,201,2008-11-08,0,K1BE1-104-1041-242,K1BE1,1
T04,4-204-2043-442,204,2008-11-08,0,K1BE1-104-1041-242,K1BE1,1
T01,1-201-2011-693,201,2008-11-08,1,K1BE1-104-1041-243,K1BE1,1
T03,3-202-2022-167,202,2008-11-09,0,K1BE1-104-1041-243,K1BE1,1
T04,4-204-2043-452,204,2008-11-08,0,K1BE1-104-1041-243,K1BE1,1
T01,1-201-2011-822,201,2008-11-08,1,K1BE1-104-1041-244,K1BE1,1
T03,3-202-2022-183,202,2008-11-09,0,K1BE1-104-1041-244,K1BE1,1
T04,4-204-2043-462,204,2008-11-08,0,K1BE1-104-1041-244,K1BE1,1
T03,3-202-2023-382,202,2008-11-08,0,K1BE1-104-1041-245,K1BE1,1
T04,4-204-2043-240,204,2008-11-08,0,K1BE1-104-1041-245,K1BE1,1
T02,2-201-2011-471,201,2008-11-08,0,K1BE1-104-1041-246,K1BE1,1
T03,3-202-2023-383,202,2008-11-08,0,K1BE1-104-1041-246,K1BE1,1
T04,4-204-2043-242,204,2008-11-08,0,K1BE1-104-1041-246,K1BE1,1
T03,3-202-2023-384,202,2008-11-08,0,K1BE1-104-1041-247,K1BE1,1
T04,4-204-2043-243,204,2008-11-08,0,K1BE1-104-1041-247,K1BE1,1
T02,2-201-2011-834,201,2008-11-09,0,K1BE1-104-1041-248,K1BE1,1
T03,3-202-2023-385,202,2008-11-08,0,K1BE1-104-1041-248,K1BE1,1
T04,4-204-2043-252,204,2008-11-08,0,K1BE1-104-1041-248,K1BE1,1
T03,3-202-2023-386,202,2008-11-08,0,K1BE1-104-1041-249,K1BE1,1
T04,4-204-2043-253,204,2008-11-08,0,K1BE1-104-1041-249,K1BE1,1
T03,3-202-2023-64,202,2008-11-07,1,K1BE1-104-1041-25,K1BE1,1
T04,4-202-2023-110,202,2008-11-07,0,K1BE1-104-1041-25,K1BE1,1
T03,3-202-2023-391,202,2008-11-08,0,K1BE1-104-1041-250,K1BE1,1
T04,4-204-2043-256,204,2008-11-08,0,K1BE1-104-1041-250,K1BE1,1
T01,1-201-2011-616,201,2008-11-08,1,K1BE1-104-1041-251,K1BE1,1
T03,3-202-2023-392,202,2008-11-08,0,K1BE1-104-1041-251,K1BE1,1
T04,4-204-2043-257,204,2008-11-08,0,K1BE1-104-1041-251,K1BE1,1
T01,1-201-2011-670,201,2008-11-08,0,K1BE1-104-1041-252,K1BE1,1
T03,3-202-2023-393,202,2008-11-08,1,K1BE1-104-1041-252,K1BE1,1
T04,4-204-2043-259,204,2008-11-08,0,K1BE1-104-1041-252,K1BE1,1
T01,1-201-2011-1130,201,2008-11-09,0,K1BE1-104-1041-253,K1BE1,1
T03,3-202-2023-394,202,2008-11-08,1,K1BE1-104-1041-253,K1BE1,1
T04,4-204-2043-260,204,2008-11-08,0,K1BE1-104-1041-253,K1BE1,1
T01,1-201-2011-249,201,2008-11-07,1,K1BE1-104-1041-254,K1BE1,1
T01,1-201-2011-564,201,2008-11-08,1,K1BE1-104-1041-255,K1BE1,1
T03,3-202-2023-396,202,2008-11-08,0,K1BE1-104-1041-255,K1BE1,1
T04,4-204-2043-263,204,2008-11-08,0,K1BE1-104-1041-255,K1BE1,1
T03,3-202-2023-397,202,2008-11-08,0,K1BE1-104-1041-256,K1BE1,1
T04,4-204-2043-269,204,2008-11-08,0,K1BE1-104-1041-256,K1BE1,1
T03,3-202-2023-398,202,2008-11-08,0,K1BE1-104-1041-257,K1BE1,1
T04,4-204-2043-272,204,2008-11-08,0,K1BE1-104-1041-257,K1BE1,1
T01,1-201-2011-669,201,2008-11-08,1,K1BE1-104-1041-258,K1BE1,1
T02,2-201-2011-951,201,2008-11-09,0,K1BE1-104-1041-258,K1BE1,1
T02,2-201-2011-378,201,2008-11-08,0,K1BE1-104-1041-259,K1BE1,1
T03,3-202-2023-401,202,2008-11-08,0,K1BE1-104-1041-259,K1BE1,1
T04,4-204-2043-280,204,2008-11-08,0,K1BE1-104-1041-259,K1BE1,1
T03,3-202-2023-66,202,2008-11-07,0,K1BE1-104-1041-26,K1BE1,1
T04,4-202-2023-111,202,2008-11-07,0,K1BE1-104-1041-26,K1BE1,1
T02,2-201-2011-958,201,2008-11-09,0,K1BE1-104-1041-260,K1BE1,1
T03,3-202-2023-402,202,2008-11-08,0,K1BE1-104-1041-260,K1BE1,1
T04,4-204-2043-285,204,2008-11-08,0,K1BE1-104-1041-260,K1BE1,1
T03,3-202-2023-403,202,2008-11-08,0,K1BE1-104-1041-261,K1BE1,1
T04,4-204-2043-286,204,2008-11-08,0,K1BE1-104-1041-261,K1BE1,1
T01,1-201-2011-663,201,2008-11-08,0,K1BE1-104-1041-262,K1BE1,1
T03,3-202-2023-406,202,2008-11-08,1,K1BE1-104-1041-263,K1BE1,1
T04,4-204-2043-295,204,2008-11-08,0,K1BE1-104-1041-263,K1BE1,1
T02,2-201-2011-194,201,2008-11-07,0,K1BE1-104-1041-264,K1BE1,1
T03,3-202-2023-408,202,2008-11-08,0,K1BE1-104-1041-264,K1BE1,1
T04,4-204-2043-296,204,2008-11-08,0,K1BE1-104-1041-264,K1BE1,1
T01,1-201-2011-584,201,2008-11-08,0,K1BE1-104-1041-266,K1BE1,1
T03,3-202-2023-412,202,2008-11-08,0,K1BE1-104-1041-266,K1BE1,1
T04,4-204-2043-301,204,2008-11-08,0,K1BE1-104-1041-266,K1BE1,1
T01,1-201-2011-21,201,2008-11-07,0,K1BE1-104-1041-267,K1BE1,1
T02,2-201-2011-898,201,2008-11-09,0,K1BE1-104-1041-267,K1BE1,1
T03,3-202-2023-427,202,2008-11-08,0,K1BE1-104-1041-267,K1BE1,1
T04,4-204-2043-302,204,2008-11-08,0,K1BE1-104-1041-267,K1BE1,1
T02,2-201-2011-400,201,2008-11-08,0,K1BE1-104-1041-268,K1BE1,1
T03,3-202-2023-431,202,2008-11-08,0,K1BE1-104-1041-268,K1BE1,1
T04,4-204-2043-310,204,2008-11-08,0,K1BE1-104-1041-268,K1BE1,1
T03,3-202-2023-432,202,2008-11-08,0,K1BE1-104-1041-269,K1BE1,1
T04,4-204-2043-313,204,2008-11-08,0,K1BE1-104-1041-269,K1BE1,1
T02,2-201-2011-629,201,2008-11-08,0,K1BE1-104-1041-27,K1BE1,1
T03,3-202-2023-68,202,2008-11-07,0,K1BE1-104-1041-27,K1BE1,1
T04,4-202-2023-114,202,2008-11-07,0,K1BE1-104-1041-27,K1BE1,1
T03,3-202-2023-434,202,2008-11-08,0,K1BE1-104-1041-270,K1BE1,1
T04,4-204-2043-316,204,2008-11-08,0,K1BE1-104-1041-270,K1BE1,1
T01,1-201-2011-976,201,2008-11-09,0,K1BE1-104-1041-271,K1BE1,1
T03,3-202-2023-435,202,2008-11-08,0,K1BE1-104-1041-271,K1BE1,1
T04,4-204-2043-317,204,2008-11-08,0,K1BE1-104-1041-271,K1BE1,1
T02,2-201-2011-1237,201,2008-11-10,0,K1BE1-104-1041-272,K1BE1,1
T03,3-202-2023-437,202,2008-11-08,1,K1BE1-104-1041-272,K1BE1,1
T04,4-204-2043-318,204,2008-11-08,0,K1BE1-104-1041-272,K1BE1,1
T03,3-202-2023-439,202,2008-11-08,0,K1BE1-104-1041-273,K1BE1,1
T04,4-204-2043-321,204,2008-11-08,0,K1BE1-104-1041-273,K1BE1,1
T02,2-201-2011-189,201,2008-11-07,0,K1BE1-104-1041-274,K1BE1,1
T03,3-202-2023-440,202,2008-11-08,0,K1BE1-104-1041-274,K1BE1,1
T04,4-204-2043-322,204,2008-11-08,0,K1BE1-104-1041-274,K1BE1,1
T03,3-202-2023-441,202,2008-11-08,0,K1BE1-104-1041-275,K1BE1,1
T04,4-204-2043-327,204,2008-11-08,0,K1BE1-104-1041-275,K1BE1,1
T01,1-201-2011-315,201,2008-11-07,0,K1BE1-104-1041-276,K1BE1,1
T03,3-202-2023-445,202,2008-11-08,0,K1BE1-104-1041-276,K1BE1,1
T04,4-204-2043-332,204,2008-11-08,0,K1BE1-104-1041-276,K1BE1,1
T02,2-201-2011-166,201,2008-11-07,0,K1BE1-104-1041-277,K1BE1,1
T03,3-202-2023-450,202,2008-11-08,0,K1BE1-104-1041-277,K1BE1,1
T04,4-204-2043-339,204,2008-11-08,0,K1BE1-104-1041-277,K1BE1,1
T02,2-201-2011-223,201,2008-11-07,0,K1BE1-104-1041-278,K1BE1,1
T01,1-201-2011-596,201,2008-11-08,1,K1BE1-104-1041-279,K1BE1,1
T02,2-201-2011-771,201,2008-11-09,0,K1BE1-104-1041-279,K1BE1,1
T03,3-202-2023-71,202,2008-11-07,0,K1BE1-104-1041-28,K1BE1,1
T04,4-202-2023-115,202,2008-11-07,0,K1BE1-104-1041-28,K1BE1,1
T03,3-202-2023-456,202,2008-11-08,0,K1BE1-104-1041-280,K1BE1,1
T04,4-204-2043-344,204,2008-11-08,0,K1BE1-104-1041-280,K1BE1,1
T03,3-202-2023-457,202,2008-11-08,0,K1BE1-104-1041-281,K1BE1,1
T04,4-204-2043-347,204,2008-11-08,1,K1BE1-104-1041-281,K1BE1,1
T01,1-201-2011-779,201,2008-11-08,1,K1BE1-104-1041-282,K1BE1,1
T03,3-202-2023-458,202,2008-11-08,0,K1BE1-104-1041-282,K1BE1,1
T04,4-204-2043-351,204,2008-11-08,0,K1BE1-104-1041-282,K1BE1,1
T01,1-201-2011-562,201,2008-11-08,1,K1BE1-104-1041-283,K1BE1,1
T03,3-202-2023-464,202,2008-11-08,0,K1BE1-104-1041-284,K1BE1,1
T04,4-204-2043-354,204,2008-11-08,0,K1BE1-104-1041-284,K1BE1,1
T02,2-201-2011-351,201,2008-11-08,0,K1BE1-104-1041-285,K1BE1,1
T03,3-202-2023-469,202,2008-11-08,0,K1BE1-104-1041-285,K1BE1,1
T04,4-204-2043-355,204,2008-11-08,0,K1BE1-104-1041-285,K1BE1,1
T03,3-202-2023-470,202,2008-11-08,0,K1BE1-104-1041-286,K1BE1,1
T04,4-204-2043-356,204,2008-11-08,0,K1BE1-104-1041-286,K1BE1,1
T02,2-201-2011-819,201,2008-11-09,0,K1BE1-104-1041-287,K1BE1,1
T03,3-202-2023-475,202,2008-11-08,0,K1BE1-104-1041-287,K1BE1,1
T04,4-204-2043-361,204,2008-11-08,0,K1BE1-104-1041-287,K1BE1,1
T02,2-201-2011-45,201,2008-11-07,0,K1BE1-104-1041-288,K1BE1,1
T03,3-202-2023-477,202,2008-11-08,0,K1BE1-104-1041-288,K1BE1,1
T04,4-204-2043-362,204,2008-11-08,0,K1BE1-104-1041-288,K1BE1,1
T03,3-202-2023-478,202,2008-11-08,0,K1BE1-104-1041-289,K1BE1,1
T04,4-204-2043-363,204,2008-11-08,0,K1BE1-104-1041-289,K1BE1,1
T01,1-201-2011-1201,201,2008-11-09,0,K1BE1-104-1041-29,K1BE1,1
T03,3-202-2023-74,202,2008-11-07,0,K1BE1-104-1041-29,K1BE1,1
T04,4-202-2023-119,202,2008-11-07,0,K1BE1-104-1041-29,K1BE1,1
T01,1-201-2011-649,201,2008-11-08,0,K1BE1-104-1041-290,K1BE1,1
T03,3-202-2023-480,202,2008-11-08,0,K1BE1-104-1041-290,K1BE1,1
T04,4-204-2043-364,204,2008-11-08,0,K1BE1-104-1041-290,K1BE1,1
T03,3-202-2023-484,202,2008-11-08,0,K1BE1-104-1041-292,K1BE1,1
T04,4-204-2043-367,204,2008-11-08,0,K1BE1-104-1041-292,K1BE1,1
T02,2-201-2011-496,201,2008-11-08,0,K1BE1-104-1041-293,K1BE1,1
T03,3-202-2023-485,202,2008-11-08,0,K1BE1-104-1041-293,K1BE1,1
T04,4-204-2043-370,204,2008-11-08,0,K1BE1-104-1041-293,K1BE1,1
T03,3-202-2023-492,202,2008-11-08,0,K1BE1-104-1041-294,K1BE1,1
T04,4-204-2043-371,204,2008-11-08,1,K1BE1-104-1041-294,K1BE1,1
T01,1-201-2011-113,201,2008-11-07,0,K1BE1-104-1041-296,K1BE1,1
T03,3-202-2023-494,202,2008-11-08,0,K1BE1-104-1041-296,K1BE1,1
T04,4-204-2043-373,204,2008-11-08,0,K1BE1-104-1041-296,K1BE1,1
T03,3-202-2023-495,202,2008-11-08,0,K1BE1-104-1041-297,K1BE1,1
T04,4-204-2043-375,204,2008-11-08,0,K1BE1-104-1041-297,K1BE1,1
T01,1-201-2011-106,201,2008-11-07,1,K1BE1-104-1041-298,K1BE1,1
T02,2-201-2011-923,201,2008-11-09,0,K1BE1-104-1041-298,K1BE1,1
T03,3-202-2023-496,202,2008-11-08,0,K1BE1-104-1041-298,K1BE1,1
T04,4-204-2043-377,204,2008-11-08,0,K1BE1-104-1041-298,K1BE1,1
T01,1-201-2011-488,201,2008-11-08,0,K1BE1-104-1041-299,K1BE1,1
T03,3-202-2023-498,202,2008-11-08,0,K1BE1-104-1041-299,K1BE1,1
T04,4-204-2043-380,204,2008-11-08,0,K1BE1-104-1041-299,K1BE1,1
T01,1-201-2011-194,201,2008-11-07,0,K1BE1-104-1041-3,K1BE1,1
T03,3-202-2023-20,202,2008-11-07,0,K1BE1-104-1041-3,K1BE1,1
T04,4-202-2023-53,202,2008-11-07,0,K1BE1-104-1041-3,K1BE1,1
T03,3-202-2023-75,202,2008-11-07,0,K1BE1-104-1041-30,K1BE1,1
T04,4-202-2023-120,202,2008-11-07,0,K1BE1-104-1041-30,K1BE1,1
T02,2-201-2011-23,201,2008-11-07,0,K1BE1-104-1041-300,K1BE1,1
T03,3-202-2023-503,202,2008-11-08,0,K1BE1-104-1041-300,K1BE1,1
T04,4-204-2043-382,204,2008-11-08,0,K1BE1-104-1041-300,K1BE1,1
T02,2-201-2011-505,201,2008-11-08,0,K1BE1-104-1041-301,K1BE1,1
T03,3-202-2023-505,202,2008-11-08,0,K1BE1-104-1041-301,K1BE1,1
T04,4-204-2043-384,204,2008-11-08,0,K1BE1-104-1041-301,K1BE1,1
T03,3-202-2023-509,202,2008-11-08,0,K1BE1-104-1041-302,K1BE1,1
T04,4-204-2043-395,204,2008-11-08,1,K1BE1-104-1041-302,K1BE1,1
T01,1-201-2011-775,201,2008-11-08,0,K1BE1-104-1041-303,K1BE1,1
T03,3-202-2023-510,202,2008-11-08,0,K1BE1-104-1041-303,K1BE1,1
T04,4-204-2043-396,204,2008-11-08,0,K1BE1-104-1041-303,K1BE1,1
T01,1-201-2011-1062,201,2008-11-09,0,K1BE1-104-1041-305,K1BE1,1
T03,3-202-2023-512,202,2008-11-08,0,K1BE1-104-1041-305,K1BE1,1
T04,4-204-2043-398,204,2008-11-08,0,K1BE1-104-1041-305,K1BE1,1
T01,1-201-2011-731,201,2008-11-08,0,K1BE1-104-1041-306,K1BE1,1
T02,2-201-2011-625,201,2008-11-08,0,K1BE1-104-1041-306,K1BE1,1
T03,3-202-2023-518,202,2008-11-08,1,K1BE1-104-1041-306,K1BE1,1
T04,4-204-2043-399,204,2008-11-08,0,K1BE1-104-1041-306,K1BE1,1
T01,1-201-2011-1229,201,2008-11-09,0,K1BE1-104-1041-307,K1BE1,1
T03,3-202-2023-519,202,2008-11-08,0,K1BE1-104-1041-307,K1BE1,1
T04,4-204-2043-400,204,2008-11-08,0,K1BE1-104-1041-307,K1BE1,1
T03,3-202-2023-521,202,2008-11-08,0,K1BE1-104-1041-308,K1BE1,1
T04,4-204-2043-401,204,2008-11-08,0,K1BE1-104-1041-308,K1BE1,1
T02,2-201-2011-611,201,2008-11-08,0,K1BE1-104-1041-309,K1BE1,1
T03,3-202-2023-522,202,2008-11-08,0,K1BE1-104-1041-309,K1BE1,1
T04,4-204-2043-403,204,2008-11-08,0,K1BE1-104-1041-309,K1BE1,1
T02,2-201-2011-585,201,2008-11-08,0,K1BE1-104-1041-31,K1BE1,1
T03,3-202-2023-78,202,2008-11-07,0,K1BE1-104-1041-31,K1BE1,1
T04,4-202-2023-121,202,2008-11-07,0,K1BE1-104-1041-31,K1BE1,1
T02,2-201-2011-764,201,2008-11-09,0,K1BE1-104-1041-310,K1BE1,1
T03,3-202-2023-524,202,2008-11-08,0,K1BE1-104-1041-311,K1BE1,1
T04,4-204-2043-405,204,2008-11-08,0,K1BE1-104-1041-311,K1BE1,1
T03,3-202-2023-525,202,2008-11-08,0,K1BE1-104-1041-312,K1BE1,1
T04,4-204-2043-407,204,2008-11-08,0,K1BE1-104-1041-312,K1BE1,1
T02,2-201-2011-20,201,2008-11-07,0,K1BE1-104-1041-313,K1BE1,1
T02,2-201-2011-656,201,2008-11-08,0,K1BE1-104-1041-314,K1BE1,1
T03,3-202-2023-530,202,2008-11-08,0,K1BE1-104-1041-314,K1BE1,1
T04,4-204-2043-414,204,2008-11-08,0,K1BE1-104-1041-314,K1BE1,1
T03,3-202-2023-534,202,2008-11-08,0,K1BE1-104-1041-316,K1BE1,1
T04,4-204-2043-417,204,2008-11-08,0,K1BE1-104-1041-316,K1BE1,1
T01,1-201-2011-405,201,2008-11-07,0,K1BE1-104-1041-317,K1BE1,1
T02,2-201-2011-467,201,2008-11-08,0,K1BE1-104-1041-317,K1BE1,1
T03,3-202-2023-536,202,2008-11-08,0,K1BE1-104-1041-317,K1BE1,1
T04,4-204-2043-421,204,2008-11-08,0,K1BE1-104-1041-317,K1BE1,1
T03,3-202-2023-537,202,2008-11-08,0,K1BE1-104-1041-318,K1BE1,1
T04,4-204-2043-422,204,2008-11-08,0,K1BE1-104-1041-318,K1BE1,1
T01,1-201-2011-49,201,2008-11-07,1,K1BE1-104-1041-32,K1BE1,1
T03,3-202-2023-543,202,2008-11-08,0,K1BE1-104-1041-320,K1BE1,1
T04,4-204-2043-426,204,2008-11-08,0,K1BE1-104-1041-320,K1BE1,1
T01,1-201-2011-648,201,2008-11-08,1,K1BE1-104-1041-321,K1BE1,1
T03,3-202-2023-544,202,2008-11-08,0,K1BE1-104-1041-321,K1BE1,1
T04,4-204-2043-427,204,2008-11-08,0,K1BE1-104-1041-321,K1BE1,1
T03,3-202-2023-552,202,2008-11-08,1,K1BE1-104-1041-322,K1BE1,1
T04,4-204-2043-429,204,2008-11-08,0,K1BE1-104-1041-322,K1BE1,1
T03,3-202-2023-555,202,2008-11-08,0,K1BE1-104-1041-323,K1BE1,1
T04,4-204-2043-430,204,2008-11-08,0,K1BE1-104-1041-323,K1BE1,1
T01,1-201-2011-139,201,2008-11-07,1,K1BE1-104-1041-324,K1BE1,1
T03,3-202-2023-558,202,2008-11-08,0,K1BE1-104-1041-324,K1BE1,1
T04,4-204-2043-431,204,2008-11-08,0,K1BE1-104-1041-324,K1BE1,1
T03,3-202-2023-567,202,2008-11-08,0,K1BE1-104-1041-325,K1BE1,1
T04,4-204-2043-434,204,2008-11-08,0,K1BE1-104-1041-325,K1BE1,1
T01,1-201-2011-1016,201,2008-11-09,0,K1BE1-104-1041-326,K1BE1,1
T03,3-202-2023-575,202,2008-11-08,0,K1BE1-104-1041-326,K1BE1,1
T04,4-204-2043-437,204,2008-11-08,0,K1BE1-104-1041-326,K1BE1,1
T02,2-201-2011-140,201,2008-11-07,0,K1BE1-104-1041-327,K1BE1,1
T03,3-202-2023-576,202,2008-11-08,0,K1BE1-104-1041-327,K1BE1,1
T04,4-204-2043-438,204,2008-11-08,0,K1BE1-104-1041-327,K1BE1,1
T02,2-201-2011-751,201,2008-11-09,0,K1BE1-104-1041-328,K1BE1,1
T03,3-202-2023-583,202,2008-11-08,0,K1BE1-104-1041-328,K1BE1,1
T04,4-204-2043-439,204,2008-11-08,0,K1BE1-104-1041-328,K1BE1,1
T01,1-201-2011-537,201,2008-11-08,1,K1BE1-104-1041-329,K1BE1,1
T01,1-201-2011-175,201,2008-11-07,0,K1BE1-104-1041-33,K1BE1,1
T03,3-202-2023-85,202,2008-11-07,0,K1BE1-104-1041-33,K1BE1,1
T04,4-204-2042-1,204,2008-11-07,0,K1BE1-104-1041-33,K1BE1,1
T01,1-201-2011-9,201,2008-11-07,0,K1BE1-104-1041-330,K1BE1,1
T03,3-201-2011-10,201,2008-11-08,1,K1BE1-104-1041-330,K1BE1,1
T04,4-204-2043-444,204,2008-11-08,0,K1BE1-104-1041-330,K1BE1,1
T01,1-201-2011-1219,201,2008-11-09,0,K1BE1-104-1041-331,K1BE1,1
T02,2-201-2011-17,201,2008-11-07,0,K1BE1-104-1041-331,K1BE1,1
T03,3-201-2011-11,201,2008-11-08,0,K1BE1-104-1041-331,K1BE1,1
T04,4-204-2043-445,204,2008-11-08,0,K1BE1-104-1041-331,K1BE1,1
T01,1-201-2011-840,201,2008-11-08,0,K1BE1-104-1041-332,K1BE1,1
T03,3-201-2011-13,201,2008-11-08,0,K1BE1-104-1041-332,K1BE1,1
T04,4-204-2043-446,204,2008-11-08,0,K1BE1-104-1041-332,K1BE1,1
T03,3-201-2012-34,201,2008-11-08,0,K1BE1-104-1041-334,K1BE1,1
T04,4-204-2043-450,204,2008-11-08,0,K1BE1-104-1041-334,K1BE1,1
T01,1-201-2011-841,201,2008-11-08,0,K1BE1-104-1041-335,K1BE1,1
T03,3-201-2012-36,201,2008-11-08,0,K1BE1-104-1041-335,K1BE1,1
T04,4-204-2043-454,204,2008-11-08,0,K1BE1-104-1041-335,K1BE1,1
T02,2-201-2011-946,201,2008-11-09,0,K1BE1-104-1041-336,K1BE1,1
T03,3-201-2012-39,201,2008-11-08,0,K1BE1-104-1041-336,K1BE1,1
T04,4-204-2043-455,204,2008-11-08,1,K1BE1-104-1041-336,K1BE1,1
T02,2-201-2011-402,201,2008-11-08,0,K1BE1-104-1041-337,K1BE1,1
T03,3-201-2012-42,201,2008-11-08,0,K1BE1-104-1041-337,K1BE1,1
T04,4-204-2043-456,204,2008-11-08,0,K1BE1-104-1041-337,K1BE1,1
T02,2-201-2011-886,201,2008-11-09,0,K1BE1-104-1041-338,K1BE1,1
T03,3-201-2012-45,201,2008-11-08,0,K1BE1-104-1041-338,K1BE1,1
T04,4-204-2043-457,204,2008-11-08,0,K1BE1-104-1041-338,K1BE1,1
T03,3-201-2012-46,201,2008-11-08,0,K1BE1-104-1041-339,K1BE1,1
T04,4-204-2043-458,204,2008-11-08,0,K1BE1-104-1041-339,K1BE1,1
T03,3-202-2023-89,202,2008-11-07,0,K1BE1-104-1041-34,K1BE1,1
T04,4-204-2042-4,204,2008-11-07,0,K1BE1-104-1041-34,K1BE1,1
T03,3-201-2012-48,201,2008-11-08,0,K1BE1-104-1041-340,K1BE1,1
T04,4-204-2043-459,204,2008-11-08,0,K1BE1-104-1041-340,K1BE1,1
T03,3-201-2012-55,201,2008-11-08,0,K1BE1-104-1041-342,K1BE1,1
T04,4-204-2043-470,204,2008-11-08,0,K1BE1-104-1041-342,K1BE1,1
T01,1-201-2011-600,201,2008-11-08,0,K1BE1-104-1041-343,K1BE1,1
T03,3-201-2012-57,201,2008-11-08,0,K1BE1-104-1041-343,K1BE1,1
T04,4-202-2023-253,202,2008-11-09,0,K1BE1-104-1041-343,K1BE1,1
T02,2-201-2011-523,201,2008-11-08,0,K1BE1-104-1041-344,K1BE1,1
T03,3-201-2012-59,201,2008-11-08,0,K1BE1-104-1041-344,K1BE1,1
T04,4-202-2023-256,202,2008-11-09,0,K1BE1-104-1041-344,K1BE1,1
T02,2-201-2011-576,201,2008-11-08,0,K1BE1-104-1041-345,K1BE1,1
T03,3-201-2012-60,201,2008-11-08,0,K1BE1-104-1041-345,K1BE1,1
T04,4-202-2023-259,202,2008-11-09,0,K1BE1-104-1041-345,K1BE1,1
T01,1-201-2011-496,201,2008-11-08,0,K1BE1-104-1041-346,K1BE1,1
T03,3-202-2022-148,202,2008-11-09,0,K1BE1-104-1041-347,K1BE1,1
T04,4-202-2023-264,202,2008-11-09,0,K1BE1-104-1041-347,K1BE1,1
T03,3-202-2022-149,202,2008-11-09,0,K1BE1-104-1041-348,K1BE1,1
T04,4-202-2023-269,202,2008-11-09,0,K1BE1-104-1041-348,K1BE1,1
T03,3-202-2022-150,202,2008-11-09,0,K1BE1-104-1041-349,K1BE1,1
T04,4-202-2023-271,202,2008-11-09,0,K1BE1-104-1041-349,K1BE1,1
T01,1-201-2011-154,201,2008-11-07,1,K1BE1-104-1041-35,K1BE1,1
T02,2-201-2011-893,201,2008-11-09,0,K1BE1-104-1041-35,K1BE1,1
T01,1-201-2011-1110,201,2008-11-09,0,K1BE1-104-1041-350,K1BE1,1
T03,3-202-2022-155,202,2008-11-09,0,K1BE1-104-1041-350,K1BE1,1
T04,4-202-2023-273,202,2008-11-09,0,K1BE1-104-1041-350,K1BE1,1
T02,2-201-2011-644,201,2008-11-08,0,K1BE1-104-1041-351,K1BE1,1
T03,3-202-2022-166,202,2008-11-09,0,K1BE1-104-1041-352,K1BE1,1
T04,4-202-2023-293,202,2008-11-09,0,K1BE1-104-1041-352,K1BE1,1
T01,1-201-2011-1149,201,2008-11-09,0,K1BE1-104-1041-353,K1BE1,1
T02,2-201-2011-440,201,2008-11-08,0,K1BE1-104-1041-353,K1BE1,1
T03,3-202-2022-172,202,2008-11-09,0,K1BE1-104-1041-353,K1BE1,1
T04,4-202-2023-302,202,2008-11-09,0,K1BE1-104-1041-353,K1BE1,1
T03,3-202-2022-173,202,2008-11-09,0,K1BE1-104-1041-354,K1BE1,1
T04,4-202-2023-303,202,2008-11-09,0,K1BE1-104-1041-354,K1BE1,1
T01,1-201-2011-929,201,2008-11-09,0,K1BE1-104-1041-355,K1BE1,1
T02,2-201-2011-529,201,2008-11-08,0,K1BE1-104-1041-355,K1BE1,1
T03,3-202-2022-174,202,2008-11-09,0,K1BE1-104-1041-355,K1BE1,1
T04,4-202-2023-311,202,2008-11-09,1,K1BE1-104-1041-355,K1BE1,1
T03,3-202-2022-175,202,2008-11-09,0,K1BE1-104-1041-356,K1BE1,1
T04,4-202-2023-313,202,2008-11-09,0,K1BE1-104-1041-356,K1BE1,1
T02,2-201-2011-567,201,2008-11-08,0,K1BE1-104-1041-357,K1BE1,1
T03,3-202-2022-178,202,2008-11-09,0,K1BE1-104-1041-357,K1BE1,1
T04,4-202-2023-338,202,2008-11-09,0,K1BE1-104-1041-357,K1BE1,1
T02,2-201-2011-99,201,2008-11-07,0,K1BE1-104-1041-358,K1BE1,1
T03,3-202-2022-180,202,2008-11-09,0,K1BE1-104-1041-358,K1BE1,1
T04,4-202-2023-340,202,2008-11-09,0,K1BE1-104-1041-358,K1BE1,1
T01,1-201-2011-1186,201,2008-11-09,1,K1BE1-104-1041-359,K1BE1,1
T03,3-202-2022-182,202,2008-11-09,0,K1BE1-104-1041-359,K1BE1,1
T04,4-202-2023-342,202,2008-11-09,0,K1BE1-104-1041-359,K1BE1,1
T01,1-201-2011-418,201,2008-11-07,1,K1BE1-104-1041-36,K1BE1,1
T02,2-201-2011-283,201,2008-11-07,0,K1BE1-104-1041-36,K1BE1,1
T01,1-201-2011-133,201,2008-11-07,0,K1BE1-104-1041-360,K1BE1,1
T03,3-202-2022-184,202,2008-11-09,1,K1BE1-104-1041-360,K1BE1,1
T04,4-202-2023-343,202,2008-11-09,0,K1BE1-104-1041-360,K1BE1,1
T03,3-202-2022-186,202,2008-11-09,0,K1BE1-104-1041-361,K1BE1,1
T04,4-202-2023-345,202,2008-11-09,0,K1BE1-104-1041-361,K1BE1,1
T03,3-202-2022-187,202,2008-11-09,0,K1BE1-104-1041-362,K1BE1,1
T04,4-202-2023-348,202,2008-11-09,0,K1BE1-104-1041-362,K1BE1,1
T03,3-202-2022-190,202,2008-11-09,0,K1BE1-104-1041-363,K1BE1,1
T04,4-202-2023-352,202,2008-11-09,0,K1BE1-104-1041-363,K1BE1,1
T03,3-202-2022-191,202,2008-11-09,0,K1BE1-104-1041-364,K1BE1,1
T04,4-202-2023-355,202,2008-11-09,0,K1BE1-104-1041-364,K1BE1,1
T03,3-202-2022-200,202,2008-11-09,0,K1BE1-104-1041-365,K1BE1,1
T04,4-202-2023-357,202,2008-11-09,0,K1BE1-104-1041-365,K1BE1,1
T01,1-201-2011-1267,201,2008-11-09,1,K1BE1-104-1041-366,K1BE1,1
T03,3-202-2022-201,202,2008-11-09,1,K1BE1-104-1041-366,K1BE1,1
T04,4-202-2023-362,202,2008-11-09,0,K1BE1-104-1041-366,K1BE1,1
T02,2-201-2011-336,201,2008-11-08,0,K1BE1-104-1041-368,K1BE1,1
T03,3-202-2022-213,202,2008-11-09,1,K1BE1-104-1041-368,K1BE1,1
T04,4-204-2042-97,204,2008-11-09,0,K1BE1-104-1041-368,K1BE1,1
T03,3-202-2022-218,202,2008-11-09,0,K1BE1-104-1041-369,K1BE1,1
T04,4-204-2042-100,204,2008-11-09,0,K1BE1-104-1041-369,K1BE1,1
T03,3-202-2023-95,202,2008-11-07,0,K1BE1-104-1041-37,K1BE1,1
T04,4-204-2042-11,204,2008-11-07,0,K1BE1-104-1041-37,K1BE1,1
T03,3-202-2022-219,202,2008-11-09,0,K1BE1-104-1041-370,K1BE1,1
T04,4-204-2042-104,204,2008-11-09,0,K1BE1-104-1041-370,K1BE1,1
T03,3-202-2023-589,202,2008-11-09,0,K1BE1-104-1041-372,K1BE1,1
T04,4-204-2042-111,204,2008-11-09,0,K1BE1-104-1041-372,K1BE1,1
T02,2-201-2011-425,201,2008-11-08,0,K1BE1-104-1041-373,K1BE1,1
T03,3-202-2023-597,202,2008-11-09,0,K1BE1-104-1041-373,K1BE1,1
T04,4-204-2042-112,204,2008-11-09,0,K1BE1-104-1041-373,K1BE1,1
T02,2-201-2011-1300,201,2008-11-10,0,K1BE1-104-1041-374,K1BE1,1
T03,3-202-2023-602,202,2008-11-09,0,K1BE1-104-1041-374,K1BE1,1
T04,4-204-2042-113,204,2008-11-09,0,K1BE1-104-1041-374,K1BE1,1
T03,3-202-2023-613,202,2008-11-09,0,K1BE1-104-1041-375,K1BE1,1
T04,4-204-2042-117,204,2008-11-09,0,K1BE1-104-1041-375,K1BE1,1
T01,1-201-2011-930,201,2008-11-09,1,K1BE1-104-1041-376,K1BE1,1
T03,3-202-2023-621,202,2008-11-09,0,K1BE1-104-1041-376,K1BE1,1
T04,4-204-2042-127,204,2008-11-09,0,K1BE1-104-1041-376,K1BE1,1
T01,1-201-2011-849,201,2008-11-08,0,K1BE1-104-1041-377,K1BE1,1
T03,3-202-2023-629,202,2008-11-09,0,K1BE1-104-1041-377,K1BE1,1
T04,4-204-2042-131,204,2008-11-09,0,K1BE1-104-1041-377,K1BE1,1
T01,1-201-2011-961,201,2008-11-09,0,K1BE1-104-1041-378,K1BE1,1
T03,3-202-2023-630,202,2008-11-09,0,K1BE1-104-1041-378,K1BE1,1
T04,4-204-2042-134,204,2008-11-09,0,K1BE1-104-1041-378,K1BE1,1
T01,1-201-2011-1231,201,2008-11-09,0,K1BE1-104-1041-379,K1BE1,1
T01,1-201-2011-511,201,2008-11-08,0,K1BE1-104-1041-38,K1BE1,1
T03,3-202-2023-96,202,2008-11-07,0,K1BE1-104-1041-38,K1BE1,1
T04,4-204-2042-13,204,2008-11-07,0,K1BE1-104-1041-38,K1BE1,1
T03,3-202-2023-635,202,2008-11-09,1,K1BE1-104-1041-380,K1BE1,1
T04,4-204-2042-144,204,2008-11-09,0,K1BE1-104-1041-380,K1BE1,1
T01,1-201-2011-501,201,2008-11-08,0,K1BE1-104-1041-381,K1BE1,1
T03,3-202-2023-637,202,2008-11-09,0,K1BE1-104-1041-381,K1BE1,1
T04,4-204-2043-473,204,2008-11-09,0,K1BE1-104-1041-381,K1BE1,1
T01,1-201-2011-478,201,2008-11-08,1,K1BE1-104-1041-382,K1BE1,1
T01,1-201-2011-655,201,2008-11-08,0,K1BE1-104-1041-383,K1BE1,1
T03,3-202-2023-643,202,2008-11-09,0,K1BE1-104-1041-383,K1BE1,1
T04,4-204-2043-485,204,2008-11-09,0,K1BE1-104-1041-383,K1BE1,1
T03,3-202-2023-644,202,2008-11-09,0,K1BE1-104-1041-384,K1BE1,1
T04,4-204-2043-495,204,2008-11-09,0,K1BE1-104-1041-384,K1BE1,1
T01,1-201-2011-531,201,2008-11-08,0,K1BE1-104-1041-385,K1BE1,1
T01,1-201-2011-625,201,2008-11-08,0,K1BE1-104-1041-386,K1BE1,1
T03,3-202-2023-651,202,2008-11-09,1,K1BE1-104-1041-386,K1BE1,1
T04,4-204-2043-498,204,2008-11-09,0,K1BE1-104-1041-386,K1BE1,1
T01,1-201-2011-6,201,2008-11-07,0,K1BE1-104-1041-387,K1BE1,1
T02,2-201-2011-528,201,2008-11-08,0,K1BE1-104-1041-387,K1BE1,1
T03,3-202-2023-657,202,2008-11-09,0,K1BE1-104-1041-387,K1BE1,1
T04,4-204-2043-504,204,2008-11-09,0,K1BE1-104-1041-387,K1BE1,1
T03,3-202-2023-658,202,2008-11-09,1,K1BE1-104-1041-388,K1BE1,1
T04,4-204-2043-510,204,2008-11-09,0,K1BE1-104-1041-388,K1BE1,1
T03,3-202-2023-659,202,2008-11-09,1,K1BE1-104-1041-389,K1BE1,1
T04,4-204-2043-513,204,2008-11-09,0,K1BE1-104-1041-389,K1BE1,1
T01,1-201-2011-911,201,2008-11-09,1,K1BE1-104-1041-39,K1BE1,1
T03,3-202-2023-98,202,2008-11-07,0,K1BE1-104-1041-39,K1BE1,1
T04,4-204-2042-15,204,2008-11-07,0,K1BE1-104-1041-39,K1BE1,1
T02,2-201-2011-724,201,2008-11-09,0,K1BE1-104-1041-390,K1BE1,1
T03,3-202-2023-661,202,2008-11-09,0,K1BE1-104-1041-390,K1BE1,1
T04,4-204-2043-516,204,2008-11-09,0,K1BE1-104-1041-390,K1BE1,1
T01,1-201-2011-719,201,2008-11-08,1,K1BE1-104-1041-391,K1BE1,1
T03,3-202-2023-662,202,2008-11-09,0,K1BE1-104-1041-391,K1BE1,1
T04,4-204-2043-524,204,2008-11-09,0,K1BE1-104-1041-391,K1BE1,1
T03,3-202-2023-666,202,2008-11-09,0,K1BE1-104-1041-392,K1BE1,1
T04,4-204-2043-527,204,2008-11-09,0,K1BE1-104-1041-392,K1BE1,1
T03,3-202-2023-670,202,2008-11-09,0,K1BE1-104-1041-393,K1BE1,1
T04,4-204-2043-533,204,2008-11-09,0,K1BE1-104-1041-393,K1BE1,1
T03,3-202-2023-685,202,2008-11-09,0,K1BE1-104-1041-394,K1BE1,1
T04,4-204-2043-535,204,2008-11-09,0,K1BE1-104-1041-394,K1BE1,1
T02,2-201-2011-444,201,2008-11-08,0,K1BE1-104-1041-395,K1BE1,1
T03,3-202-2023-692,202,2008-11-09,0,K1BE1-104-1041-395,K1BE1,1
T04,4-204-2043-538,204,2008-11-09,0,K1BE1-104-1041-395,K1BE1,1
T02,2-201-2011-757,201,2008-11-09,0,K1BE1-104-1041-396,K1BE1,1
T03,3-202-2023-697,202,2008-11-09,0,K1BE1-104-1041-396,K1BE1,1
T04,4-204-2043-541,204,2008-11-09,0,K1BE1-104-1041-396,K1BE1,1
T01,1-201-2011-646,201,2008-11-08,0,K1BE1-104-1041-397,K1BE1,1
T03,3-202-2023-699,202,2008-11-09,0,K1BE1-104-1041-397,K1BE1,1
T04,4-204-2043-542,204,2008-11-09,0,K1BE1-104-1041-397,K1BE1,1
T03,3-202-2023-702,202,2008-11-09,0,K1BE1-104-1041-398,K1BE1,1
T04,4-204-2043-543,204,2008-11-09,0,K1BE1-104-1041-398,K1BE1,1
T01,1-201-2011-831,201,2008-11-08,0,K1BE1-104-1041-399,K1BE1,1
T03,3-202-2023-707,202,2008-11-09,0,K1BE1-104-1041-399,K1BE1,1
T04,4-204-2043-545,204,2008-11-09,0,K1BE1-104-1041-399,K1BE1,1
T02,2-201-2011-475,201,2008-11-08,0,K1BE1-104-1041-4,K1BE1,1
T03,3-202-2023-21,202,2008-11-07,0,K1BE1-104-1041-4,K1BE1,1
T04,4-202-2023-57,202,2008-11-07,0,K1BE1-104-1041-4,K1BE1,1
T01,1-201-2011-186,201,2008-11-07,0,K1BE1-104-1041-40,K1BE1,1
T03,3-202-2023-102,202,2008-11-07,1,K1BE1-104-1041-40,K1BE1,1
T04,4-204-2042-19,204,2008-11-07,1,K1BE1-104-1041-40,K1BE1,1
T03,3-202-2023-716,202,2008-11-09,0,K1BE1-104-1041-400,K1BE1,1
T04,4-204-2043-551,204,2008-11-09,0,K1BE1-104-1041-400,K1BE1,1
T01,1-201-2011-937,201,2008-11-09,0,K1BE1-104-1041-401,K1BE1,1
T03,3-202-2023-719,202,2008-11-09,0,K1BE1-104-1041-401,K1BE1,1
T04,4-204-2043-552,204,2008-11-09,0,K1BE1-104-1041-401,K1BE1,1
T02,2-201-2011-157,201,2008-11-07,0,K1BE1-104-1041-403,K1BE1,1
T03,3-202-2023-721,202,2008-11-09,0,K1BE1-104-1041-403,K1BE1,1
T04,4-204-2043-558,204,2008-11-09,0,K1BE1-104-1041-403,K1BE1,1
T02,2-201-2011-51,201,2008-11-07,0,K1BE1-104-1041-404,K1BE1,1
T03,3-202-2023-723,202,2008-11-09,0,K1BE1-104-1041-404,K1BE1,1
T04,4-204-2043-562,204,2008-11-09,0,K1BE1-104-1041-404,K1BE1,1
T01,1-201-2011-1302,201,2008-11-09,0,K1BE1-104-1041-405,K1BE1,1
T02,2-201-2011-851,201,2008-11-09,0,K1BE1-104-1041-405,K1BE1,1
T03,3-202-2023-724,202,2008-11-09,1,K1BE1-104-1041-405,K1BE1,1
T04,4-204-2043-566,204,2008-11-09,1,K1BE1-104-1041-405,K1BE1,1
T03,3-202-2023-725,202,2008-11-09,0,K1BE1-104-1041-406,K1BE1,1
T04,4-204-2043-574,204,2008-11-09,0,K1BE1-104-1041-406,K1BE1,1
T03,3-202-2023-736,202,2008-11-09,0,K1BE1-104-1041-407,K1BE1,1
T04,4-204-2043-575,204,2008-11-09,0,K1BE1-104-1041-407,K1BE1,1
T02,2-201-2011-689,201,2008-11-09,0,K1BE1-104-1041-408,K1BE1,1
T02,2-201-2011-322,201,2008-11-07,0,K1BE1-104-1041-409,K1BE1,1
T03,3-202-2023-753,202,2008-11-09,0,K1BE1-104-1041-409,K1BE1,1
T04,4-204-2043-587,204,2008-11-09,0,K1BE1-104-1041-409,K1BE1,1
T03,3-202-2023-103,202,2008-11-07,0,K1BE1-104-1041-41,K1BE1,1
T04,4-204-2042-25,204,2008-11-07,0,K1BE1-104-1041-41,K1BE1,1
T03,3-202-2023-754,202,2008-11-09,0,K1BE1-104-1041-410,K1BE1,1
T04,4-204-2043-589,204,2008-11-09,0,K1BE1-104-1041-410,K1BE1,1
T03,3-202-2023-757,202,2008-11-09,0,K1BE1-104-1041-411,K1BE1,1
T04,4-204-2043-595,204,2008-11-09,0,K1BE1-104-1041-411,K1BE1,1
T01,1-201-2011-558,201,2008-11-08,0,K1BE1-104-1041-412,K1BE1,1
T03,3-202-2023-761,202,2008-11-09,0,K1BE1-104-1041-412,K1BE1,1
T04,4-204-2043-599,204,2008-11-09,0,K1BE1-104-1041-412,K1BE1,1
T01,1-201-2011-552,201,2008-11-08,1,K1BE1-104-1041-413,K1BE1,1
T02,2-201-2011-365,201,2008-11-08,0,K1BE1-104-1041-413,K1BE1,1
T03,3-202-2023-762,202,2008-11-09,0,K1BE1-104-1041-413,K1BE1,1
T04,4-204-2043-604,204,2008-11-09,0,K1BE1-104-1041-413,K1BE1,1
T02,2-201-2011-430,201,2008-11-08,0,K1BE1-104-1041-414,K1BE1,1
T03,3-202-2023-763,202,2008-11-09,0,K1BE1-104-1041-414,K1BE1,1
T04,4-204-2043-607,204,2008-11-09,0,K1BE1-104-1041-414,K1BE1,1
T02,2-201-2011-680,201,2008-11-09,0,K1BE1-104-1041-415,K1BE1,1
T03,3-202-2023-765,202,2008-11-09,0,K1BE1-104-1041-415,K1BE1,1
T04,4-204-2043-608,204,2008-11-09,0,K1BE1-104-1041-415,K1BE1,1
T03,3-202-2023-766,202,2008-11-09,0,K1BE1-104-1041-416,K1BE1,1
T04,4-204-2043-611,204,2008-11-09,0,K1BE1-104-1041-416,K1BE1,1
T01,1-201-2011-545,201,2008-11-08,1,K1BE1-104-1041-417,K1BE1,1
T02,2-201-2011-805,201,2008-11-09,0,K1BE1-104-1041-417,K1BE1,1
T03,3-202-2023-769,202,2008-11-09,0,K1BE1-104-1041-418,K1BE1,1
T04,4-204-2043-619,204,2008-11-09,0,K1BE1-104-1041-418,K1BE1,1
T02,2-201-2011-396,201,2008-11-08,0,K1BE1-104-1041-419,K1BE1,1
T03,3-202-2023-770,202,2008-11-09,0,K1BE1-104-1041-419,K1BE1,1
T04,4-204-2043-630,204,2008-11-09,0,K1BE1-104-1041-419,K1BE1,1
T03,3-202-2023-105,202,2008-11-07,0,K1BE1-104-1041-42,K1BE1,1
T04,4-204-2042-26,204,2008-11-07,0,K1BE1-104-1041-42,K1BE1,1
T02,2-201-2011-614,201,2008-11-08,1,K1BE1-104-1041-420,K1BE1,1
T03,3-202-2023-771,202,2008-11-09,0,K1BE1-104-1041-420,K1BE1,1
T04,4-204-2043-633,204,2008-11-09,0,K1BE1-104-1041-420,K1BE1,1
T01,1-201-2011-211,201,2008-11-07,0,K1BE1-104-1041-421,K1BE1,1
T03,3-202-2023-780,202,2008-11-09,0,K1BE1-104-1041-421,K1BE1,1
T04,4-204-2043-634,204,2008-11-09,0,K1BE1-104-1041-421,K1BE1,1
T03,3-202-2023-784,202,2008-11-09,0,K1BE1-104-1041-422,K1BE1,1
T04,4-204-2043-635,204,2008-11-09,0,K1BE1-104-1041-422,K1BE1,1
T01,1-201-2011-834,201,2008-11-08,0,K1BE1-104-1041-423,K1BE1,1
T03,3-202-2023-787,202,2008-11-09,0,K1BE1-104-1041-423,K1BE1,1
T04,4-204-2043-644,204,2008-11-09,0,K1BE1-104-1041-423,K1BE1,1
T02,2-201-2011-399,201,2008-11-08,0,K1BE1-104-1041-425,K1BE1,1
T03,3-202-2023-790,202,2008-11-09,0,K1BE1-104-1041-425,K1BE1,1
T04,4-204-2043-651,204,2008-11-09,0,K1BE1-104-1041-425,K1BE1,1
T01,1-201-2011-837,201,2008-11-08,0,K1BE1-104-1041-427,K1BE1,1
T01,1-201-2011-508,201,2008-11-08,1,K1BE1-104-1041-428,K1BE1,1
T03,3-202-2023-813,202,2008-11-09,0,K1BE1-104-1041-428,K1BE1,1
T04,4-204-2043-659,204,2008-11-09,0,K1BE1-104-1041-428,K1BE1,1
T01,1-201-2011-609,201,2008-11-08,0,K1BE1-104-1041-429,K1BE1,1
T03,3-202-2023-816,202,2008-11-09,0,K1BE1-104-1041-429,K1BE1,1
T04,4-204-2043-661,204,2008-11-09,0,K1BE1-104-1041-429,K1BE1,1
T03,3-202-2023-106,202,2008-11-07,0,K1BE1-104-1041-43,K1BE1,1
T04,4-204-2042-27,204,2008-11-07,0,K1BE1-104-1041-43,K1BE1,1
T01,1-201-2011-444,201,2008-11-08,0,K1BE1-104-1041-431,K1BE1,1
T02,2-201-2011-411,201,2008-11-08,0,K1BE1-104-1041-431,K1BE1,1
T03,3-202-2023-822,202,2008-11-09,0,K1BE1-104-1041-431,K1BE1,1
T04,4-204-2043-666,204,2008-11-09,0,K1BE1-104-1041-431,K1BE1,1
T03,3-202-2023-826,202,2008-11-09,0,K1BE1-104-1041-432,K1BE1,1
T04,4-204-2043-667,204,2008-11-09,0,K1BE1-104-1041-432,K1BE1,1
T01,1-201-2011-1073,201,2008-11-09,0,K1BE1-104-1041-433,K1BE1,1
T03,3-202-2023-827,202,2008-11-09,1,K1BE1-104-1041-433,K1BE1,1
T04,4-204-2043-670,204,2008-11-09,0,K1BE1-104-1041-433,K1BE1,1
T01,1-201-2011-685,201,2008-11-08,0,K1BE1-104-1041-434,K1BE1,1
T03,3-202-2023-830,202,2008-11-09,0,K1BE1-104-1041-434,K1BE1,1
T04,4-204-2043-671,204,2008-11-09,0,K1BE1-104-1041-434,K1BE1,1
T01,1-201-2011-377,201,2008-11-07,0,K1BE1-104-1041-435,K1BE1,1
T02,2-201-2011-418,201,2008-11-08,0,K1BE1-104-1041-435,K1BE1,1
T03,3-202-2023-834,202,2008-11-09,0,K1BE1-104-1041-435,K1BE1,1
T04,4-204-2043-672,204,2008-11-09,0,K1BE1-104-1041-435,K1BE1,1
T03,3-202-2023-838,202,2008-11-09,0,K1BE1-104-1041-436,K1BE1,1
T04,4-204-2043-676,204,2008-11-09,0,K1BE1-104-1041-436,K1BE1,1
T03,3-202-2023-839,202,2008-11-09,0,K1BE1-104-1041-437,K1BE1,1
T04,4-204-2043-677,204,2008-11-09,0,K1BE1-104-1041-437,K1BE1,1
T02,2-201-2011-332,201,2008-11-08,0,K1BE1-104-1041-438,K1BE1,1
T03,3-202-2023-840,202,2008-11-09,0,K1BE1-104-1041-438,K1BE1,1
T04,4-204-2043-680,204,2008-11-09,0,K1BE1-104-1041-438,K1BE1,1
T02,2-201-2011-532,201,2008-11-08,0,K1BE1-104-1041-439,K1BE1,1
T03,3-202-2023-843,202,2008-11-09,0,K1BE1-104-1041-439,K1BE1,1
T04,4-204-2043-681,204,2008-11-09,0,K1BE1-104-1041-439,K1BE1,1
T02,2-201-2011-34,201,2008-11-07,0,K1BE1-104-1041-44,K1BE1,1
T03,3-202-2023-107,202,2008-11-07,0,K1BE1-104-1041-44,K1BE1,1
T04,4-204-2042-29,204,2008-11-07,0,K1BE1-104-1041-44,K1BE1,1
T02,2-201-2011-722,201,2008-11-09,0,K1BE1-104-1041-440,K1BE1,1
T03,3-202-2023-846,202,2008-11-09,0,K1BE1-104-1041-440,K1BE1,1
T04,4-204-2043-682,204,2008-11-09,0,K1BE1-104-1041-440,K1BE1,1
T02,2-201-2011-987,201,2008-11-09,0,K1BE1-104-1041-441,K1BE1,1
T03,3-202-2023-849,202,2008-11-09,0,K1BE1-104-1041-441,K1BE1,1
T04,4-204-2043-683,204,2008-11-09,0,K1BE1-104-1041-441,K1BE1,1
T02,2-201-2011-803,201,2008-11-09,0,K1BE1-104-1041-442,K1BE1,1
T03,3-202-2023-851,202,2008-11-09,0,K1BE1-104-1041-442,K1BE1,1
T04,4-204-2043-684,204,2008-11-09,0,K1BE1-104-1041-442,K1BE1,1
T03,3-202-2023-854,202,2008-11-09,0,K1BE1-104-1041-443,K1BE1,1
T04,4-204-2043-685,204,2008-11-09,0,K1BE1-104-1041-443,K1BE1,1
T01,1-201-2011-799,201,2008-11-08,0,K1BE1-104-1041-444,K1BE1,1
T02,2-201-2011-918,201,2008-11-09,0,K1BE1-104-1041-444,K1BE1,1
T03,3-202-2023-862,202,2008-11-09,0,K1BE1-104-1041-444,K1BE1,1
T04,4-204-2043-693,204,2008-11-09,0,K1BE1-104-1041-444,K1BE1,1
T03,3-202-2023-871,202,2008-11-09,0,K1BE1-104-1041-445,K1BE1,1
T04,4-204-2043-695,204,2008-11-09,0,K1BE1-104-1041-445,K1BE1,1
T03,3-202-2023-872,202,2008-11-09,0,K1BE1-104-1041-446,K1BE1,1
T04,4-204-2043-697,204,2008-11-09,0,K1BE1-104-1041-446,K1BE1,1
T01,1-201-2011-153,201,2008-11-07,0,K1BE1-104-1041-447,K1BE1,1
T03,3-202-2023-874,202,2008-11-09,0,K1BE1-104-1041-448,K1BE1,1
T04,4-204-2043-701,204,2008-11-09,0,K1BE1-104-1041-448,K1BE1,1
T02,2-201-2011-572,201,2008-11-08,0,K1BE1-104-1041-449,K1BE1,1
T03,3-202-2023-875,202,2008-11-09,0,K1BE1-104-1041-449,K1BE1,1
T04,4-204-2043-708,204,2008-11-09,0,K1BE1-104-1041-449,K1BE1,1
T01,1-201-2011-7,201,2008-11-07,0,K1BE1-104-1041-45,K1BE1,1
T03,3-202-2023-108,202,2008-11-07,0,K1BE1-104-1041-45,K1BE1,1
T04,4-204-2042-30,204,2008-11-07,1,K1BE1-104-1041-45,K1BE1,1
T01,1-201-2011-634,201,2008-11-08,1,K1BE1-104-1041-450,K1BE1,1
T03,3-202-2023-876,202,2008-11-09,0,K1BE1-104-1041-450,K1BE1,1
T04,4-202-2023-415,202,2008-11-10,0,K1BE1-104-1041-450,K1BE1,1
T03,3-202-2023-879,202,2008-11-09,0,K1BE1-104-1041-451,K1BE1,1
T04,4-202-2023-461,202,2008-11-10,0,K1BE1-104-1041-451,K1BE1,1
T02,2-201-2011-816,201,2008-11-09,0,K1BE1-104-1041-452,K1BE1,1
T03,3-201-2011-22,201,2008-11-09,0,K1BE1-104-1041-452,K1BE1,1
T04,4-202-2023-478,202,2008-11-10,0,K1BE1-104-1041-452,K1BE1,1
T02,2-201-2011-7,201,2008-11-07,0,K1BE1-104-1041-453,K1BE1,1
T01,1-201-2011-14,201,2008-11-07,0,K1BE1-104-1041-454,K1BE1,1
T03,3-201-2012-65,201,2008-11-09,0,K1BE1-104-1041-454,K1BE1,1
T04,4-204-2043-770,204,2008-11-10,0,K1BE1-104-1041-454,K1BE1,1
T01,1-201-2011-354,201,2008-11-07,0,K1BE1-104-1041-455,K1BE1,1
T03,3-201-2012-66,201,2008-11-09,1,K1BE1-104-1041-455,K1BE1,1
T04,4-204-2043-778,204,2008-11-10,0,K1BE1-104-1041-455,K1BE1,1
T03,3-201-2012-67,201,2008-11-09,0,K1BE1-104-1041-456,K1BE1,1
T04,4-204-2043-812,204,2008-11-10,1,K1BE1-104-1041-456,K1BE1,1
T03,3-201-2012-68,201,2008-11-09,0,K1BE1-104-1041-457,K1BE1,1
T04,4-204-2043-827,204,2008-11-10,0,K1BE1-104-1041-457,K1BE1,1
T03,3-201-2012-72,201,2008-11-09,0,K1BE1-104-1041-458,K1BE1,1
T04,4-204-2043-845,204,2008-11-10,0,K1BE1-104-1041-458,K1BE1,1
T01,1-201-2011-1150,201,2008-11-09,0,K1BE1-104-1041-459,K1BE1,1
T03,3-201-2012-83,201,2008-11-09,0,K1BE1-104-1041-459,K1BE1,1
T04,4-202-2023-357019,202,2008-11-07,1,K1BE1-104-1041-459,K1BE1,1
T02,2-201-2011-177,201,2008-11-07,0,K1BE1-104-1041-46,K1BE1,1
T03,3-202-2023-110,202,2008-11-07,0,K1BE1-104-1041-46,K1BE1,1
T04,4-204-2042-33,204,2008-11-07,1,K1BE1-104-1041-46,K1BE1,1
T01,1-201-2011-460,201,2008-11-08,0,K1BE1-104-1041-460,K1BE1,1
T03,3-201-2012-85,201,2008-11-09,0,K1BE1-104-1041-460,K1BE1,1
T04,4-204-2042-142857,204,2008-11-07,0,K1BE1-104-1041-460,K1BE1,1
T02,2-201-2011-860,201,2008-11-09,0,K1BE1-104-1041-461,K1BE1,1
T03,3-201-2012-95,201,2008-11-09,1,K1BE1-104-1041-461,K1BE1,1
T04,4-204-2042-142390,204,2008-11-08,0,K1BE1-104-1041-461,K1BE1,1
T01,1-201-2011-1240,201,2008-11-09,0,K1BE1-104-1041-462,K1BE1,1
T03,3-201-2012-96,201,2008-11-09,0,K1BE1-104-1041-462,K1BE1,1
T04,4-204-2043-689991,204,2008-11-07,0,K1BE1-104-1041-462,K1BE1,1
T03,3-202-2023-910,202,2008-11-10,0,K1BE1-104-1041-464,K1BE1,1
T04,4-202-2023-12,202,2008-11-07,0,K1BE1-104-1041-464,K1BE1,1
T01,1-201-2011-839,201,2008-11-08,0,K1BE1-104-1041-467,K1BE1,1
T03,3-202-2023-1057,202,2008-11-10,0,K1BE1-104-1041-467,K1BE1,1
T04,4-202-2023-101,202,2008-11-07,0,K1BE1-104-1041-467,K1BE1,1
T01,1-201-2011-761,201,2008-11-08,0,K1BE1-104-1041-468,K1BE1,1
T01,1-201-2011-675,201,2008-11-08,0,K1BE1-104-1041-469,K1BE1,1
T03,3-202-2023-1171,202,2008-11-10,0,K1BE1-104-1041-469,K1BE1,1
T04,4-202-2023-116,202,2008-11-07,0,K1BE1-104-1041-469,K1BE1,1
T03,3-202-2023-112,202,2008-11-07,0,K1BE1-104-1041-47,K1BE1,1
T04,4-204-2042-34,204,2008-11-07,0,K1BE1-104-1041-47,K1BE1,1
T01,1-201-2011-1135,201,2008-11-09,1,K1BE1-104-1041-470,K1BE1,1
T03,3-201-2012-125,201,2008-11-10,0,K1BE1-104-1041-471,K1BE1,1
T04,4-204-2042-31,204,2008-11-07,0,K1BE1-104-1041-471,K1BE1,1
T03,3-202-2023-1464,202,2008-11-11,0,K1BE1-104-1041-472,K1BE1,1
T04,4-204-2042-38,204,2008-11-07,0,K1BE1-104-1041-472,K1BE1,1
T02,2-201-2011-660,201,2008-11-09,0,K1BE1-104-1041-473,K1BE1,1
T03,3-202-2022-212108,202,2008-11-08,0,K1BE1-104-1041-473,K1BE1,1
T04,4-204-2043-3,204,2008-11-07,0,K1BE1-104-1041-473,K1BE1,1
T03,3-202-2023-856217,202,2008-11-09,0,K1BE1-104-1041-474,K1BE1,1
T04,4-204-2043-21,204,2008-11-07,0,K1BE1-104-1041-474,K1BE1,1
T03,3-201-2011-22123,201,2008-11-08,0,K1BE1-104-1041-477,K1BE1,1
T04,4-204-2043-54,204,2008-11-07,0,K1BE1-104-1041-477,K1BE1,1
T01,1-201-2011-1049,201,2008-11-09,0,K1BE1-104-1041-479,K1BE1,1
T03,3-201-2011-23091,201,2008-11-08,0,K1BE1-104-1041-479,K1BE1,1
T04,4-204-2043-81,204,2008-11-07,0,K1BE1-104-1041-479,K1BE1,1
T02,2-201-2011-293,201,2008-11-07,1,K1BE1-104-1041-48,K1BE1,1
T03,3-202-2023-116,202,2008-11-07,0,K1BE1-104-1041-48,K1BE1,1
T04,4-204-2042-35,204,2008-11-07,0,K1BE1-104-1041-48,K1BE1,1
T02,2-201-2011-305,201,2008-11-07,0,K1BE1-104-1041-480,K1BE1,1
T03,3-201-2011-20997,201,2008-11-08,0,K1BE1-104-1041-480,K1BE1,1
T04,4-204-2043-84,204,2008-11-07,0,K1BE1-104-1041-480,K1BE1,1
T03,3-201-2011-21481,201,2008-11-08,0,K1BE1-104-1041-481,K1BE1,1
T04,4-204-2043-104,204,2008-11-07,0,K1BE1-104-1041-481,K1BE1,1
T01,1-201-2011-538,201,2008-11-08,1,K1BE1-104-1041-482,K1BE1,1
T02,2-201-2011-699,201,2008-11-09,0,K1BE1-104-1041-484,K1BE1,1
T02,2-201-2011-925,201,2008-11-09,0,K1BE1-104-1041-485,K1BE1,1
T03,3-202-2023-856514,202,2008-11-07,1,K1BE1-104-1041-485,K1BE1,1
T04,4-204-2043-172,204,2008-11-07,0,K1BE1-104-1041-485,K1BE1,1
T01,1-201-2011-1044,201,2008-11-09,1,K1BE1-104-1041-487,K1BE1,1
T02,2-201-2011-856,201,2008-11-09,1,K1BE1-104-1041-487,K1BE1,1
T03,3-202-2022-37,202,2008-11-07,0,K1BE1-104-1041-487,K1BE1,1
T04,4-204-2043-198,204,2008-11-07,0,K1BE1-104-1041-487,K1BE1,1
T03,3-202-2022-47,202,2008-11-07,0,K1BE1-104-1041-488,K1BE1,1
T04,4-204-2043-218,204,2008-11-07,0,K1BE1-104-1041-488,K1BE1,1
T02,2-201-2011-692,201,2008-11-09,0,K1BE1-104-1041-489,K1BE1,1
T03,3-202-2023-675,202,2008-11-09,0,K1BE1-104-1041-489,K1BE1,1
T04,4-202-2023-365,202,2008-11-09,0,K1BE1-104-1041-489,K1BE1,1
T01,1-201-2011-114,201,2008-11-07,0,K1BE1-104-1041-49,K1BE1,1
T03,3-202-2023-119,202,2008-11-07,0,K1BE1-104-1041-49,K1BE1,1
T04,4-204-2042-37,204,2008-11-07,0,K1BE1-104-1041-49,K1BE1,1
T01,1-201-2011-1115,201,2008-11-09,1,K1BE1-104-1041-490,K1BE1,1
T03,3-202-2023-677,202,2008-11-09,0,K1BE1-104-1041-491,K1BE1,1
T04,4-204-2042-106,204,2008-11-09,0,K1BE1-104-1041-491,K1BE1,1
T03,3-202-2023-678,202,2008-11-09,0,K1BE1-104-1041-492,K1BE1,1
T04,4-204-2042-108,204,2008-11-09,0,K1BE1-104-1041-492,K1BE1,1
T03,3-202-2023-680,202,2008-11-09,1,K1BE1-104-1041-494,K1BE1,1
T04,4-204-2042-110,204,2008-11-09,0,K1BE1-104-1041-494,K1BE1,1
T03,3-202-2023-682,202,2008-11-09,0,K1BE1-104-1041-495,K1BE1,1
T04,4-204-2042-114,204,2008-11-09,0,K1BE1-104-1041-495,K1BE1,1
T02,2-201-2011-969,201,2008-11-09,0,K1BE1-104-1041-496,K1BE1,1
T02,2-201-2011-880,201,2008-11-09,0,K1BE1-104-1041-497,K1BE1,1
T03,3-202-2023-688,202,2008-11-09,0,K1BE1-104-1041-497,K1BE1,1
T04,4-204-2042-118,204,2008-11-09,0,K1BE1-104-1041-497,K1BE1,1
T02,2-201-2011-662,201,2008-11-09,0,K1BE1-104-1041-499,K1BE1,1
T02,2-201-2011-59,201,2008-11-07,0,K1BE1-104-1041-5,K1BE1,1
T03,3-202-2023-23,202,2008-11-07,0,K1BE1-104-1041-5,K1BE1,1
T04,4-202-2023-58,202,2008-11-07,0,K1BE1-104-1041-5,K1BE1,1
T02,2-201-2011-232,201,2008-11-07,0,K1BE1-104-1041-50,K1BE1,1
T03,3-202-2023-122,202,2008-11-07,0,K1BE1-104-1041-50,K1BE1,1
T04,4-204-2042-42,204,2008-11-07,0,K1BE1-104-1041-50,K1BE1,1
T01,1-201-2011-336,201,2008-11-07,0,K1BE1-104-1041-500,K1BE1,1
T03,3-202-2023-694,202,2008-11-09,0,K1BE1-104-1041-500,K1BE1,1
T04,4-204-2042-121,204,2008-11-09,0,K1BE1-104-1041-500,K1BE1,1
T01,1-201-2011-736,201,2008-11-08,1,K1BE1-104-1041-501,K1BE1,1
T03,3-202-2023-695,202,2008-11-09,0,K1BE1-104-1041-501,K1BE1,1
T04,4-204-2042-122,204,2008-11-09,0,K1BE1-104-1041-501,K1BE1,1
T03,3-202-2023-701,202,2008-11-09,0,K1BE1-104-1041-503,K1BE1,1
T04,4-204-2042-126,204,2008-11-09,0,K1BE1-104-1041-503,K1BE1,1
T01,1-201-2011-568,201,2008-11-08,0,K1BE1-104-1041-504,K1BE1,1
T03,3-202-2023-703,202,2008-11-09,0,K1BE1-104-1041-504,K1BE1,1
T04,4-204-2042-128,204,2008-11-09,0,K1BE1-104-1041-504,K1BE1,1
T01,1-201-2011-730,201,2008-11-08,0,K1BE1-104-1041-506,K1BE1,1
T03,3-202-2023-708,202,2008-11-09,0,K1BE1-104-1041-506,K1BE1,1
T04,4-204-2042-130,204,2008-11-09,0,K1BE1-104-1041-506,K1BE1,1
T02,2-201-2011-1205,201,2008-11-10,0,K1BE1-104-1041-508,K1BE1,1
T03,3-202-2023-710,202,2008-11-09,0,K1BE1-104-1041-508,K1BE1,1
T04,4-204-2042-137,204,2008-11-09,1,K1BE1-104-1041-508,K1BE1,1
T03,3-202-2023-711,202,2008-11-09,1,K1BE1-104-1041-509,K1BE1,1
T04,4-204-2042-143,204,2008-11-09,0,K1BE1-104-1041-509,K1BE1,1
T01,1-201-2011-94,201,2008-11-07,1,K1BE1-104-1041-51,K1BE1,1
T03,3-202-2023-123,202,2008-11-07,0,K1BE1-104-1041-51,K1BE1,1
T04,4-204-2042-43,204,2008-11-07,0,K1BE1-104-1041-51,K1BE1,1
T02,2-201-2011-813,201,2008-11-09,0,K1BE1-104-1041-510,K1BE1,1
T03,3-202-2023-712,202,2008-11-09,0,K1BE1-104-1041-510,K1BE1,1
T04,4-204-2043-475,204,2008-11-09,0,K1BE1-104-1041-510,K1BE1,1
T01,1-201-2011-1283,201,2008-11-09,0,K1BE1-104-1041-511,K1BE1,1
T03,3-202-2023-713,202,2008-11-09,0,K1BE1-104-1041-511,K1BE1,1
T04,4-204-2043-479,204,2008-11-09,0,K1BE1-104-1041-511,K1BE1,1
T03,3-202-2023-728,202,2008-11-09,0,K1BE1-104-1041-514,K1BE1,1
T04,4-204-2043-486,204,2008-11-09,1,K1BE1-104-1041-514,K1BE1,1
T02,2-201-2011-1251,201,2008-11-10,0,K1BE1-104-1041-515,K1BE1,1
T03,3-202-2023-729,202,2008-11-09,0,K1BE1-104-1041-515,K1BE1,1
T04,4-204-2043-487,204,2008-11-09,0,K1BE1-104-1041-515,K1BE1,1
T01,1-201-2011-606,201,2008-11-08,0,K1BE1-104-1041-516,K1BE1,1
T01,1-201-2011-243,201,2008-11-07,1,K1BE1-104-1041-517,K1BE1,1
T03,3-202-2023-731,202,2008-11-09,1,K1BE1-104-1041-517,K1BE1,1
T04,4-204-2043-492,204,2008-11-09,0,K1BE1-104-1041-517,K1BE1,1
T02,2-201-2011-827,201,2008-11-09,0,K1BE1-104-1041-518,K1BE1,1
T03,3-202-2023-733,202,2008-11-09,0,K1BE1-104-1041-519,K1BE1,1
T04,4-204-2043-494,204,2008-11-09,0,K1BE1-104-1041-519,K1BE1,1
T01,1-201-2011-298,201,2008-11-07,0,K1BE1-104-1041-52,K1BE1,1
T03,3-202-2023-127,202,2008-11-07,0,K1BE1-104-1041-52,K1BE1,1
T04,4-204-2042-44,204,2008-11-07,0,K1BE1-104-1041-52,K1BE1,1
T01,1-201-2011-594,201,2008-11-08,0,K1BE1-104-1041-520,K1BE1,1
T03,3-202-2023-737,202,2008-11-09,0,K1BE1-104-1041-520,K1BE1,1
T04,4-204-2043-497,204,2008-11-09,0,K1BE1-104-1041-520,K1BE1,1
T03,3-202-2023-739,202,2008-11-09,0,K1BE1-104-1041-521,K1BE1,1
T04,4-204-2043-509,204,2008-11-09,0,K1BE1-104-1041-521,K1BE1,1
T02,2-201-2011-1118,201,2008-11-10,0,K1BE1-104-1041-522,K1BE1,1
T01,1-201-2011-1274,201,2008-11-09,0,K1BE1-104-1041-524,K1BE1,1
T03,3-202-2023-747,202,2008-11-09,0,K1BE1-104-1041-524,K1BE1,1
T04,4-204-2043-517,204,2008-11-09,0,K1BE1-104-1041-524,K1BE1,1
T01,1-201-2011-909,201,2008-11-09,0,K1BE1-104-1041-525,K1BE1,1
T03,3-202-2023-749,202,2008-11-09,0,K1BE1-104-1041-525,K1BE1,1
T04,4-204-2043-518,204,2008-11-09,0,K1BE1-104-1041-525,K1BE1,1
T03,3-202-2023-751,202,2008-11-09,0,K1BE1-104-1041-527,K1BE1,1
T04,4-204-2043-522,204,2008-11-09,0,K1BE1-104-1041-527,K1BE1,1
T03,3-202-2023-758,202,2008-11-09,0,K1BE1-104-1041-529,K1BE1,1
T04,4-204-2043-526,204,2008-11-09,0,K1BE1-104-1041-529,K1BE1,1
T03,3-202-2023-128,202,2008-11-07,0,K1BE1-104-1041-53,K1BE1,1
T04,4-204-2042-46,204,2008-11-07,0,K1BE1-104-1041-53,K1BE1,1
T01,1-201-2011-1190,201,2008-11-09,0,K1BE1-104-1041-530,K1BE1,1
T03,3-202-2023-760,202,2008-11-09,0,K1BE1-104-1041-530,K1BE1,1
T04,4-204-2043-528,204,2008-11-09,0,K1BE1-104-1041-530,K1BE1,1
T01,1-201-2011-1152,201,2008-11-09,0,K1BE1-104-1041-531,K1BE1,1
T03,3-202-2023-764,202,2008-11-09,0,K1BE1-104-1041-531,K1BE1,1
T04,4-204-2043-531,204,2008-11-09,0,K1BE1-104-1041-531,K1BE1,1
T03,3-202-2023-781,202,2008-11-09,0,K1BE1-104-1041-534,K1BE1,1
T04,4-204-2043-537,204,2008-11-09,0,K1BE1-104-1041-534,K1BE1,1
T02,2-201-2011-854,201,2008-11-09,0,K1BE1-104-1041-535,K1BE1,1
T02,2-201-2011-1305,201,2008-11-10,0,K1BE1-104-1041-536,K1BE1,1
T03,3-202-2023-786,202,2008-11-09,0,K1BE1-104-1041-536,K1BE1,1
T04,4-204-2043-546,204,2008-11-09,0,K1BE1-104-1041-536,K1BE1,1
T03,3-202-2023-794,202,2008-11-09,0,K1BE1-104-1041-538,K1BE1,1
T04,4-204-2043-548,204,2008-11-09,0,K1BE1-104-1041-538,K1BE1,1
T03,3-202-2023-130,202,2008-11-07,1,K1BE1-104-1041-54,K1BE1,1
T04,4-204-2043-7,204,2008-11-07,0,K1BE1-104-1041-54,K1BE1,1
T02,2-201-2011-1075,201,2008-11-10,0,K1BE1-104-1041-541,K1BE1,1
T03,3-202-2023-803,202,2008-11-09,0,K1BE1-104-1041-542,K1BE1,1
T04,4-204-2043-555,204,2008-11-09,0,K1BE1-104-1041-542,K1BE1,1
T02,2-201-2011-847,201,2008-11-09,0,K1BE1-104-1041-544,K1BE1,1
T03,3-202-2023-806,202,2008-11-09,1,K1BE1-104-1041-544,K1BE1,1
T04,4-204-2043-563,204,2008-11-09,0,K1BE1-104-1041-544,K1BE1,1
T03,3-202-2023-808,202,2008-11-09,0,K1BE1-104-1041-545,K1BE1,1
T04,4-204-2043-569,204,2008-11-09,0,K1BE1-104-1041-545,K1BE1,1
T01,1-201-2011-1256,201,2008-11-09,0,K1BE1-104-1041-547,K1BE1,1
T02,2-201-2011-696,201,2008-11-09,0,K1BE1-104-1041-549,K1BE1,1
T01,1-201-2011-225,201,2008-11-07,0,K1BE1-104-1041-55,K1BE1,1
T02,2-201-2011-455,201,2008-11-08,0,K1BE1-104-1041-55,K1BE1,1
T03,3-202-2023-135,202,2008-11-07,0,K1BE1-104-1041-55,K1BE1,1
T04,4-204-2043-8,204,2008-11-07,1,K1BE1-104-1041-55,K1BE1,1
T02,2-201-2011-454,201,2008-11-08,0,K1BE1-104-1041-551,K1BE1,1
T03,3-202-2023-821,202,2008-11-09,0,K1BE1-104-1041-552,K1BE1,1
T04,4-204-2043-585,204,2008-11-09,0,K1BE1-104-1041-552,K1BE1,1
T03,3-202-2023-824,202,2008-11-09,0,K1BE1-104-1041-554,K1BE1,1
T04,4-204-2043-591,204,2008-11-09,0,K1BE1-104-1041-554,K1BE1,1
T03,3-202-2023-825,202,2008-11-09,0,K1BE1-104-1041-555,K1BE1,1
T04,4-204-2043-593,204,2008-11-09,0,K1BE1-104-1041-555,K1BE1,1
T02,2-201-2011-115,201,2008-11-07,0,K1BE1-104-1041-556,K1BE1,1
T03,3-202-2023-831,202,2008-11-09,0,K1BE1-104-1041-557,K1BE1,1
T04,4-204-2043-596,204,2008-11-09,0,K1BE1-104-1041-557,K1BE1,1
T03,3-202-2023-832,202,2008-11-09,0,K1BE1-104-1041-558,K1BE1,1
T04,4-204-2043-597,204,2008-11-09,0,K1BE1-104-1041-558,K1BE1,1
T01,1-201-2011-1286,201,2008-11-09,1,K1BE1-104-1041-559,K1BE1,1
T02,2-201-2011-107,201,2008-11-07,0,K1BE1-104-1041-56,K1BE1,1
T03,3-202-2023-136,202,2008-11-07,0,K1BE1-104-1041-56,K1BE1,1
T04,4-204-2043-14,204,2008-11-07,0,K1BE1-104-1041-56,K1BE1,1
T02,2-201-2011-921,201,2008-11-09,0,K1BE1-104-1041-562,K1BE1,1
T03,3-202-2023-848,202,2008-11-09,0,K1BE1-104-1041-564,K1BE1,1
T04,4-204-2043-615,204,2008-11-09,0,K1BE1-104-1041-564,K1BE1,1
T02,2-201-2011-1219,201,2008-11-10,1,K1BE1-104-1041-565,K1BE1,1
T03,3-202-2023-850,202,2008-11-09,0,K1BE1-104-1041-565,K1BE1,1
T04,4-204-2043-616,204,2008-11-09,0,K1BE1-104-1041-565,K1BE1,1
T02,2-201-2011-1096,201,2008-11-10,0,K1BE1-104-1041-566,K1BE1,1
T03,3-202-2023-853,202,2008-11-09,0,K1BE1-104-1041-567,K1BE1,1
T04,4-204-2043-620,204,2008-11-09,0,K1BE1-104-1041-567,K1BE1,1
T01,1-201-2011-702,201,2008-11-08,0,K1BE1-104-1041-568,K1BE1,1
T02,2-201-2011-1241,201,2008-11-10,0,K1BE1-104-1041-568,K1BE1,1
T03,3-202-2023-857,202,2008-11-09,0,K1BE1-104-1041-568,K1BE1,1
T04,4-204-2043-623,204,2008-11-09,0,K1BE1-104-1041-568,K1BE1,1
T02,2-201-2011-348,201,2008-11-08,0,K1BE1-104-1041-569,K1BE1,1
T03,3-202-2023-139,202,2008-11-07,0,K1BE1-104-1041-57,K1BE1,1
T04,4-204-2043-18,204,2008-11-07,0,K1BE1-104-1041-57,K1BE1,1
T01,1-201-2011-1153,201,2008-11-09,0,K1BE1-104-1041-570,K1BE1,1
T03,3-202-2023-866,202,2008-11-09,0,K1BE1-104-1041-570,K1BE1,1
T04,4-204-2043-632,204,2008-11-09,0,K1BE1-104-1041-570,K1BE1,1
T01,1-201-2011-1156,201,2008-11-09,1,K1BE1-104-1041-571,K1BE1,1
T03,3-202-2023-867,202,2008-11-09,1,K1BE1-104-1041-571,K1BE1,1
T04,4-204-2043-636,204,2008-11-09,0,K1BE1-104-1041-571,K1BE1,1
T01,1-201-2011-1300,201,2008-11-09,0,K1BE1-104-1041-572,K1BE1,1
T02,2-201-2011-653,201,2008-11-08,0,K1BE1-104-1041-574,K1BE1,1
T03,3-201-2011-17,201,2008-11-09,0,K1BE1-104-1041-575,K1BE1,1
T04,4-204-2043-641,204,2008-11-09,0,K1BE1-104-1041-575,K1BE1,1
T01,1-201-2011-906,201,2008-11-09,1,K1BE1-104-1041-577,K1BE1,1
T03,3-201-2011-20,201,2008-11-09,0,K1BE1-104-1041-577,K1BE1,1
T04,4-204-2043-645,204,2008-11-09,0,K1BE1-104-1041-577,K1BE1,1
T03,3-202-2023-142,202,2008-11-07,0,K1BE1-104-1041-58,K1BE1,1
T04,4-204-2043-22,204,2008-11-07,0,K1BE1-104-1041-58,K1BE1,1
T03,3-201-2012-75,201,2008-11-09,0,K1BE1-104-1041-581,K1BE1,1
T04,4-204-2043-660,204,2008-11-09,0,K1BE1-104-1041-581,K1BE1,1
T01,1-201-2011-952,201,2008-11-09,0,K1BE1-104-1041-582,K1BE1,1
T02,2-201-2011-961,201,2008-11-09,0,K1BE1-104-1041-582,K1BE1,1
T03,3-201-2012-80,201,2008-11-09,0,K1BE1-104-1041-582,K1BE1,1
T04,4-204-2043-663,204,2008-11-09,0,K1BE1-104-1041-582,K1BE1,1
T02,2-201-2011-901,201,2008-11-09,0,K1BE1-104-1041-584,K1BE1,1
T02,2-201-2011-861,201,2008-11-09,0,K1BE1-104-1041-585,K1BE1,1
T03,3-201-2012-84,201,2008-11-09,0,K1BE1-104-1041-585,K1BE1,1
T04,4-204-2043-675,204,2008-11-09,0,K1BE1-104-1041-585,K1BE1,1
T03,3-201-2012-87,201,2008-11-09,0,K1BE1-104-1041-587,K1BE1,1
T04,4-204-2043-686,204,2008-11-09,0,K1BE1-104-1041-587,K1BE1,1
T03,3-201-2012-88,201,2008-11-09,0,K1BE1-104-1041-588,K1BE1,1
T04,4-204-2043-687,204,2008-11-09,1,K1BE1-104-1041-588,K1BE1,1
T01,1-201-2011-680,201,2008-11-08,0,K1BE1-104-1041-589,K1BE1,1
T03,3-201-2012-89,201,2008-11-09,0,K1BE1-104-1041-589,K1BE1,1
T04,4-204-2043-688,204,2008-11-09,0,K1BE1-104-1041-589,K1BE1,1
T03,3-202-2023-143,202,2008-11-07,0,K1BE1-104-1041-59,K1BE1,1
T04,4-204-2043-24,204,2008-11-07,0,K1BE1-104-1041-59,K1BE1,1
T01,1-201-2011-982,201,2008-11-09,1,K1BE1-104-1041-590,K1BE1,1
T01,1-201-2011-1086,201,2008-11-09,0,K1BE1-104-1041-591,K1BE1,1
T03,3-201-2012-92,201,2008-11-09,0,K1BE1-104-1041-591,K1BE1,1
T04,4-204-2043-691,204,2008-11-09,1,K1BE1-104-1041-591,K1BE1,1
T03,3-201-2012-94,201,2008-11-09,0,K1BE1-104-1041-592,K1BE1,1
T04,4-204-2043-692,204,2008-11-09,0,K1BE1-104-1041-592,K1BE1,1
T02,2-201-2011-343,201,2008-11-08,0,K1BE1-104-1041-593,K1BE1,1
T03,3-202-2022-225,202,2008-11-10,0,K1BE1-104-1041-593,K1BE1,1
T04,4-204-2043-694,204,2008-11-09,0,K1BE1-104-1041-593,K1BE1,1
T02,2-201-2011-831,201,2008-11-09,0,K1BE1-104-1041-594,K1BE1,1
T03,3-202-2022-244,202,2008-11-10,0,K1BE1-104-1041-595,K1BE1,1
T04,4-204-2043-700,204,2008-11-09,0,K1BE1-104-1041-595,K1BE1,1
T02,2-201-2011-1182,201,2008-11-10,0,K1BE1-104-1041-596,K1BE1,1
T03,3-202-2022-248,202,2008-11-10,0,K1BE1-104-1041-597,K1BE1,1
T04,4-204-2043-705,204,2008-11-09,0,K1BE1-104-1041-597,K1BE1,1
T03,3-202-2023-25,202,2008-11-07,0,K1BE1-104-1041-6,K1BE1,1
T04,4-202-2023-59,202,2008-11-07,0,K1BE1-104-1041-6,K1BE1,1
T01,1-201-2011-401,201,2008-11-07,0,K1BE1-104-1041-60,K1BE1,1
T03,3-202-2023-144,202,2008-11-07,0,K1BE1-104-1041-60,K1BE1,1
T04,4-204-2043-28,204,2008-11-07,0,K1BE1-104-1041-60,K1BE1,1
T01,1-201-2011-985,201,2008-11-09,0,K1BE1-104-1041-601,K1BE1,1
T03,3-202-2022-262,202,2008-11-10,0,K1BE1-104-1041-602,K1BE1,1
T04,4-202-2023-384,202,2008-11-10,0,K1BE1-104-1041-602,K1BE1,1
T01,1-201-2011-967,201,2008-11-09,0,K1BE1-104-1041-603,K1BE1,1
T03,3-202-2022-267,202,2008-11-10,0,K1BE1-104-1041-603,K1BE1,1
T04,4-202-2023-389,202,2008-11-10,0,K1BE1-104-1041-603,K1BE1,1
T03,3-202-2022-276,202,2008-11-10,0,K1BE1-104-1041-605,K1BE1,1
T04,4-202-2023-397,202,2008-11-10,0,K1BE1-104-1041-605,K1BE1,1
T02,2-201-2011-811,201,2008-11-09,0,K1BE1-104-1041-606,K1BE1,1
T01,1-201-2011-902,201,2008-11-09,0,K1BE1-104-1041-607,K1BE1,1
T03,3-202-2022-281,202,2008-11-10,0,K1BE1-104-1041-607,K1BE1,1
T04,4-202-2023-404,202,2008-11-10,0,K1BE1-104-1041-607,K1BE1,1
T02,2-201-2011-1062,201,2008-11-10,0,K1BE1-104-1041-608,K1BE1,1
T02,2-201-2011-889,201,2008-11-09,0,K1BE1-104-1041-609,K1BE1,1
T01,1-201-2011-280,201,2008-11-07,0,K1BE1-104-1041-61,K1BE1,1
T03,3-202-2023-146,202,2008-11-07,1,K1BE1-104-1041-61,K1BE1,1
T04,4-204-2043-32,204,2008-11-07,0,K1BE1-104-1041-61,K1BE1,1
T01,1-201-2011-1106,201,2008-11-09,0,K1BE1-104-1041-610,K1BE1,1
T02,2-201-2011-1580,201,2008-11-11,0,K1BE1-104-1041-610,K1BE1,1
T03,3-202-2022-288,202,2008-11-10,0,K1BE1-104-1041-610,K1BE1,1
T04,4-202-2023-410,202,2008-11-10,0,K1BE1-104-1041-610,K1BE1,1
T03,3-202-2023-882,202,2008-11-10,0,K1BE1-104-1041-612,K1BE1,1
T04,4-202-2023-413,202,2008-11-10,0,K1BE1-104-1041-612,K1BE1,1
T03,3-202-2023-890,202,2008-11-10,0,K1BE1-104-1041-614,K1BE1,1
T04,4-202-2023-433,202,2008-11-10,0,K1BE1-104-1041-614,K1BE1,1
T01,1-201-2011-819,201,2008-11-08,0,K1BE1-104-1041-615,K1BE1,1
T03,3-202-2023-898,202,2008-11-10,0,K1BE1-104-1041-617,K1BE1,1
T04,4-202-2023-436,202,2008-11-10,0,K1BE1-104-1041-617,K1BE1,1
T01,1-201-2011-1188,201,2008-11-09,0,K1BE1-104-1041-618,K1BE1,1
T03,3-202-2023-902,202,2008-11-10,0,K1BE1-104-1041-619,K1BE1,1
T04,4-202-2023-442,202,2008-11-10,1,K1BE1-104-1041-619,K1BE1,1
T02,2-201-2011-78,201,2008-11-07,0,K1BE1-104-1041-62,K1BE1,1
T03,3-202-2023-148,202,2008-11-07,0,K1BE1-104-1041-62,K1BE1,1
T04,4-204-2043-38,204,2008-11-07,0,K1BE1-104-1041-62,K1BE1,1
T03,3-202-2023-904,202,2008-11-10,0,K1BE1-104-1041-620,K1BE1,1
T04,4-202-2023-446,202,2008-11-10,0,K1BE1-104-1041-620,K1BE1,1
T02,2-201-2011-356,201,2008-11-08,0,K1BE1-104-1041-621,K1BE1,1
T03,3-202-2023-908,202,2008-11-10,0,K1BE1-104-1041-622,K1BE1,1
T04,4-202-2023-459,202,2008-11-10,1,K1BE1-104-1041-622,K1BE1,1
T02,2-201-2011-720,201,2008-11-09,0,K1BE1-104-1041-623,K1BE1,1
T03,3-202-2023-913,202,2008-11-10,0,K1BE1-104-1041-624,K1BE1,1
T04,4-202-2023-466,202,2008-11-10,0,K1BE1-104-1041-624,K1BE1,1
T02,2-201-2011-361,201,2008-11-08,1,K1BE1-104-1041-625,K1BE1,1
T03,3-202-2023-914,202,2008-11-10,0,K1BE1-104-1041-625,K1BE1,1
T04,4-202-2023-468,202,2008-11-10,0,K1BE1-104-1041-625,K1BE1,1
T03,3-202-2023-920,202,2008-11-10,1,K1BE1-104-1041-626,K1BE1,1
T04,4-202-2023-471,202,2008-11-10,0,K1BE1-104-1041-626,K1BE1,1
T01,1-201-2011-305,201,2008-11-07,0,K1BE1-104-1041-627,K1BE1,1
T01,1-201-2011-1123,201,2008-11-09,0,K1BE1-104-1041-628,K1BE1,1
T03,3-202-2023-934,202,2008-11-10,0,K1BE1-104-1041-629,K1BE1,1
T04,4-202-2023-481,202,2008-11-10,0,K1BE1-104-1041-629,K1BE1,1
T03,3-202-2023-150,202,2008-11-07,0,K1BE1-104-1041-63,K1BE1,1
T04,4-204-2043-39,204,2008-11-07,0,K1BE1-104-1041-63,K1BE1,1
T02,2-201-2011-912,201,2008-11-09,0,K1BE1-104-1041-630,K1BE1,1
T03,3-202-2023-937,202,2008-11-10,0,K1BE1-104-1041-630,K1BE1,1
T04,4-202-2023-485,202,2008-11-10,0,K1BE1-104-1041-630,K1BE1,1
T02,2-201-2011-535,201,2008-11-08,0,K1BE1-104-1041-631,K1BE1,1
T03,3-202-2023-939,202,2008-11-10,0,K1BE1-104-1041-631,K1BE1,1
T04,4-204-2042-146,204,2008-11-10,1,K1BE1-104-1041-631,K1BE1,1
T02,2-201-2011-702,201,2008-11-09,0,K1BE1-104-1041-632,K1BE1,1
T03,3-202-2023-948,202,2008-11-10,0,K1BE1-104-1041-632,K1BE1,1
T04,4-204-2042-147,204,2008-11-10,0,K1BE1-104-1041-632,K1BE1,1
T03,3-202-2023-953,202,2008-11-10,0,K1BE1-104-1041-633,K1BE1,1
T04,4-204-2042-152,204,2008-11-10,0,K1BE1-104-1041-633,K1BE1,1
T01,1-201-2011-1279,201,2008-11-09,0,K1BE1-104-1041-634,K1BE1,1
T03,3-202-2023-958,202,2008-11-10,0,K1BE1-104-1041-634,K1BE1,1
T04,4-204-2042-155,204,2008-11-10,0,K1BE1-104-1041-634,K1BE1,1
T02,2-201-2011-1145,201,2008-11-10,0,K1BE1-104-1041-637,K1BE1,1
T03,3-202-2023-964,202,2008-11-10,0,K1BE1-104-1041-637,K1BE1,1
T04,4-204-2042-164,204,2008-11-10,1,K1BE1-104-1041-637,K1BE1,1
T03,3-202-2023-966,202,2008-11-10,0,K1BE1-104-1041-638,K1BE1,1
T04,4-204-2042-166,204,2008-11-10,0,K1BE1-104-1041-638,K1BE1,1
T01,1-201-2011-436,201,2008-11-07,0,K1BE1-104-1041-639,K1BE1,1
T03,3-202-2023-967,202,2008-11-10,0,K1BE1-104-1041-639,K1BE1,1
T04,4-204-2042-168,204,2008-11-10,0,K1BE1-104-1041-639,K1BE1,1
T03,3-202-2023-157,202,2008-11-07,0,K1BE1-104-1041-64,K1BE1,1
T04,4-204-2043-40,204,2008-11-07,0,K1BE1-104-1041-64,K1BE1,1
T01,1-201-2011-530,201,2008-11-08,1,K1BE1-104-1041-640,K1BE1,1
T02,2-201-2011-780,201,2008-11-09,0,K1BE1-104-1041-642,K1BE1,1
T03,3-202-2023-981,202,2008-11-10,0,K1BE1-104-1041-643,K1BE1,1
T04,4-204-2043-712,204,2008-11-10,0,K1BE1-104-1041-643,K1BE1,1
T03,3-202-2023-986,202,2008-11-10,0,K1BE1-104-1041-645,K1BE1,1
T04,4-204-2043-717,204,2008-11-10,0,K1BE1-104-1041-645,K1BE1,1
T02,2-201-2011-518,201,2008-11-08,0,K1BE1-104-1041-646,K1BE1,1
T02,2-201-2011-651,201,2008-11-08,0,K1BE1-104-1041-647,K1BE1,1
T01,1-201-2011-1017,201,2008-11-09,0,K1BE1-104-1041-649,K1BE1,1
T02,2-201-2011-1044,201,2008-11-10,0,K1BE1-104-1041-649,K1BE1,1
T03,3-202-2023-995,202,2008-11-10,0,K1BE1-104-1041-649,K1BE1,1
T04,4-204-2043-727,204,2008-11-10,0,K1BE1-104-1041-649,K1BE1,1
T01,1-201-2011-293,201,2008-11-07,0,K1BE1-104-1041-65,K1BE1,1
T03,3-202-2023-159,202,2008-11-07,0,K1BE1-104-1041-65,K1BE1,1
T04,4-204-2043-43,204,2008-11-07,0,K1BE1-104-1041-65,K1BE1,1
T01,1-201-2011-463,201,2008-11-08,0,K1BE1-104-1041-650,K1BE1,1
T03,3-202-2023-998,202,2008-11-10,1,K1BE1-104-1041-652,K1BE1,1
T04,4-204-2043-741,204,2008-11-10,0,K1BE1-104-1041-652,K1BE1,1
T01,1-201-2011-63,201,2008-11-07,0,K1BE1-104-1041-653,K1BE1,1
T02,2-201-2011-1110,201,2008-11-10,0,K1BE1-104-1041-653,K1BE1,1
T01,1-201-2011-962,201,2008-11-09,1,K1BE1-104-1041-654,K1BE1,1
T03,3-202-2023-1007,202,2008-11-10,0,K1BE1-104-1041-654,K1BE1,1
T04,4-204-2043-744,204,2008-11-10,0,K1BE1-104-1041-654,K1BE1,1
T01,1-201-2011-157,201,2008-11-07,1,K1BE1-104-1041-656,K1BE1,1
T03,3-202-2023-1025,202,2008-11-10,0,K1BE1-104-1041-657,K1BE1,1
T04,4-204-2043-750,204,2008-11-10,0,K1BE1-104-1041-657,K1BE1,1
T01,1-201-2011-895,201,2008-11-09,1,K1BE1-104-1041-658,K1BE1,1
T02,2-201-2011-936,201,2008-11-09,0,K1BE1-104-1041-658,K1BE1,1
T01,1-201-2011-162,201,2008-11-07,0,K1BE1-104-1041-66,K1BE1,1
T03,3-202-2023-161,202,2008-11-07,0,K1BE1-104-1041-66,K1BE1,1
T04,4-204-2043-48,204,2008-11-07,0,K1BE1-104-1041-66,K1BE1,1
T01,1-201-2011-1116,201,2008-11-09,1,K1BE1-104-1041-660,K1BE1,1
T03,3-202-2023-1040,202,2008-11-10,0,K1BE1-104-1041-660,K1BE1,1
T04,4-204-2043-761,204,2008-11-10,0,K1BE1-104-1041-660,K1BE1,1
T02,2-201-2011-949,201,2008-11-09,0,K1BE1-104-1041-661,K1BE1,1
T02,2-201-2011-1099,201,2008-11-10,0,K1BE1-104-1041-663,K1BE1,1
T03,3-202-2023-1063,202,2008-11-10,0,K1BE1-104-1041-663,K1BE1,1
T04,4-204-2043-771,204,2008-11-10,0,K1BE1-104-1041-663,K1BE1,1
T03,3-202-2023-1065,202,2008-11-10,0,K1BE1-104-1041-665,K1BE1,1
T04,4-204-2043-783,204,2008-11-10,0,K1BE1-104-1041-665,K1BE1,1
T01,1-201-2011-1192,201,2008-11-09,0,K1BE1-104-1041-667,K1BE1,1
T02,2-201-2011-835,201,2008-11-09,0,K1BE1-104-1041-667,K1BE1,1
T03,3-202-2023-1070,202,2008-11-10,0,K1BE1-104-1041-667,K1BE1,1
T04,4-204-2043-789,204,2008-11-10,0,K1BE1-104-1041-667,K1BE1,1
T01,1-201-2011-35,201,2008-11-07,0,K1BE1-104-1041-668,K1BE1,1
T02,2-201-2011-580,201,2008-11-08,0,K1BE1-104-1041-668,K1BE1,1
T03,3-202-2023-1074,202,2008-11-10,0,K1BE1-104-1041-668,K1BE1,1
T04,4-204-2043-793,204,2008-11-10,0,K1BE1-104-1041-668,K1BE1,1
T03,3-202-2023-1076,202,2008-11-10,0,K1BE1-104-1041-669,K1BE1,1
T04,4-204-2043-794,204,2008-11-10,1,K1BE1-104-1041-669,K1BE1,1
T03,3-202-2023-162,202,2008-11-07,1,K1BE1-104-1041-67,K1BE1,1
T04,4-204-2043-50,204,2008-11-07,0,K1BE1-104-1041-67,K1BE1,1
T02,2-201-2011-337,201,2008-11-08,0,K1BE1-104-1041-670,K1BE1,1
T01,1-201-2011-677,201,2008-11-08,1,K1BE1-104-1041-671,K1BE1,1
T03,3-202-2023-1088,202,2008-11-10,0,K1BE1-104-1041-671,K1BE1,1
T04,4-204-2043-811,204,2008-11-10,0,K1BE1-104-1041-671,K1BE1,1
T01,1-201-2011-886,201,2008-11-09,1,K1BE1-104-1041-672,K1BE1,1
T03,3-202-2023-1093,202,2008-11-10,0,K1BE1-104-1041-672,K1BE1,1
T04,4-204-2043-816,204,2008-11-10,0,K1BE1-104-1041-672,K1BE1,1
T01,1-201-2011-525,201,2008-11-08,0,K1BE1-104-1041-673,K1BE1,1
T03,3-202-2023-1099,202,2008-11-10,0,K1BE1-104-1041-673,K1BE1,1
T04,4-204-2043-822,204,2008-11-10,0,K1BE1-104-1041-673,K1BE1,1
T01,1-201-2011-500,201,2008-11-08,0,K1BE1-104-1041-677,K1BE1,1
T02,2-201-2011-1012,201,2008-11-10,0,K1BE1-104-1041-677,K1BE1,1
T03,3-202-2023-1106,202,2008-11-10,0,K1BE1-104-1041-677,K1BE1,1
T04,4-204-2043-843,204,2008-11-10,0,K1BE1-104-1041-677,K1BE1,1
T01,1-201-2011-1311,201,2008-11-09,0,K1BE1-104-1041-678,K1BE1,1
T01,1-201-2011-393,201,2008-11-07,0,K1BE1-104-1041-679,K1BE1,1
T02,2-201-2011-494,201,2008-11-08,1,K1BE1-104-1041-68,K1BE1,1
T01,1-201-2011-590,201,2008-11-08,0,K1BE1-104-1041-680,K1BE1,1
T02,2-201-2011-281,201,2008-11-07,0,K1BE1-104-1041-680,K1BE1,1
T03,3-202-2023-1116,202,2008-11-10,1,K1BE1-104-1041-680,K1BE1,1
T04,4-204-2043-859,204,2008-11-10,0,K1BE1-104-1041-680,K1BE1,1
T01,1-201-2011-1053,201,2008-11-09,0,K1BE1-104-1041-681,K1BE1,1
T03,3-202-2023-1127,202,2008-11-10,0,K1BE1-104-1041-681,K1BE1,1
T04,4-204-2043-863,204,2008-11-10,0,K1BE1-104-1041-681,K1BE1,1
T03,3-202-2023-1132,202,2008-11-10,0,K1BE1-104-1041-682,K1BE1,1
T04,4-204-2043-869,204,2008-11-10,0,K1BE1-104-1041-682,K1BE1,1
T03,3-202-2023-1137,202,2008-11-10,0,K1BE1-104-1041-683,K1BE1,1
T04,4-204-2043-874,204,2008-11-10,0,K1BE1-104-1041-683,K1BE1,1
T01,1-201-2011-814,201,2008-11-08,0,K1BE1-104-1041-684,K1BE1,1
T03,3-202-2023-1140,202,2008-11-10,0,K1BE1-104-1041-685,K1BE1,1
T04,4-204-2043-876,204,2008-11-10,0,K1BE1-104-1041-685,K1BE1,1
T03,3-202-2023-1141,202,2008-11-10,0,K1BE1-104-1041-686,K1BE1,1
T04,4-204-2043-877,204,2008-11-10,0,K1BE1-104-1041-686,K1BE1,1
T02,2-201-2011-526,201,2008-11-08,0,K1BE1-104-1041-687,K1BE1,1
T03,3-202-2023-1145,202,2008-11-10,0,K1BE1-104-1041-688,K1BE1,1
T04,4-204-2043-886,204,2008-11-10,0,K1BE1-104-1041-688,K1BE1,1
T01,1-201-2011-623,201,2008-11-08,0,K1BE1-104-1041-689,K1BE1,1
T03,3-202-2023-1150,202,2008-11-10,0,K1BE1-104-1041-689,K1BE1,1
T04,4-204-2043-887,204,2008-11-10,0,K1BE1-104-1041-689,K1BE1,1
T03,3-202-2023-165,202,2008-11-07,0,K1BE1-104-1041-69,K1BE1,1
T04,4-204-2043-53,204,2008-11-07,0,K1BE1-104-1041-69,K1BE1,1
T03,3-202-2023-1159,202,2008-11-10,0,K1BE1-104-1041-692,K1BE1,1
T04,4-204-2043-903,204,2008-11-10,0,K1BE1-104-1041-692,K1BE1,1
T01,1-201-2011-1250,201,2008-11-09,0,K1BE1-104-1041-693,K1BE1,1
T03,3-202-2023-1162,202,2008-11-10,0,K1BE1-104-1041-693,K1BE1,1
T04,4-204-2043-926,204,2008-11-10,0,K1BE1-104-1041-693,K1BE1,1
T01,1-201-2011-861,201,2008-11-08,1,K1BE1-104-1041-694,K1BE1,1
T01,1-201-2011-1151,201,2008-11-09,1,K1BE1-104-1041-695,K1BE1,1
T02,2-201-2011-1146,201,2008-11-10,0,K1BE1-104-1041-695,K1BE1,1
T03,3-201-2011-27,201,2008-11-10,0,K1BE1-104-1041-695,K1BE1,1
T04,4-204-2043-929,204,2008-11-10,0,K1BE1-104-1041-695,K1BE1,1
T02,2-201-2011-930,201,2008-11-09,0,K1BE1-104-1041-698,K1BE1,1
T03,3-201-2012-101,201,2008-11-10,0,K1BE1-104-1041-698,K1BE1,1
T04,4-202-2023-499,202,2008-11-11,0,K1BE1-104-1041-698,K1BE1,1
T01,1-201-2011-1216,201,2008-11-09,0,K1BE1-104-1041-699,K1BE1,1
T02,2-201-2011-685,201,2008-11-09,0,K1BE1-104-1041-699,K1BE1,1
T03,3-202-2023-27,202,2008-11-07,0,K1BE1-104-1041-7,K1BE1,1
T04,4-202-2023-60,202,2008-11-07,0,K1BE1-104-1041-7,K1BE1,1
T01,1-201-2011-313,201,2008-11-07,0,K1BE1-104-1041-70,K1BE1,1
T03,3-202-2023-167,202,2008-11-07,0,K1BE1-104-1041-70,K1BE1,1
T04,4-204-2043-55,204,2008-11-07,0,K1BE1-104-1041-70,K1BE1,1
T01,1-201-2011-317,201,2008-11-07,1,K1BE1-104-1041-700,K1BE1,1
T03,3-201-2012-108,201,2008-11-10,1,K1BE1-104-1041-700,K1BE1,1
T04,4-202-2023-513,202,2008-11-11,0,K1BE1-104-1041-700,K1BE1,1
T02,2-201-2011-1245,201,2008-11-10,0,K1BE1-104-1041-701,K1BE1,1
T03,3-201-2012-112,201,2008-11-10,0,K1BE1-104-1041-701,K1BE1,1
T04,4-202-2023-544,202,2008-11-11,0,K1BE1-104-1041-701,K1BE1,1
T02,2-201-2011-919,201,2008-11-09,0,K1BE1-104-1041-702,K1BE1,1
T02,2-201-2011-508,201,2008-11-08,0,K1BE1-104-1041-705,K1BE1,1
T03,3-201-2012-121,201,2008-11-10,0,K1BE1-104-1041-705,K1BE1,1
T04,4-204-2042-200,204,2008-11-11,0,K1BE1-104-1041-705,K1BE1,1
T01,1-201-2011-518,201,2008-11-08,0,K1BE1-104-1041-706,K1BE1,1
T03,3-202-2022-293,202,2008-11-11,0,K1BE1-104-1041-706,K1BE1,1
T04,4-204-2043-969,204,2008-11-11,0,K1BE1-104-1041-706,K1BE1,1
T01,1-201-2011-1299,201,2008-11-09,1,K1BE1-104-1041-707,K1BE1,1
T01,1-201-2011-686,201,2008-11-08,0,K1BE1-104-1041-708,K1BE1,1
T02,2-201-2011-716,201,2008-11-09,0,K1BE1-104-1041-708,K1BE1,1
T03,3-202-2022-339,202,2008-11-11,0,K1BE1-104-1041-708,K1BE1,1
T04,4-204-2043-1095,204,2008-11-11,0,K1BE1-104-1041-708,K1BE1,1
T01,1-201-2011-1258,201,2008-11-09,0,K1BE1-104-1041-71,K1BE1,1
T02,2-201-2011-477,201,2008-11-08,0,K1BE1-104-1041-71,K1BE1,1
T03,3-202-2023-169,202,2008-11-07,0,K1BE1-104-1041-71,K1BE1,1
T04,4-204-2043-56,204,2008-11-07,0,K1BE1-104-1041-71,K1BE1,1
T03,3-202-2023-1325,202,2008-11-11,0,K1BE1-104-1041-711,K1BE1,1
T04,4-204-2043-1173,204,2008-11-11,0,K1BE1-104-1041-711,K1BE1,1
T03,3-202-2023-1402,202,2008-11-11,0,K1BE1-104-1041-712,K1BE1,1
T04,4-202-2023-355063,202,2008-11-09,0,K1BE1-104-1041-712,K1BE1,1
T01,1-201-2011-1308,201,2008-11-09,0,K1BE1-104-1041-712687,K1BE1,1
T01,1-201-2011-727,201,2008-11-08,0,K1BE1-104-1041-712860,K1BE1,1
T02,2-201-2011-981,201,2008-11-09,0,K1BE1-104-1041-712860,K1BE1,1
T03,3-202-2022-71,202,2008-11-07,0,K1BE1-104-1041-712860,K1BE1,1
T04,4-202-2023-129,202,2008-11-08,0,K1BE1-104-1041-712860,K1BE1,1
T02,2-201-2011-476,201,2008-11-08,0,K1BE1-104-1041-713,K1BE1,1
T02,2-201-2011-812,201,2008-11-09,0,K1BE1-104-1041-713284,K1BE1,1
T03,3-202-2023-414,202,2008-11-08,0,K1BE1-104-1041-713284,K1BE1,1
T04,4-204-2043-391,204,2008-11-08,0,K1BE1-104-1041-713284,K1BE1,1
T02,2-201-2011-1694,201,2008-11-12,0,K1BE1-104-1041-713488,K1BE1,1
T01,1-201-2011-209,201,2008-11-07,0,K1BE1-104-1041-713867,K1BE1,1
T02,2-201-2011-102,201,2008-11-07,0,K1BE1-104-1041-713867,K1BE1,1
T03,3-202-2022-217,202,2008-11-09,0,K1BE1-104-1041-713867,K1BE1,1
T04,4-204-2043-471,204,2008-11-08,0,K1BE1-104-1041-713867,K1BE1,1
T02,2-201-2011-1897,201,2008-11-12,0,K1BE1-104-1041-714433,K1BE1,1
T01,1-201-2011-1222,201,2008-11-09,0,K1BE1-104-1041-715,K1BE1,1
T02,2-201-2011-960167,201,2008-11-09,0,K1BE1-104-1041-715,K1BE1,1
T03,3-201-2012-137,201,2008-11-11,0,K1BE1-104-1041-715,K1BE1,1
T04,4-202-2023-86,202,2008-11-07,1,K1BE1-104-1041-715,K1BE1,1
T03,3-202-2022-68,202,2008-11-07,0,K1BE1-104-1041-715541,K1BE1,1
T04,4-202-2023-124,202,2008-11-08,0,K1BE1-104-1041-715541,K1BE1,1
T02,2-201-2011-1513,201,2008-11-11,0,K1BE1-104-1041-717,K1BE1,1
T03,3-201-2012-94377,201,2008-11-10,0,K1BE1-104-1041-718,K1BE1,1
T04,4-204-2043-212,204,2008-11-07,0,K1BE1-104-1041-718,K1BE1,1
T02,2-201-2011-1577,201,2008-11-11,0,K1BE1-104-1041-719,K1BE1,1
T01,1-201-2011-517,201,2008-11-08,1,K1BE1-104-1041-72,K1BE1,1
T02,2-201-2011-367,201,2008-11-08,0,K1BE1-104-1041-72,K1BE1,1
T03,3-202-2023-171,202,2008-11-07,0,K1BE1-104-1041-72,K1BE1,1
T04,4-204-2043-60,204,2008-11-07,0,K1BE1-104-1041-72,K1BE1,1
T02,2-201-2011-1560,201,2008-11-11,0,K1BE1-104-1041-720,K1BE1,1
T01,1-201-2011-904,201,2008-11-09,1,K1BE1-104-1041-721,K1BE1,1
T03,3-202-2023-55,202,2008-11-07,0,K1BE1-104-1041-721,K1BE1,1
T04,4-202-2023-164,202,2008-11-08,0,K1BE1-104-1041-721,K1BE1,1
T02,2-201-2011-1155,201,2008-11-10,0,K1BE1-104-1041-722,K1BE1,1
T03,3-202-2023-62,202,2008-11-07,0,K1BE1-104-1041-722,K1BE1,1
T04,4-202-2023-165,202,2008-11-08,0,K1BE1-104-1041-722,K1BE1,1
T02,2-201-2011-1483,201,2008-11-11,0,K1BE1-104-1041-723,K1BE1,1
T02,2-201-2011-1581,201,2008-11-11,0,K1BE1-104-1041-724,K1BE1,1
T01,1-201-2011-1070,201,2008-11-09,1,K1BE1-104-1041-725,K1BE1,1
T02,2-201-2011-701,201,2008-11-09,0,K1BE1-104-1041-726,K1BE1,1
T03,3-202-2022-85,202,2008-11-08,0,K1BE1-104-1041-726,K1BE1,1
T04,4-202-2023-240,202,2008-11-08,1,K1BE1-104-1041-726,K1BE1,1
T01,1-201-2011-681,201,2008-11-08,0,K1BE1-104-1041-727,K1BE1,1
T03,3-202-2022-91,202,2008-11-08,0,K1BE1-104-1041-727,K1BE1,1
T04,4-204-2043-254,204,2008-11-08,0,K1BE1-104-1041-727,K1BE1,1
T03,3-202-2022-142,202,2008-11-08,0,K1BE1-104-1041-729,K1BE1,1
T04,4-204-2043-309,204,2008-11-08,0,K1BE1-104-1041-729,K1BE1,1
T03,3-202-2023-173,202,2008-11-07,0,K1BE1-104-1041-73,K1BE1,1
T04,4-204-2043-61,204,2008-11-07,0,K1BE1-104-1041-73,K1BE1,1
T02,2-201-2011-1013,201,2008-11-10,0,K1BE1-104-1041-730,K1BE1,1
T03,3-202-2022-145,202,2008-11-08,0,K1BE1-104-1041-730,K1BE1,1
T04,4-204-2043-314,204,2008-11-08,0,K1BE1-104-1041-730,K1BE1,1
T02,2-201-2011-1529,201,2008-11-11,0,K1BE1-104-1041-732,K1BE1,1
T02,2-201-2011-1031,201,2008-11-10,0,K1BE1-104-1041-736,K1BE1,1
T02,2-201-2011-1238,201,2008-11-10,0,K1BE1-104-1041-737,K1BE1,1
T03,3-202-2023-174,202,2008-11-07,0,K1BE1-104-1041-74,K1BE1,1
T04,4-204-2043-65,204,2008-11-07,0,K1BE1-104-1041-74,K1BE1,1
T02,2-201-2011-739,201,2008-11-09,1,K1BE1-104-1041-745,K1BE1,1
T02,2-201-2011-1058,201,2008-11-10,0,K1BE1-104-1041-746,K1BE1,1
T02,2-201-2011-1343,201,2008-11-11,0,K1BE1-104-1041-748,K1BE1,1
T01,1-201-2011-559,201,2008-11-08,0,K1BE1-104-1041-749,K1BE1,1
T01,1-201-2011-172,201,2008-11-07,1,K1BE1-104-1041-75,K1BE1,1
T03,3-202-2023-176,202,2008-11-07,0,K1BE1-104-1041-75,K1BE1,1
T04,4-204-2043-66,204,2008-11-07,0,K1BE1-104-1041-75,K1BE1,1
T02,2-201-2011-1640,201,2008-11-11,0,K1BE1-104-1041-750,K1BE1,1
T02,2-201-2011-752,201,2008-11-09,0,K1BE1-104-1041-751,K1BE1,1
T01,1-201-2011-940,201,2008-11-09,0,K1BE1-104-1041-753,K1BE1,1
T03,3-202-2023-987,202,2008-11-10,0,K1BE1-104-1041-754,K1BE1,1
T04,4-204-2043-781,204,2008-11-10,0,K1BE1-104-1041-754,K1BE1,1
T02,2-201-2011-1385,201,2008-11-11,1,K1BE1-104-1041-755,K1BE1,1
T03,3-202-2023-1001,202,2008-11-10,0,K1BE1-104-1041-757,K1BE1,1
T04,4-204-2043-787,204,2008-11-10,0,K1BE1-104-1041-757,K1BE1,1
T02,2-201-2011-1091,201,2008-11-10,0,K1BE1-104-1041-758,K1BE1,1
T01,1-201-2011-1205,201,2008-11-09,0,K1BE1-104-1041-76,K1BE1,1
T03,3-202-2023-188,202,2008-11-07,0,K1BE1-104-1041-76,K1BE1,1
T04,4-204-2043-68,204,2008-11-07,0,K1BE1-104-1041-76,K1BE1,1
T01,1-201-2011-466,201,2008-11-08,0,K1BE1-104-1041-760,K1BE1,1
T02,2-201-2011-1550,201,2008-11-11,0,K1BE1-104-1041-760,K1BE1,1
T03,3-202-2023-1009,202,2008-11-10,0,K1BE1-104-1041-760,K1BE1,1
T04,4-204-2043-796,204,2008-11-10,0,K1BE1-104-1041-760,K1BE1,1
T01,1-201-2011-817,201,2008-11-08,0,K1BE1-104-1041-763,K1BE1,1
T02,2-201-2011-1404,201,2008-11-11,0,K1BE1-104-1041-765,K1BE1,1
T02,2-201-2011-1133,201,2008-11-10,0,K1BE1-104-1041-766,K1BE1,1
T02,2-201-2011-1634,201,2008-11-11,0,K1BE1-104-1041-767,K1BE1,1
T01,1-201-2011-1144,201,2008-11-09,1,K1BE1-104-1041-768,K1BE1,1
T02,2-201-2011-1491,201,2008-11-11,0,K1BE1-104-1041-768,K1BE1,1
T03,3-202-2023-1030,202,2008-11-10,0,K1BE1-104-1041-769,K1BE1,1
T04,4-204-2043-817,204,2008-11-10,1,K1BE1-104-1041-769,K1BE1,1
T03,3-202-2023-193,202,2008-11-07,1,K1BE1-104-1041-77,K1BE1,1
T04,4-204-2043-75,204,2008-11-07,0,K1BE1-104-1041-77,K1BE1,1
T03,3-202-2023-1031,202,2008-11-10,0,K1BE1-104-1041-770,K1BE1,1
T04,4-204-2043-818,204,2008-11-10,1,K1BE1-104-1041-770,K1BE1,1
T02,2-201-2011-1178,201,2008-11-10,0,K1BE1-104-1041-771,K1BE1,1
T02,2-201-2011-825,201,2008-11-09,0,K1BE1-104-1041-772,K1BE1,1
T02,2-201-2011-369,201,2008-11-08,0,K1BE1-104-1041-774,K1BE1,1
T02,2-201-2011-907,201,2008-11-09,0,K1BE1-104-1041-775,K1BE1,1
T03,3-202-2023-1042,202,2008-11-10,0,K1BE1-104-1041-775,K1BE1,1
T04,4-204-2043-828,204,2008-11-10,0,K1BE1-104-1041-775,K1BE1,1
T01,1-201-2011-999,201,2008-11-09,1,K1BE1-104-1041-776,K1BE1,1
T02,2-201-2011-1858,201,2008-11-12,0,K1BE1-104-1041-778,K1BE1,1
T02,2-201-2011-147,201,2008-11-07,0,K1BE1-104-1041-78,K1BE1,1
T03,3-202-2023-196,202,2008-11-07,0,K1BE1-104-1041-78,K1BE1,1
T04,4-204-2043-79,204,2008-11-07,0,K1BE1-104-1041-78,K1BE1,1
T02,2-201-2011-1585,201,2008-11-11,0,K1BE1-104-1041-782,K1BE1,1
T02,2-201-2011-1276,201,2008-11-10,0,K1BE1-104-1041-783,K1BE1,1
T02,2-201-2011-927,201,2008-11-09,0,K1BE1-104-1041-784,K1BE1,1
T01,1-201-2011-544,201,2008-11-08,1,K1BE1-104-1041-785,K1BE1,1
T03,3-202-2023-1072,202,2008-11-10,1,K1BE1-104-1041-786,K1BE1,1
T04,4-204-2043-849,204,2008-11-10,0,K1BE1-104-1041-786,K1BE1,1
T03,3-202-2023-1078,202,2008-11-10,1,K1BE1-104-1041-788,K1BE1,1
T04,4-204-2043-854,204,2008-11-10,0,K1BE1-104-1041-788,K1BE1,1
T02,2-201-2011-977,201,2008-11-09,0,K1BE1-104-1041-789,K1BE1,1
T03,3-202-2023-198,202,2008-11-07,0,K1BE1-104-1041-79,K1BE1,1
T04,4-204-2043-80,204,2008-11-07,0,K1BE1-104-1041-79,K1BE1,1
T01,1-201-2011-701,201,2008-11-08,0,K1BE1-104-1041-790,K1BE1,1
T02,2-201-2011-797,201,2008-11-09,0,K1BE1-104-1041-790,K1BE1,1
T02,2-201-2011-1878,201,2008-11-12,0,K1BE1-104-1041-792,K1BE1,1
T01,1-201-2011-143,201,2008-11-07,0,K1BE1-104-1041-793,K1BE1,1
T01,1-201-2011-575,201,2008-11-08,0,K1BE1-104-1041-799,K1BE1,1
T02,2-201-2011-327,201,2008-11-07,1,K1BE1-104-1041-8,K1BE1,1
T03,3-202-2023-29,202,2008-11-07,0,K1BE1-104-1041-8,K1BE1,1
T04,4-202-2023-62,202,2008-11-07,0,K1BE1-104-1041-8,K1BE1,1
T03,3-202-2023-202,202,2008-11-07,0,K1BE1-104-1041-80,K1BE1,1
T04,4-204-2043-83,204,2008-11-07,0,K1BE1-104-1041-80,K1BE1,1
T03,3-202-2023-1100,202,2008-11-10,0,K1BE1-104-1041-800,K1BE1,1
T04,4-204-2043-890,204,2008-11-10,0,K1BE1-104-1041-800,K1BE1,1
T03,3-202-2023-1101,202,2008-11-10,0,K1BE1-104-1041-801,K1BE1,1
T04,4-204-2043-894,204,2008-11-10,0,K1BE1-104-1041-801,K1BE1,1
T01,1-201-2011-70,201,2008-11-07,0,K1BE1-104-1041-803,K1BE1,1
T02,2-201-2011-920,201,2008-11-09,0,K1BE1-104-1041-806,K1BE1,1
T02,2-201-2011-1011,201,2008-11-10,0,K1BE1-104-1041-807,K1BE1,1
T01,1-201-2011-165,201,2008-11-07,0,K1BE1-104-1041-81,K1BE1,1
T03,3-202-2023-203,202,2008-11-07,0,K1BE1-104-1041-81,K1BE1,1
T04,4-204-2043-87,204,2008-11-07,0,K1BE1-104-1041-81,K1BE1,1
T03,3-202-2023-1124,202,2008-11-10,1,K1BE1-104-1041-810,K1BE1,1
T04,4-204-2043-908,204,2008-11-10,0,K1BE1-104-1041-810,K1BE1,1
T01,1-201-2011-1209,201,2008-11-09,0,K1BE1-104-1041-812,K1BE1,1
T02,2-201-2011-1179,201,2008-11-10,1,K1BE1-104-1041-816,K1BE1,1
T03,3-202-2023-1135,202,2008-11-10,0,K1BE1-104-1041-817,K1BE1,1
T04,4-204-2043-916,204,2008-11-10,1,K1BE1-104-1041-817,K1BE1,1
T01,1-201-2011-598,201,2008-11-08,0,K1BE1-104-1041-82,K1BE1,1
T03,3-202-2023-205,202,2008-11-07,0,K1BE1-104-1041-82,K1BE1,1
T04,4-204-2043-88,204,2008-11-07,0,K1BE1-104-1041-82,K1BE1,1
T01,1-201-2011-1023,201,2008-11-09,0,K1BE1-104-1041-820,K1BE1,1
T03,3-202-2023-1142,202,2008-11-10,1,K1BE1-104-1041-820,K1BE1,1
T04,4-204-2043-920,204,2008-11-10,0,K1BE1-104-1041-820,K1BE1,1
T02,2-201-2011-1250,201,2008-11-10,0,K1BE1-104-1041-825,K1BE1,1
T01,1-201-2011-771,201,2008-11-08,0,K1BE1-104-1041-826,K1BE1,1
T03,3-202-2023-1153,202,2008-11-10,1,K1BE1-104-1041-826,K1BE1,1
T04,4-204-2043-937,204,2008-11-10,0,K1BE1-104-1041-826,K1BE1,1
T02,2-201-2011-1620,201,2008-11-11,0,K1BE1-104-1041-829,K1BE1,1
T03,3-202-2023-207,202,2008-11-07,0,K1BE1-104-1041-83,K1BE1,1
T04,4-204-2043-90,204,2008-11-07,0,K1BE1-104-1041-83,K1BE1,1
T02,2-201-2011-1161,201,2008-11-10,0,K1BE1-104-1041-831,K1BE1,1
T02,2-201-2011-988,201,2008-11-10,0,K1BE1-104-1041-833,K1BE1,1
T03,3-201-2011-30,201,2008-11-10,0,K1BE1-104-1041-834,K1BE1,1
T04,4-202-2023-510,202,2008-11-11,0,K1BE1-104-1041-834,K1BE1,1
T03,3-201-2011-31,201,2008-11-10,0,K1BE1-104-1041-835,K1BE1,1
T04,4-202-2023-511,202,2008-11-11,0,K1BE1-104-1041-835,K1BE1,1
T01,1-201-2011-492,201,2008-11-08,0,K1BE1-104-1041-84,K1BE1,1
T03,3-202-2023-208,202,2008-11-07,0,K1BE1-104-1041-84,K1BE1,1
T04,4-204-2043-93,204,2008-11-07,0,K1BE1-104-1041-84,K1BE1,1
T02,2-201-2011-1533,201,2008-11-11,0,K1BE1-104-1041-840,K1BE1,1
T02,2-201-2011-1006,201,2008-11-10,0,K1BE1-104-1041-845,K1BE1,1
T02,2-201-2011-1057,201,2008-11-10,1,K1BE1-104-1041-846,K1BE1,1
T02,2-201-2011-678,201,2008-11-09,0,K1BE1-104-1041-847,K1BE1,1
T01,1-201-2011-603,201,2008-11-08,0,K1BE1-104-1041-85,K1BE1,1
T03,3-202-2023-210,202,2008-11-07,0,K1BE1-104-1041-85,K1BE1,1
T04,4-204-2043-95,204,2008-11-07,0,K1BE1-104-1041-85,K1BE1,1
T02,2-201-2011-1170,201,2008-11-10,0,K1BE1-104-1041-851,K1BE1,1
T02,2-201-2011-894,201,2008-11-09,1,K1BE1-104-1041-857,K1BE1,1
T02,2-201-2011-1294,201,2008-11-10,0,K1BE1-104-1041-858,K1BE1,1
T02,2-201-2011-1164,201,2008-11-10,0,K1BE1-104-1041-859,K1BE1,1
T03,3-202-2023-213,202,2008-11-07,0,K1BE1-104-1041-86,K1BE1,1
T04,4-204-2043-96,204,2008-11-07,0,K1BE1-104-1041-86,K1BE1,1
T02,2-201-2011-1175,201,2008-11-10,0,K1BE1-104-1041-860,K1BE1,1
T03,3-202-2023-1173,202,2008-11-11,0,K1BE1-104-1041-860,K1BE1,1
T04,4-204-2042-218,204,2008-11-11,0,K1BE1-104-1041-860,K1BE1,1
T03,3-202-2023-1186,202,2008-11-11,1,K1BE1-104-1041-864,K1BE1,1
T04,4-204-2042-234,204,2008-11-11,0,K1BE1-104-1041-864,K1BE1,1
T02,2-201-2011-896,201,2008-11-09,0,K1BE1-104-1041-865,K1BE1,1
T02,2-201-2011-1290,201,2008-11-10,0,K1BE1-104-1041-866,K1BE1,1
T02,2-201-2011-1206,201,2008-11-10,0,K1BE1-104-1041-869,K1BE1,1
T02,2-201-2011-71,201,2008-11-07,0,K1BE1-104-1041-87,K1BE1,1
T03,3-202-2023-217,202,2008-11-07,0,K1BE1-104-1041-87,K1BE1,1
T04,4-204-2043-100,204,2008-11-07,0,K1BE1-104-1041-87,K1BE1,1
T02,2-201-2011-1249,201,2008-11-10,0,K1BE1-104-1041-871,K1BE1,1
T03,3-202-2023-1210,202,2008-11-11,0,K1BE1-104-1041-871,K1BE1,1
T04,4-204-2043-954,204,2008-11-11,1,K1BE1-104-1041-871,K1BE1,1
T01,1-201-2011-823,201,2008-11-08,0,K1BE1-104-1041-876,K1BE1,1
T02,2-201-2011-1433,201,2008-11-11,0,K1BE1-104-1041-876,K1BE1,1
T02,2-201-2011-1352,201,2008-11-11,0,K1BE1-104-1041-878,K1BE1,1
T03,3-202-2023-221,202,2008-11-07,0,K1BE1-104-1041-88,K1BE1,1
T04,4-204-2043-101,204,2008-11-07,0,K1BE1-104-1041-88,K1BE1,1
T02,2-201-2011-1270,201,2008-11-10,0,K1BE1-104-1041-880,K1BE1,1
T02,2-201-2011-740,201,2008-11-09,0,K1BE1-104-1041-882,K1BE1,1
T02,2-201-2011-1222,201,2008-11-10,0,K1BE1-104-1041-888,K1BE1,1
T03,3-202-2023-1276,202,2008-11-11,0,K1BE1-104-1041-888,K1BE1,1
T04,4-204-2043-1001,204,2008-11-11,0,K1BE1-104-1041-888,K1BE1,1
T01,1-201-2011-353,201,2008-11-07,1,K1BE1-104-1041-89,K1BE1,1
T02,2-201-2011-178,201,2008-11-07,0,K1BE1-104-1041-89,K1BE1,1
T03,3-202-2023-224,202,2008-11-07,0,K1BE1-104-1041-89,K1BE1,1
T04,4-204-2043-103,204,2008-11-07,0,K1BE1-104-1041-89,K1BE1,1
T01,1-201-2011-1143,201,2008-11-09,0,K1BE1-104-1041-891,K1BE1,1
T01,1-201-2011-1030,201,2008-11-09,0,K1BE1-104-1041-894,K1BE1,1
T03,3-202-2023-1297,202,2008-11-11,0,K1BE1-104-1041-895,K1BE1,1
T04,4-204-2043-1026,204,2008-11-11,0,K1BE1-104-1041-895,K1BE1,1
T02,2-201-2011-1342,201,2008-11-11,0,K1BE1-104-1041-898,K1BE1,1
T01,1-201-2011-441,201,2008-11-08,0,K1BE1-104-1041-9,K1BE1,1
T03,3-202-2023-30,202,2008-11-07,0,K1BE1-104-1041-9,K1BE1,1
T04,4-202-2023-64,202,2008-11-07,0,K1BE1-104-1041-9,K1BE1,1
T01,1-201-2011-859,201,2008-11-08,0,K1BE1-104-1041-90,K1BE1,1
T03,3-202-2023-227,202,2008-11-07,0,K1BE1-104-1041-90,K1BE1,1
T04,4-204-2043-105,204,2008-11-07,0,K1BE1-104-1041-90,K1BE1,1
T03,3-202-2023-1331,202,2008-11-11,0,K1BE1-104-1041-903,K1BE1,1
T04,4-204-2043-1058,204,2008-11-11,0,K1BE1-104-1041-903,K1BE1,1
T02,2-201-2011-911,201,2008-11-09,0,K1BE1-104-1041-905,K1BE1,1
T03,3-202-2023-1338,202,2008-11-11,0,K1BE1-104-1041-905,K1BE1,1
T04,4-204-2043-1062,204,2008-11-11,1,K1BE1-104-1041-905,K1BE1,1
T03,3-202-2023-1346,202,2008-11-11,0,K1BE1-104-1041-908,K1BE1,1
T04,4-204-2043-1069,204,2008-11-11,0,K1BE1-104-1041-908,K1BE1,1
T03,3-202-2023-1351,202,2008-11-11,0,K1BE1-104-1041-909,K1BE1,1
T04,4-204-2043-1076,204,2008-11-11,0,K1BE1-104-1041-909,K1BE1,1
T01,1-201-2011-694,201,2008-11-08,1,K1BE1-104-1041-91,K1BE1,1
T03,3-202-2023-231,202,2008-11-07,0,K1BE1-104-1041-91,K1BE1,1
T04,4-204-2043-106,204,2008-11-07,0,K1BE1-104-1041-91,K1BE1,1
T03,3-202-2023-1359,202,2008-11-11,0,K1BE1-104-1041-911,K1BE1,1
T04,4-204-2043-1081,204,2008-11-11,0,K1BE1-104-1041-911,K1BE1,1
T03,3-202-2023-1365,202,2008-11-11,0,K1BE1-104-1041-912,K1BE1,1
T04,4-204-2043-1082,204,2008-11-11,0,K1BE1-104-1041-912,K1BE1,1
T03,3-202-2023-1370,202,2008-11-11,1,K1BE1-104-1041-913,K1BE1,1
T04,4-204-2043-1084,204,2008-11-11,0,K1BE1-104-1041-913,K1BE1,1
T02,2-201-2011-1310,201,2008-11-10,0,K1BE1-104-1041-917,K1BE1,1
T03,3-202-2023-1383,202,2008-11-11,0,K1BE1-104-1041-918,K1BE1,1
T04,4-204-2043-1105,204,2008-11-11,0,K1BE1-104-1041-918,K1BE1,1
T03,3-202-2023-232,202,2008-11-07,0,K1BE1-104-1041-92,K1BE1,1
T04,4-204-2043-107,204,2008-11-07,0,K1BE1-104-1041-92,K1BE1,1
T01,1-201-2011-1065,201,2008-11-09,0,K1BE1-104-1041-923,K1BE1,1
T02,2-201-2011-1419,201,2008-11-11,0,K1BE1-104-1041-923,K1BE1,1
T02,2-201-2011-776,201,2008-11-09,0,K1BE1-104-1041-924,K1BE1,1
T01,1-201-2011-1025,201,2008-11-09,0,K1BE1-104-1041-925,K1BE1,1
T01,1-201-2011-656,201,2008-11-08,0,K1BE1-104-1041-93,K1BE1,1
T02,2-201-2011-594,201,2008-11-08,0,K1BE1-104-1041-93,K1BE1,1
T03,3-202-2023-238,202,2008-11-07,0,K1BE1-104-1041-93,K1BE1,1
T04,4-204-2043-108,204,2008-11-07,0,K1BE1-104-1041-93,K1BE1,1
T02,2-201-2011-1185,201,2008-11-10,0,K1BE1-104-1041-932,K1BE1,1
T03,3-202-2023-1454,202,2008-11-11,0,K1BE1-104-1041-936,K1BE1,1
T04,4-202-2023-713,202,2008-11-12,0,K1BE1-104-1041-936,K1BE1,1
T03,3-202-2023-1456,202,2008-11-11,0,K1BE1-104-1041-937,K1BE1,1
T04,4-204-2042-276,204,2008-11-12,0,K1BE1-104-1041-937,K1BE1,1
T01,1-201-2011-919,201,2008-11-09,0,K1BE1-104-1041-938,K1BE1,1
T03,3-202-2023-1457,202,2008-11-11,0,K1BE1-104-1041-938,K1BE1,1
T04,4-204-2043-1211,204,2008-11-12,0,K1BE1-104-1041-938,K1BE1,1
T01,1-201-2011-203,201,2008-11-07,1,K1BE1-104-1041-94,K1BE1,1
T02,2-201-2011-568,201,2008-11-08,0,K1BE1-104-1041-94,K1BE1,1
T03,3-202-2023-239,202,2008-11-07,0,K1BE1-104-1041-94,K1BE1,1
T04,4-204-2043-112,204,2008-11-07,0,K1BE1-104-1041-94,K1BE1,1
T02,2-201-2011-788,201,2008-11-09,0,K1BE1-104-1041-940,K1BE1,1
T03,3-201-2011-39,201,2008-11-11,0,K1BE1-104-1041-941,K1BE1,1
T04,4-204-2043-1370,204,2008-11-12,0,K1BE1-104-1041-941,K1BE1,1
T02,2-201-2011-1510,201,2008-11-11,0,K1BE1-104-1041-943,K1BE1,1
T02,2-201-2011-1427,201,2008-11-11,0,K1BE1-104-1041-946,K1BE1,1
T03,3-202-2023-244,202,2008-11-07,0,K1BE1-104-1041-95,K1BE1,1
T04,4-204-2043-117,204,2008-11-07,0,K1BE1-104-1041-95,K1BE1,1
T02,2-201-2011-667,201,2008-11-09,0,K1BE1-104-1041-950,K1BE1,1
T02,2-201-2011-1615,201,2008-11-11,0,K1BE1-104-1041-953,K1BE1,1
T02,2-201-2011-1545,201,2008-11-11,0,K1BE1-104-1041-956,K1BE1,1
T02,2-201-2011-111,201,2008-11-07,0,K1BE1-104-1041-96,K1BE1,1
T03,3-202-2023-245,202,2008-11-07,0,K1BE1-104-1041-96,K1BE1,1
T04,4-204-2043-123,204,2008-11-07,1,K1BE1-104-1041-96,K1BE1,1
T01,1-201-2011-1292,201,2008-11-09,0,K1BE1-104-1041-961,K1BE1,1
T02,2-201-2011-1116,201,2008-11-10,0,K1BE1-104-1041-965,K1BE1,1
T02,2-201-2011-447,201,2008-11-08,0,K1BE1-104-1041-966,K1BE1,1
T03,3-202-2023-248,202,2008-11-07,0,K1BE1-104-1041-97,K1BE1,1
T04,4-204-2043-128,204,2008-11-07,0,K1BE1-104-1041-97,K1BE1,1
T02,2-201-2011-960833,201,2008-11-09,0,K1BE1-104-1041-970,K1BE1,1
T02,2-201-2011-959279,201,2008-11-09,0,K1BE1-104-1041-971,K1BE1,1
T03,3-202-2022-203,202,2008-11-09,0,K1BE1-104-1041-971,K1BE1,1
T04,4-204-2043-665,204,2008-11-09,0,K1BE1-104-1041-971,K1BE1,1
T02,2-201-2011-1055,201,2008-11-10,0,K1BE1-104-1041-973,K1BE1,1
T02,2-201-2011-1616,201,2008-11-11,0,K1BE1-104-1041-978,K1BE1,1
T02,2-201-2011-22,201,2008-11-07,0,K1BE1-104-1041-98,K1BE1,1
T03,3-202-2023-251,202,2008-11-07,0,K1BE1-104-1041-98,K1BE1,1
T04,4-204-2043-129,204,2008-11-07,0,K1BE1-104-1041-98,K1BE1,1
T02,2-201-2011-1555,201,2008-11-11,0,K1BE1-104-1041-982,K1BE1,1
T03,3-202-2023-252,202,2008-11-07,0,K1BE1-104-1041-99,K1BE1,1
T04,4-204-2043-132,204,2008-11-07,0,K1BE1-104-1041-99,K1BE1,1
T02,2-201-2011-1453,201,2008-11-11,0,K1BE1-104-1041-994,K1BE1,1
T02,2-201-2011-144,201,2008-11-07,0,K1DI1-101-1041-1,K1DI1,1
T01,1-201-2011-76,201,2008-11-07,0,K1DI1-101-1041-10,K1DI1,1
T05,5-201-2012-127,201,2008-11-07,0,K1DI1-101-1041-100,K1DI1,1
T01,1-201-2011-195,201,2008-11-07,0,K1DI1-101-1041-101,K1DI1,1
T02,2-201-2011-280,201,2008-11-07,0,K1DI1-101-1041-101,K1DI1,1
T05,5-201-2012-129,201,2008-11-07,0,K1DI1-101-1041-101,K1DI1,1
T01,1-201-2011-171,201,2008-11-07,0,K1DI1-101-1041-102,K1DI1,1
T05,5-201-2012-131,201,2008-11-07,0,K1DI1-101-1041-102,K1DI1,1
T05,5-201-2012-135,201,2008-11-07,0,K1DI1-101-1041-103,K1DI1,1
T05,5-201-2012-1028,201,2008-11-12,0,K1DI1-101-1041-1037,K1DI1,1
T01,1-201-2011-46,201,2008-11-07,0,K1DI1-101-1041-104,K1DI1,1
T05,5-201-2012-147,201,2008-11-07,0,K1DI1-101-1041-104,K1DI1,1
T05,5-201-2012-1051,201,2008-11-12,0,K1DI1-101-1041-1042,K1DI1,1
T05,5-201-2012-1055,201,2008-11-12,0,K1DI1-101-1041-1044,K1DI1,1
T01,1-201-2011-89,201,2008-11-07,0,K1DI1-101-1041-105,K1DI1,1
T05,5-201-2012-159,201,2008-11-07,0,K1DI1-101-1041-105,K1DI1,1
T05,5-201-2012-1092,201,2008-11-12,0,K1DI1-101-1041-1056,K1DI1,1
T05,5-201-2012-167,201,2008-11-07,0,K1DI1-101-1041-106,K1DI1,1
T05,5-201-2012-1147,201,2008-11-12,0,K1DI1-101-1041-1063,K1DI1,1
T05,5-201-2012-1152,201,2008-11-12,0,K1DI1-101-1041-1065,K1DI1,1
T05,5-201-2012-169,201,2008-11-07,0,K1DI1-101-1041-107,K1DI1,1
T01,1-201-2011-115,201,2008-11-07,0,K1DI1-101-1041-108,K1DI1,1
T05,5-201-2012-171,201,2008-11-07,0,K1DI1-101-1041-108,K1DI1,1
T01,1-201-2011-394,201,2008-11-07,0,K1DI1-101-1041-109,K1DI1,1
T05,5-201-2012-180,201,2008-11-07,0,K1DI1-101-1041-109,K1DI1,1
T05,5-201-2012-182,201,2008-11-07,0,K1DI1-101-1041-110,K1DI1,1
T05,5-201-2012-188,201,2008-11-07,0,K1DI1-101-1041-111,K1DI1,1
T01,1-201-2011-337,201,2008-11-07,0,K1DI1-101-1041-112,K1DI1,1
T05,5-201-2012-193,201,2008-11-07,0,K1DI1-101-1041-112,K1DI1,1
T01,1-201-2011-254,201,2008-11-07,0,K1DI1-101-1041-113,K1DI1,1
T01,1-201-2011-104,201,2008-11-07,0,K1DI1-101-1041-114,K1DI1,1
T02,2-201-2011-53,201,2008-11-07,0,K1DI1-101-1041-114,K1DI1,1
T02,2-201-2011-328,201,2008-11-07,0,K1DI1-101-1041-115,K1DI1,1
T02,2-201-2011-278,201,2008-11-07,0,K1DI1-101-1041-116,K1DI1,1
T05,5-201-2012-218,201,2008-11-08,0,K1DI1-101-1041-117,K1DI1,1
T01,1-201-2011-275,201,2008-11-07,0,K1DI1-101-1041-118,K1DI1,1
T02,2-201-2011-306,201,2008-11-07,0,K1DI1-101-1041-118,K1DI1,1
T05,5-201-2012-226,201,2008-11-08,0,K1DI1-101-1041-118,K1DI1,1
T01,1-201-2011-724,201,2008-11-08,0,K1DI1-101-1041-119,K1DI1,1
T05,5-201-2012-235,201,2008-11-08,0,K1DI1-101-1041-119,K1DI1,1
T01,1-201-2011-257,201,2008-11-07,0,K1DI1-101-1041-12,K1DI1,1
T02,2-201-2011-303,201,2008-11-07,1,K1DI1-101-1041-12,K1DI1,1
T05,5-201-2012-364,201,2008-11-08,0,K1DI1-101-1041-120,K1DI1,1
T01,1-201-2011-228,201,2008-11-07,0,K1DI1-101-1041-122,K1DI1,1
T01,1-201-2011-322,201,2008-11-07,0,K1DI1-101-1041-126,K1DI1,1
T01,1-201-2011-193,201,2008-11-07,0,K1DI1-101-1041-128,K1DI1,1
T01,1-201-2011-387,201,2008-11-07,0,K1DI1-101-1041-132,K1DI1,1
T02,2-201-2011-169,201,2008-11-07,0,K1DI1-101-1041-133,K1DI1,1
T01,1-201-2011-17,201,2008-11-07,0,K1DI1-101-1041-134,K1DI1,1
T01,1-201-2011-667,201,2008-11-08,0,K1DI1-101-1041-135,K1DI1,1
T01,1-201-2011-602,201,2008-11-08,1,K1DI1-101-1041-139,K1DI1,1
T01,1-201-2011-410,201,2008-11-07,1,K1DI1-101-1041-14,K1DI1,1
T01,1-201-2011-339,201,2008-11-07,1,K1DI1-101-1041-141,K1DI1,1
T01,1-201-2011-679,201,2008-11-08,0,K1DI1-101-1041-143,K1DI1,1
T02,2-201-2011-226,201,2008-11-07,0,K1DI1-101-1041-143,K1DI1,1
T02,2-201-2011-492,201,2008-11-08,0,K1DI1-101-1041-144,K1DI1,1
T01,1-201-2011-119,201,2008-11-07,0,K1DI1-101-1041-147,K1DI1,1
T02,2-201-2011-16,201,2008-11-07,0,K1DI1-101-1041-147,K1DI1,1
T01,1-201-2011-96,201,2008-11-07,0,K1DI1-101-1041-149,K1DI1,1
T02,2-201-2011-13,201,2008-11-07,0,K1DI1-101-1041-150,K1DI1,1
T02,2-201-2011-829,201,2008-11-09,0,K1DI1-101-1041-151,K1DI1,1
T02,2-201-2011-527,201,2008-11-08,0,K1DI1-101-1041-153,K1DI1,1
T02,2-201-2011-370,201,2008-11-08,0,K1DI1-101-1041-158,K1DI1,1
T01,1-201-2011-199,201,2008-11-07,1,K1DI1-101-1041-160,K1DI1,1
T01,1-201-2011-662,201,2008-11-08,0,K1DI1-101-1041-161,K1DI1,1
T02,2-201-2011-486,201,2008-11-08,0,K1DI1-101-1041-162,K1DI1,1
T02,2-201-2011-44,201,2008-11-07,1,K1DI1-101-1041-164,K1DI1,1
T05,5-201-2012-383,201,2008-11-08,0,K1DI1-101-1041-164,K1DI1,1
T05,5-201-2012-386,201,2008-11-08,0,K1DI1-101-1041-165,K1DI1,1
T02,2-201-2011-326,201,2008-11-07,0,K1DI1-101-1041-166,K1DI1,1
T05,5-201-2012-387,201,2008-11-08,0,K1DI1-101-1041-166,K1DI1,1
T05,5-201-2012-388,201,2008-11-08,0,K1DI1-101-1041-167,K1DI1,1
T02,2-201-2011-8,201,2008-11-07,0,K1DI1-101-1041-168,K1DI1,1
T05,5-201-2012-398,201,2008-11-08,0,K1DI1-101-1041-168,K1DI1,1
T05,5-201-2012-399,201,2008-11-08,0,K1DI1-101-1041-169,K1DI1,1
T01,1-201-2011-47,201,2008-11-07,0,K1DI1-101-1041-17,K1DI1,1
T02,2-201-2011-167,201,2008-11-07,0,K1DI1-101-1041-17,K1DI1,1
T05,5-201-2012-400,201,2008-11-08,1,K1DI1-101-1041-170,K1DI1,1
T05,5-201-2012-401,201,2008-11-08,0,K1DI1-101-1041-171,K1DI1,1
T02,2-201-2011-116,201,2008-11-07,0,K1DI1-101-1041-172,K1DI1,1
T05,5-201-2012-402,201,2008-11-08,0,K1DI1-101-1041-172,K1DI1,1
T05,5-201-2012-403,201,2008-11-08,0,K1DI1-101-1041-173,K1DI1,1
T01,1-201-2011-16,201,2008-11-07,0,K1DI1-101-1041-174,K1DI1,1
T01,1-201-2011-448,201,2008-11-08,0,K1DI1-101-1041-176,K1DI1,1
T01,1-201-2011-422,201,2008-11-07,1,K1DI1-101-1041-178,K1DI1,1
T02,2-201-2011-219,201,2008-11-07,0,K1DI1-101-1041-178,K1DI1,1
T01,1-201-2011-8,201,2008-11-07,0,K1DI1-101-1041-18,K1DI1,1
T01,1-201-2011-863,201,2008-11-08,0,K1DI1-101-1041-180,K1DI1,1
T05,5-201-2012-550,201,2008-11-09,0,K1DI1-101-1041-180,K1DI1,1
T05,5-201-2012-569,201,2008-11-09,0,K1DI1-101-1041-181,K1DI1,1
T01,1-201-2011-780,201,2008-11-08,0,K1DI1-101-1041-183,K1DI1,1
T02,2-201-2011-655,201,2008-11-08,0,K1DI1-101-1041-184,K1DI1,1
T01,1-201-2011-542,201,2008-11-08,0,K1DI1-101-1041-186,K1DI1,1
T01,1-201-2011-289,201,2008-11-07,0,K1DI1-101-1041-187,K1DI1,1
T02,2-201-2011-124,201,2008-11-07,0,K1DI1-101-1041-188,K1DI1,1
T01,1-201-2011-234,201,2008-11-07,1,K1DI1-101-1041-189,K1DI1,1
T02,2-201-2011-398,201,2008-11-08,0,K1DI1-101-1041-189,K1DI1,1
T02,2-201-2011-74,201,2008-11-07,0,K1DI1-101-1041-190,K1DI1,1
T01,1-201-2011-845,201,2008-11-08,1,K1DI1-101-1041-193,K1DI1,1
T02,2-201-2011-451,201,2008-11-08,0,K1DI1-101-1041-195,K1DI1,1
T01,1-201-2011-862,201,2008-11-08,1,K1DI1-101-1041-197,K1DI1,1
T02,2-201-2011-127,201,2008-11-07,0,K1DI1-101-1041-197,K1DI1,1
T01,1-201-2011-75,201,2008-11-07,0,K1DI1-101-1041-199,K1DI1,1
T01,1-201-2011-397,201,2008-11-07,0,K1DI1-101-1041-202,K1DI1,1
T01,1-201-2011-431,201,2008-11-07,0,K1DI1-101-1041-204,K1DI1,1
T02,2-201-2011-999,201,2008-11-10,0,K1DI1-101-1041-205,K1DI1,1
T01,1-201-2011-92,201,2008-11-07,1,K1DI1-101-1041-208,K1DI1,1
T01,1-201-2011-684,201,2008-11-08,1,K1DI1-101-1041-216,K1DI1,1
T05,5-201-2012-1,201,2008-11-07,0,K1DI1-101-1041-218,K1DI1,1
T02,2-201-2011-57,201,2008-11-07,0,K1DI1-101-1041-219,K1DI1,1
T05,5-201-2012-3,201,2008-11-07,0,K1DI1-101-1041-219,K1DI1,1
T02,2-201-2011-98,201,2008-11-07,0,K1DI1-101-1041-22,K1DI1,1
T05,5-201-2012-9,201,2008-11-07,0,K1DI1-101-1041-220,K1DI1,1
T05,5-201-2012-12,201,2008-11-07,0,K1DI1-101-1041-221,K1DI1,1
T02,2-201-2011-553,201,2008-11-08,1,K1DI1-101-1041-222,K1DI1,1
T05,5-201-2012-16,201,2008-11-07,0,K1DI1-101-1041-222,K1DI1,1
T05,5-201-2012-18,201,2008-11-07,0,K1DI1-101-1041-223,K1DI1,1
T01,1-201-2011-865,201,2008-11-08,0,K1DI1-101-1041-224,K1DI1,1
T05,5-201-2012-21,201,2008-11-07,1,K1DI1-101-1041-224,K1DI1,1
T05,5-201-2012-38,201,2008-11-07,0,K1DI1-101-1041-225,K1DI1,1
T05,5-201-2012-39,201,2008-11-07,0,K1DI1-101-1041-226,K1DI1,1
T01,1-201-2011-372,201,2008-11-07,0,K1DI1-101-1041-227,K1DI1,1
T05,5-201-2012-43,201,2008-11-07,1,K1DI1-101-1041-227,K1DI1,1
T02,2-201-2011-929,201,2008-11-09,0,K1DI1-101-1041-228,K1DI1,1
T05,5-201-2012-46,201,2008-11-07,0,K1DI1-101-1041-228,K1DI1,1
T05,5-201-2012-48,201,2008-11-07,0,K1DI1-101-1041-229,K1DI1,1
T01,1-201-2011-260,201,2008-11-07,1,K1DI1-101-1041-23,K1DI1,1
T02,2-201-2011-590,201,2008-11-08,0,K1DI1-101-1041-230,K1DI1,1
T05,5-201-2012-54,201,2008-11-07,0,K1DI1-101-1041-230,K1DI1,1
T05,5-201-2012-56,201,2008-11-07,0,K1DI1-101-1041-231,K1DI1,1
T05,5-201-2012-61,201,2008-11-07,0,K1DI1-101-1041-232,K1DI1,1
T02,2-201-2011-1028,201,2008-11-10,0,K1DI1-101-1041-233,K1DI1,1
T05,5-201-2012-65,201,2008-11-07,1,K1DI1-101-1041-233,K1DI1,1
T05,5-201-2012-70,201,2008-11-07,0,K1DI1-101-1041-234,K1DI1,1
T05,5-201-2012-73,201,2008-11-07,0,K1DI1-101-1041-235,K1DI1,1
T05,5-201-2012-88,201,2008-11-07,1,K1DI1-101-1041-237,K1DI1,1
T05,5-201-2012-91,201,2008-11-07,0,K1DI1-101-1041-238,K1DI1,1
T05,5-201-2012-99,201,2008-11-07,0,K1DI1-101-1041-239,K1DI1,1
T05,5-201-2012-100,201,2008-11-07,1,K1DI1-101-1041-240,K1DI1,1
T01,1-201-2011-13,201,2008-11-07,0,K1DI1-101-1041-241,K1DI1,1
T05,5-201-2012-106,201,2008-11-07,0,K1DI1-101-1041-241,K1DI1,1
T01,1-201-2011-621,201,2008-11-08,1,K1DI1-101-1041-242,K1DI1,1
T05,5-201-2012-111,201,2008-11-07,0,K1DI1-101-1041-242,K1DI1,1
T01,1-201-2011-620,201,2008-11-08,0,K1DI1-101-1041-243,K1DI1,1
T05,5-201-2012-112,201,2008-11-07,0,K1DI1-101-1041-243,K1DI1,1
T05,5-201-2012-113,201,2008-11-07,0,K1DI1-101-1041-244,K1DI1,1
T01,1-201-2011-604,201,2008-11-08,0,K1DI1-101-1041-245,K1DI1,1
T05,5-201-2012-118,201,2008-11-07,0,K1DI1-101-1041-245,K1DI1,1
T02,2-201-2011-360,201,2008-11-08,0,K1DI1-101-1041-246,K1DI1,1
T05,5-201-2012-120,201,2008-11-07,0,K1DI1-101-1041-246,K1DI1,1
T01,1-201-2011-601,201,2008-11-08,0,K1DI1-101-1041-247,K1DI1,1
T05,5-201-2012-121,201,2008-11-07,0,K1DI1-101-1041-247,K1DI1,1
T01,1-201-2011-843,201,2008-11-08,0,K1DI1-101-1041-248,K1DI1,1
T02,2-201-2011-201,201,2008-11-07,0,K1DI1-101-1041-248,K1DI1,1
T05,5-201-2012-122,201,2008-11-07,0,K1DI1-101-1041-248,K1DI1,1
T05,5-201-2012-125,201,2008-11-07,0,K1DI1-101-1041-249,K1DI1,1
T01,1-201-2011-256,201,2008-11-07,1,K1DI1-101-1041-25,K1DI1,1
T05,5-201-2012-132,201,2008-11-07,0,K1DI1-101-1041-250,K1DI1,1
T05,5-201-2012-133,201,2008-11-07,0,K1DI1-101-1041-251,K1DI1,1
T05,5-201-2012-137,201,2008-11-07,0,K1DI1-101-1041-252,K1DI1,1
T05,5-201-2012-151,201,2008-11-07,0,K1DI1-101-1041-253,K1DI1,1
T02,2-201-2011-582,201,2008-11-08,0,K1DI1-101-1041-254,K1DI1,1
T05,5-201-2012-156,201,2008-11-07,0,K1DI1-101-1041-254,K1DI1,1
T01,1-201-2011-302,201,2008-11-07,1,K1DI1-101-1041-255,K1DI1,1
T05,5-201-2012-163,201,2008-11-07,0,K1DI1-101-1041-255,K1DI1,1
T05,5-201-2012-164,201,2008-11-07,0,K1DI1-101-1041-256,K1DI1,1
T01,1-201-2011-722,201,2008-11-08,0,K1DI1-101-1041-257,K1DI1,1
T05,5-201-2012-166,201,2008-11-07,0,K1DI1-101-1041-257,K1DI1,1
T05,5-201-2012-168,201,2008-11-07,0,K1DI1-101-1041-258,K1DI1,1
T01,1-201-2011-445,201,2008-11-08,0,K1DI1-101-1041-259,K1DI1,1
T05,5-201-2012-170,201,2008-11-07,0,K1DI1-101-1041-259,K1DI1,1
T01,1-201-2011-98,201,2008-11-07,0,K1DI1-101-1041-26,K1DI1,1
T02,2-201-2011-406,201,2008-11-08,0,K1DI1-101-1041-260,K1DI1,1
T05,5-201-2012-174,201,2008-11-07,0,K1DI1-101-1041-260,K1DI1,1
T05,5-201-2012-185,201,2008-11-07,1,K1DI1-101-1041-261,K1DI1,1
T05,5-201-2012-187,201,2008-11-07,0,K1DI1-101-1041-262,K1DI1,1
T01,1-201-2011-371,201,2008-11-07,1,K1DI1-101-1041-263,K1DI1,1
T05,5-201-2012-189,201,2008-11-07,0,K1DI1-101-1041-263,K1DI1,1
T05,5-201-2012-194,201,2008-11-07,1,K1DI1-101-1041-264,K1DI1,1
T05,5-201-2012-198,201,2008-11-07,0,K1DI1-101-1041-265,K1DI1,1
T05,5-201-2012-199,201,2008-11-07,0,K1DI1-101-1041-266,K1DI1,1
T02,2-201-2011-684,201,2008-11-09,1,K1DI1-101-1041-267,K1DI1,1
T05,5-201-2012-200,201,2008-11-07,0,K1DI1-101-1041-267,K1DI1,1
T01,1-201-2011-715,201,2008-11-08,0,K1DI1-101-1041-269,K1DI1,1
T01,1-201-2011-12,201,2008-11-07,1,K1DI1-101-1041-27,K1DI1,1
T02,2-201-2011-603,201,2008-11-08,0,K1DI1-101-1041-270,K1DI1,1
T02,2-201-2011-315,201,2008-11-07,1,K1DI1-101-1041-271,K1DI1,1
T02,2-201-2011-577,201,2008-11-08,0,K1DI1-101-1041-274,K1DI1,1
T01,1-201-2011-764,201,2008-11-08,0,K1DI1-101-1041-275,K1DI1,1
T01,1-201-2011-526,201,2008-11-08,0,K1DI1-101-1041-278,K1DI1,1
T01,1-201-2011-746,201,2008-11-08,0,K1DI1-101-1041-280,K1DI1,1
T01,1-201-2011-818,201,2008-11-08,0,K1DI1-101-1041-282,K1DI1,1
T02,2-201-2011-504,201,2008-11-08,0,K1DI1-101-1041-282,K1DI1,1
T01,1-201-2011-757,201,2008-11-08,1,K1DI1-101-1041-284,K1DI1,1
T02,2-201-2011-296,201,2008-11-07,0,K1DI1-101-1041-29,K1DI1,1
T01,1-201-2011-706,201,2008-11-08,1,K1DI1-101-1041-290,K1DI1,1
T02,2-201-2011-601,201,2008-11-08,0,K1DI1-101-1041-291,K1DI1,1
T01,1-201-2011-474,201,2008-11-08,0,K1DI1-101-1041-293,K1DI1,1
T01,1-201-2011-828,201,2008-11-08,0,K1DI1-101-1041-298,K1DI1,1
T01,1-201-2011-591,201,2008-11-08,0,K1DI1-101-1041-299,K1DI1,1
T01,1-201-2011-238,201,2008-11-07,1,K1DI1-101-1041-3,K1DI1,1
T01,1-201-2011-403,201,2008-11-07,0,K1DI1-101-1041-300,K1DI1,1
T02,2-201-2011-96,201,2008-11-07,1,K1DI1-101-1041-301,K1DI1,1
T01,1-201-2011-784,201,2008-11-08,0,K1DI1-101-1041-305,K1DI1,1
T01,1-201-2011-710,201,2008-11-08,0,K1DI1-101-1041-306,K1DI1,1
T01,1-201-2011-381,201,2008-11-07,0,K1DI1-101-1041-307,K1DI1,1
T01,1-201-2011-370,201,2008-11-07,0,K1DI1-101-1041-31,K1DI1,1
T01,1-201-2011-612,201,2008-11-08,0,K1DI1-101-1041-312,K1DI1,1
T02,2-201-2011-575,201,2008-11-08,0,K1DI1-101-1041-315,K1DI1,1
T02,2-201-2011-1199,201,2008-11-10,1,K1DI1-101-1041-317,K1DI1,1
T01,1-201-2011-117,201,2008-11-07,0,K1DI1-101-1041-32,K1DI1,1
T01,1-201-2011-489,201,2008-11-08,0,K1DI1-101-1041-323,K1DI1,1
T05,5-201-2012-139,201,2008-11-07,0,K1DI1-101-1041-327,K1DI1,1
T05,5-201-2012-146,201,2008-11-07,0,K1DI1-101-1041-328,K1DI1,1
T05,5-201-2012-176,201,2008-11-07,0,K1DI1-101-1041-329,K1DI1,1
T05,5-201-2012-184,201,2008-11-07,0,K1DI1-101-1041-330,K1DI1,1
T01,1-201-2011-459,201,2008-11-08,0,K1DI1-101-1041-336,K1DI1,1
T01,1-201-2011-585,201,2008-11-08,0,K1DI1-101-1041-340,K1DI1,1
T02,2-201-2011-346,201,2008-11-08,0,K1DI1-101-1041-342,K1DI1,1
T01,1-201-2011-737,201,2008-11-08,0,K1DI1-101-1041-348,K1DI1,1
T01,1-201-2011-506,201,2008-11-08,0,K1DI1-101-1041-349,K1DI1,1
T02,2-201-2011-395,201,2008-11-08,1,K1DI1-101-1041-355,K1DI1,1
T02,2-201-2011-352,201,2008-11-08,0,K1DI1-101-1041-365,K1DI1,1
T05,5-201-2012-205,201,2008-11-08,0,K1DI1-101-1041-369,K1DI1,1
T01,1-201-2011-205,201,2008-11-07,0,K1DI1-101-1041-37,K1DI1,1
T05,5-201-2012-211,201,2008-11-08,0,K1DI1-101-1041-370,K1DI1,1
T05,5-201-2012-219,201,2008-11-08,0,K1DI1-101-1041-371,K1DI1,1
T05,5-201-2012-223,201,2008-11-08,0,K1DI1-101-1041-372,K1DI1,1
T01,1-201-2011-732,201,2008-11-08,0,K1DI1-101-1041-373,K1DI1,1
T05,5-201-2012-231,201,2008-11-08,0,K1DI1-101-1041-373,K1DI1,1
T05,5-201-2012-237,201,2008-11-08,1,K1DI1-101-1041-374,K1DI1,1
T05,5-201-2012-238,201,2008-11-08,0,K1DI1-101-1041-375,K1DI1,1
T05,5-201-2012-241,201,2008-11-08,0,K1DI1-101-1041-376,K1DI1,1
T05,5-201-2012-247,201,2008-11-08,0,K1DI1-101-1041-377,K1DI1,1
T01,1-201-2011-835,201,2008-11-08,0,K1DI1-101-1041-378,K1DI1,1
T05,5-201-2012-254,201,2008-11-08,0,K1DI1-101-1041-378,K1DI1,1
T05,5-201-2012-259,201,2008-11-08,1,K1DI1-101-1041-379,K1DI1,1
T01,1-201-2011-230,201,2008-11-07,0,K1DI1-101-1041-38,K1DI1,1
T05,5-201-2012-278,201,2008-11-08,0,K1DI1-101-1041-380,K1DI1,1
T05,5-201-2012-281,201,2008-11-08,0,K1DI1-101-1041-381,K1DI1,1
T01,1-201-2011-763,201,2008-11-08,1,K1DI1-101-1041-382,K1DI1,1
T05,5-201-2012-299,201,2008-11-08,0,K1DI1-101-1041-382,K1DI1,1
T05,5-201-2012-300,201,2008-11-08,0,K1DI1-101-1041-383,K1DI1,1
T05,5-201-2012-304,201,2008-11-08,0,K1DI1-101-1041-385,K1DI1,1
T02,2-201-2011-1045,201,2008-11-10,0,K1DI1-101-1041-386,K1DI1,1
T05,5-201-2012-311,201,2008-11-08,0,K1DI1-101-1041-386,K1DI1,1
T05,5-201-2012-322,201,2008-11-08,1,K1DI1-101-1041-387,K1DI1,1
T05,5-201-2012-328,201,2008-11-08,0,K1DI1-101-1041-388,K1DI1,1
T01,1-201-2011-826,201,2008-11-08,0,K1DI1-101-1041-389,K1DI1,1
T05,5-201-2012-333,201,2008-11-08,0,K1DI1-101-1041-389,K1DI1,1
T02,2-201-2011-118,201,2008-11-07,0,K1DI1-101-1041-39,K1DI1,1
T05,5-201-2012-335,201,2008-11-08,0,K1DI1-101-1041-390,K1DI1,1
T02,2-201-2011-1200,201,2008-11-10,0,K1DI1-101-1041-391,K1DI1,1
T05,5-201-2012-336,201,2008-11-08,0,K1DI1-101-1041-391,K1DI1,1
T05,5-201-2012-338,201,2008-11-08,0,K1DI1-101-1041-392,K1DI1,1
T05,5-201-2012-348,201,2008-11-08,0,K1DI1-101-1041-393,K1DI1,1
T01,1-201-2011-640,201,2008-11-08,0,K1DI1-101-1041-394,K1DI1,1
T05,5-201-2012-355,201,2008-11-08,0,K1DI1-101-1041-394,K1DI1,1
T02,2-201-2011-682,201,2008-11-09,0,K1DI1-101-1041-395,K1DI1,1
T05,5-201-2012-357,201,2008-11-08,0,K1DI1-101-1041-395,K1DI1,1
T02,2-201-2011-959,201,2008-11-09,0,K1DI1-101-1041-396,K1DI1,1
T05,5-201-2012-360,201,2008-11-08,0,K1DI1-101-1041-396,K1DI1,1
T05,5-201-2012-368,201,2008-11-08,0,K1DI1-101-1041-397,K1DI1,1
T05,5-201-2012-376,201,2008-11-08,0,K1DI1-101-1041-398,K1DI1,1
T02,2-201-2011-393,201,2008-11-08,0,K1DI1-101-1041-399,K1DI1,1
T05,5-201-2012-382,201,2008-11-08,0,K1DI1-101-1041-399,K1DI1,1
T05,5-201-2012-57,201,2008-11-07,0,K1DI1-101-1041-4,K1DI1,1
T02,2-201-2011-122,201,2008-11-07,1,K1DI1-101-1041-40,K1DI1,1
T05,5-201-2012-391,201,2008-11-08,0,K1DI1-101-1041-400,K1DI1,1
T05,5-201-2012-396,201,2008-11-08,0,K1DI1-101-1041-401,K1DI1,1
T05,5-201-2012-397,201,2008-11-08,0,K1DI1-101-1041-402,K1DI1,1
T05,5-201-2012-405,201,2008-11-08,0,K1DI1-101-1041-403,K1DI1,1
T05,5-201-2012-408,201,2008-11-08,0,K1DI1-101-1041-404,K1DI1,1
T01,1-201-2011-318,201,2008-11-07,0,K1DI1-101-1041-407,K1DI1,1
T02,2-201-2011-287,201,2008-11-07,0,K1DI1-101-1041-41,K1DI1,1
T01,1-201-2011-190,201,2008-11-07,0,K1DI1-101-1041-410,K1DI1,1
T01,1-201-2011-118,201,2008-11-07,1,K1DI1-101-1041-42,K1DI1,1
T01,1-201-2011-683,201,2008-11-08,0,K1DI1-101-1041-420,K1DI1,1
T01,1-201-2011-589,201,2008-11-08,0,K1DI1-101-1041-425,K1DI1,1
T01,1-201-2011-458,201,2008-11-08,0,K1DI1-101-1041-426,K1DI1,1
T02,2-201-2011-184,201,2008-11-07,0,K1DI1-101-1041-43,K1DI1,1
T02,2-201-2011-478,201,2008-11-08,0,K1DI1-101-1041-432,K1DI1,1
T01,1-201-2011-90,201,2008-11-07,1,K1DI1-101-1041-44,K1DI1,1
T01,1-201-2011-288,201,2008-11-07,0,K1DI1-101-1041-440,K1DI1,1
T01,1-201-2011-697,201,2008-11-08,0,K1DI1-101-1041-447,K1DI1,1
T01,1-201-2011-439,201,2008-11-08,0,K1DI1-101-1041-450,K1DI1,1
T01,1-201-2011-347,201,2008-11-07,0,K1DI1-101-1041-46,K1DI1,1
T01,1-201-2011-574,201,2008-11-08,1,K1DI1-101-1041-460,K1DI1,1
T01,1-201-2011-50,201,2008-11-07,1,K1DI1-101-1041-47,K1DI1,1
T01,1-201-2011-557,201,2008-11-08,0,K1DI1-101-1041-471,K1DI1,1
T01,1-201-2011-745,201,2008-11-08,0,K1DI1-101-1041-48,K1DI1,1
T02,2-201-2011-64,201,2008-11-07,0,K1DI1-101-1041-48,K1DI1,1
T01,1-201-2011-692,201,2008-11-08,0,K1DI1-101-1041-484,K1DI1,1
T01,1-201-2011-406,201,2008-11-07,1,K1DI1-101-1041-49,K1DI1,1
T02,2-201-2011-256,201,2008-11-07,0,K1DI1-101-1041-49,K1DI1,1
T05,5-201-2012-220,201,2008-11-08,0,K1DI1-101-1041-490,K1DI1,1
T05,5-201-2012-232,201,2008-11-08,0,K1DI1-101-1041-491,K1DI1,1
T05,5-201-2012-239,201,2008-11-08,0,K1DI1-101-1041-492,K1DI1,1
T01,1-201-2011-502,201,2008-11-08,0,K1DI1-101-1041-493,K1DI1,1
T05,5-201-2012-270,201,2008-11-08,0,K1DI1-101-1041-493,K1DI1,1
T05,5-201-2012-298,201,2008-11-08,0,K1DI1-101-1041-494,K1DI1,1
T05,5-201-2012-305,201,2008-11-08,0,K1DI1-101-1041-495,K1DI1,1
T05,5-201-2012-306,201,2008-11-08,0,K1DI1-101-1041-496,K1DI1,1
T05,5-201-2012-329,201,2008-11-08,0,K1DI1-101-1041-497,K1DI1,1
T05,5-201-2012-347,201,2008-11-08,0,K1DI1-101-1041-498,K1DI1,1
T05,5-201-2012-356,201,2008-11-08,1,K1DI1-101-1041-499,K1DI1,1
T02,2-201-2011-209,201,2008-11-07,0,K1DI1-101-1041-5,K1DI1,1
T05,5-201-2012-157,201,2008-11-07,0,K1DI1-101-1041-5,K1DI1,1
T02,2-201-2011-243,201,2008-11-07,0,K1DI1-101-1041-50,K1DI1,1
T05,5-201-2012-365,201,2008-11-08,0,K1DI1-101-1041-500,K1DI1,1
T01,1-201-2011-414,201,2008-11-07,1,K1DI1-101-1041-51,K1DI1,1
T02,2-201-2011-268,201,2008-11-07,0,K1DI1-101-1041-52,K1DI1,1
T01,1-201-2011-451,201,2008-11-08,0,K1DI1-101-1041-526,K1DI1,1
T02,2-201-2011-165,201,2008-11-07,0,K1DI1-101-1041-54,K1DI1,1
T05,5-201-2012-414,201,2008-11-09,1,K1DI1-101-1041-544,K1DI1,1
T05,5-201-2012-417,201,2008-11-09,0,K1DI1-101-1041-545,K1DI1,1
T05,5-201-2012-418,201,2008-11-09,1,K1DI1-101-1041-546,K1DI1,1
T05,5-201-2012-439,201,2008-11-09,0,K1DI1-101-1041-547,K1DI1,1
T05,5-201-2012-442,201,2008-11-09,0,K1DI1-101-1041-548,K1DI1,1
T05,5-201-2012-456,201,2008-11-09,0,K1DI1-101-1041-549,K1DI1,1
T01,1-201-2011-179,201,2008-11-07,0,K1DI1-101-1041-55,K1DI1,1
T05,5-201-2012-475,201,2008-11-09,0,K1DI1-101-1041-551,K1DI1,1
T05,5-201-2012-489,201,2008-11-09,0,K1DI1-101-1041-553,K1DI1,1
T05,5-201-2012-497,201,2008-11-09,0,K1DI1-101-1041-554,K1DI1,1
T05,5-201-2012-498,201,2008-11-09,0,K1DI1-101-1041-555,K1DI1,1
T05,5-201-2012-503,201,2008-11-09,0,K1DI1-101-1041-556,K1DI1,1
T05,5-201-2012-504,201,2008-11-09,1,K1DI1-101-1041-557,K1DI1,1
T05,5-201-2012-505,201,2008-11-09,0,K1DI1-101-1041-558,K1DI1,1
T05,5-201-2012-511,201,2008-11-09,1,K1DI1-101-1041-559,K1DI1,1
T05,5-201-2012-526,201,2008-11-09,0,K1DI1-101-1041-560,K1DI1,1
T05,5-201-2012-534,201,2008-11-09,0,K1DI1-101-1041-561,K1DI1,1
T05,5-201-2012-536,201,2008-11-09,0,K1DI1-101-1041-562,K1DI1,1
T05,5-201-2012-547,201,2008-11-09,0,K1DI1-101-1041-563,K1DI1,1
T05,5-201-2012-549,201,2008-11-09,0,K1DI1-101-1041-564,K1DI1,1
T05,5-201-2012-552,201,2008-11-09,0,K1DI1-101-1041-565,K1DI1,1
T05,5-201-2012-554,201,2008-11-09,0,K1DI1-101-1041-566,K1DI1,1
T05,5-201-2012-555,201,2008-11-09,0,K1DI1-101-1041-567,K1DI1,1
T05,5-201-2012-565,201,2008-11-09,0,K1DI1-101-1041-569,K1DI1,1
T05,5-201-2012-567,201,2008-11-09,1,K1DI1-101-1041-570,K1DI1,1
T05,5-201-2012-568,201,2008-11-09,0,K1DI1-101-1041-571,K1DI1,1
T05,5-201-2012-572,201,2008-11-09,0,K1DI1-101-1041-573,K1DI1,1
T05,5-201-2012-573,201,2008-11-09,0,K1DI1-101-1041-574,K1DI1,1
T05,5-201-2012-580,201,2008-11-09,0,K1DI1-101-1041-575,K1DI1,1
T05,5-201-2012-587,201,2008-11-09,0,K1DI1-101-1041-576,K1DI1,1
T05,5-201-2012-588,201,2008-11-09,0,K1DI1-101-1041-577,K1DI1,1
T05,5-201-2012-593,201,2008-11-09,0,K1DI1-101-1041-578,K1DI1,1
T01,1-201-2011-361,201,2008-11-07,0,K1DI1-101-1041-58,K1DI1,1
T02,2-201-2011-26,201,2008-11-07,0,K1DI1-101-1041-58,K1DI1,1
T05,5-201-2012-601,201,2008-11-09,0,K1DI1-101-1041-580,K1DI1,1
T05,5-201-2012-602,201,2008-11-09,0,K1DI1-101-1041-581,K1DI1,1
T05,5-201-2012-609,201,2008-11-09,0,K1DI1-101-1041-582,K1DI1,1
T05,5-201-2012-612,201,2008-11-09,0,K1DI1-101-1041-583,K1DI1,1
T01,1-201-2011-120,201,2008-11-07,0,K1DI1-101-1041-6,K1DI1,1
T05,5-201-2012-162,201,2008-11-07,1,K1DI1-101-1041-6,K1DI1,1
T01,1-201-2011-385,201,2008-11-07,1,K1DI1-101-1041-61,K1DI1,1
T02,2-201-2011-1026,201,2008-11-10,0,K1DI1-101-1041-610,K1DI1,1
T02,2-201-2011-1053,201,2008-11-10,0,K1DI1-101-1041-611,K1DI1,1
T01,1-201-2011-567,201,2008-11-08,0,K1DI1-101-1041-612,K1DI1,1
T01,1-201-2011-605,201,2008-11-08,0,K1DI1-101-1041-618,K1DI1,1
T01,1-201-2011-324,201,2008-11-07,0,K1DI1-101-1041-62,K1DI1,1
T01,1-201-2011-207,201,2008-11-07,0,K1DI1-101-1041-64,K1DI1,1
T01,1-201-2011-767,201,2008-11-08,0,K1DI1-101-1041-650,K1DI1,1
T05,5-201-2012-484,201,2008-11-09,0,K1DI1-101-1041-653,K1DI1,1
T05,5-201-2012-485,201,2008-11-09,0,K1DI1-101-1041-654,K1DI1,1
T05,5-201-2012-510,201,2008-11-09,0,K1DI1-101-1041-655,K1DI1,1
T05,5-201-2012-514,201,2008-11-09,0,K1DI1-101-1041-656,K1DI1,1
T05,5-201-2012-519,201,2008-11-09,0,K1DI1-101-1041-657,K1DI1,1
T05,5-201-2012-531,201,2008-11-09,0,K1DI1-101-1041-658,K1DI1,1
T05,5-201-2012-545,201,2008-11-09,0,K1DI1-101-1041-659,K1DI1,1
T01,1-201-2011-15,201,2008-11-07,0,K1DI1-101-1041-66,K1DI1,1
T05,5-201-2012-577,201,2008-11-09,0,K1DI1-101-1041-660,K1DI1,1
T05,5-201-2012-578,201,2008-11-09,0,K1DI1-101-1041-661,K1DI1,1
T05,5-201-2012-597,201,2008-11-09,0,K1DI1-101-1041-662,K1DI1,1
T05,5-201-2012-605,201,2008-11-09,0,K1DI1-101-1041-663,K1DI1,1
T02,2-201-2011-101,201,2008-11-07,0,K1DI1-101-1041-68,K1DI1,1
T02,2-201-2011-864,201,2008-11-09,0,K1DI1-101-1041-681,K1DI1,1
T01,1-201-2011-140,201,2008-11-07,0,K1DI1-101-1041-70,K1DI1,1
T02,2-201-2011-272,201,2008-11-07,0,K1DI1-101-1041-70,K1DI1,1
T05,5-201-2012-617,201,2008-11-10,0,K1DI1-101-1041-705,K1DI1,1
T05,5-201-2012-623,201,2008-11-10,0,K1DI1-101-1041-706,K1DI1,1
T05,5-201-2012-633,201,2008-11-10,0,K1DI1-101-1041-708,K1DI1,1
T05,5-201-2012-645,201,2008-11-10,0,K1DI1-101-1041-709,K1DI1,1
T01,1-201-2011-156,201,2008-11-07,0,K1DI1-101-1041-71,K1DI1,1
T02,2-201-2011-130,201,2008-11-07,0,K1DI1-101-1041-71,K1DI1,1
T05,5-201-2012-2,201,2008-11-07,0,K1DI1-101-1041-71,K1DI1,1
T05,5-201-2012-654,201,2008-11-10,0,K1DI1-101-1041-711,K1DI1,1
T05,5-201-2012-662,201,2008-11-10,0,K1DI1-101-1041-712,K1DI1,1
T05,5-201-2012-668,201,2008-11-10,0,K1DI1-101-1041-714,K1DI1,1
T05,5-201-2012-680,201,2008-11-10,0,K1DI1-101-1041-715,K1DI1,1
T05,5-201-2012-684,201,2008-11-10,0,K1DI1-101-1041-716,K1DI1,1
T05,5-201-2012-699,201,2008-11-10,1,K1DI1-101-1041-718,K1DI1,1
T05,5-201-2012-708,201,2008-11-10,0,K1DI1-101-1041-719,K1DI1,1
T01,1-201-2011-83,201,2008-11-07,0,K1DI1-101-1041-72,K1DI1,1
T05,5-201-2012-8,201,2008-11-07,0,K1DI1-101-1041-72,K1DI1,1
T05,5-201-2012-716,201,2008-11-10,0,K1DI1-101-1041-721,K1DI1,1
T05,5-201-2012-730,201,2008-11-10,0,K1DI1-101-1041-722,K1DI1,1
T05,5-201-2012-731,201,2008-11-10,0,K1DI1-101-1041-723,K1DI1,1
T05,5-201-2012-733,201,2008-11-10,0,K1DI1-101-1041-724,K1DI1,1
T05,5-201-2012-742,201,2008-11-10,0,K1DI1-101-1041-726,K1DI1,1
T05,5-201-2012-743,201,2008-11-10,0,K1DI1-101-1041-727,K1DI1,1
T05,5-201-2012-752,201,2008-11-10,0,K1DI1-101-1041-729,K1DI1,1
T05,5-201-2012-17,201,2008-11-07,0,K1DI1-101-1041-73,K1DI1,1
T05,5-201-2012-755,201,2008-11-10,0,K1DI1-101-1041-730,K1DI1,1
T05,5-201-2012-760,201,2008-11-10,0,K1DI1-101-1041-731,K1DI1,1
T05,5-201-2012-763,201,2008-11-10,0,K1DI1-101-1041-732,K1DI1,1
T05,5-201-2012-776,201,2008-11-10,1,K1DI1-101-1041-734,K1DI1,1
T05,5-201-2012-788,201,2008-11-10,0,K1DI1-101-1041-735,K1DI1,1
T05,5-201-2012-798,201,2008-11-10,0,K1DI1-101-1041-736,K1DI1,1
T05,5-201-2012-801,201,2008-11-10,0,K1DI1-101-1041-737,K1DI1,1
T05,5-201-2012-808,201,2008-11-10,0,K1DI1-101-1041-738,K1DI1,1
T05,5-201-2012-809,201,2008-11-10,0,K1DI1-101-1041-739,K1DI1,1
T05,5-201-2012-19,201,2008-11-07,0,K1DI1-101-1041-74,K1DI1,1
T01,1-201-2011-292,201,2008-11-07,1,K1DI1-101-1041-75,K1DI1,1
T05,5-201-2012-23,201,2008-11-07,0,K1DI1-101-1041-75,K1DI1,1
T02,2-201-2011-42,201,2008-11-07,0,K1DI1-101-1041-76,K1DI1,1
T05,5-201-2012-31,201,2008-11-07,0,K1DI1-101-1041-76,K1DI1,1
T01,1-201-2011-297,201,2008-11-07,0,K1DI1-101-1041-77,K1DI1,1
T05,5-201-2012-32,201,2008-11-07,0,K1DI1-101-1041-77,K1DI1,1
T05,5-201-2012-40,201,2008-11-07,0,K1DI1-101-1041-78,K1DI1,1
T02,2-201-2011-32,201,2008-11-07,0,K1DI1-101-1041-79,K1DI1,1
T05,5-201-2012-42,201,2008-11-07,1,K1DI1-101-1041-79,K1DI1,1
T01,1-201-2011-82,201,2008-11-07,1,K1DI1-101-1041-8,K1DI1,1
T05,5-201-2012-47,201,2008-11-07,1,K1DI1-101-1041-80,K1DI1,1
T05,5-201-2012-52,201,2008-11-07,0,K1DI1-101-1041-81,K1DI1,1
T05,5-201-2012-55,201,2008-11-07,0,K1DI1-101-1041-82,K1DI1,1
T02,2-201-2011-176,201,2008-11-07,0,K1DI1-101-1041-83,K1DI1,1
T05,5-201-2012-58,201,2008-11-07,0,K1DI1-101-1041-83,K1DI1,1
T05,5-201-2012-60,201,2008-11-07,0,K1DI1-101-1041-84,K1DI1,1
T05,5-201-2012-66,201,2008-11-07,0,K1DI1-101-1041-85,K1DI1,1
T05,5-201-2012-820,201,2008-11-11,0,K1DI1-101-1041-858,K1DI1,1
T05,5-201-2012-821,201,2008-11-11,0,K1DI1-101-1041-859,K1DI1,1
T05,5-201-2012-67,201,2008-11-07,0,K1DI1-101-1041-86,K1DI1,1
T05,5-201-2012-823,201,2008-11-11,0,K1DI1-101-1041-860,K1DI1,1
T05,5-201-2012-836,201,2008-11-11,0,K1DI1-101-1041-863,K1DI1,1
T05,5-201-2012-843,201,2008-11-11,0,K1DI1-101-1041-865,K1DI1,1
T05,5-201-2012-861,201,2008-11-11,1,K1DI1-101-1041-867,K1DI1,1
T05,5-201-2012-79,201,2008-11-07,0,K1DI1-101-1041-87,K1DI1,1
T05,5-201-2012-885,201,2008-11-11,0,K1DI1-101-1041-872,K1DI1,1
T05,5-201-2012-908,201,2008-11-11,0,K1DI1-101-1041-876,K1DI1,1
T05,5-201-2012-929,201,2008-11-11,0,K1DI1-101-1041-879,K1DI1,1
T05,5-201-2012-80,201,2008-11-07,0,K1DI1-101-1041-88,K1DI1,1
T05,5-201-2012-930,201,2008-11-11,0,K1DI1-101-1041-880,K1DI1,1
T05,5-201-2012-933,201,2008-11-11,0,K1DI1-101-1041-881,K1DI1,1
T05,5-201-2012-935,201,2008-11-11,1,K1DI1-101-1041-882,K1DI1,1
T05,5-201-2012-939,201,2008-11-11,0,K1DI1-101-1041-884,K1DI1,1
T05,5-201-2012-941,201,2008-11-11,0,K1DI1-101-1041-885,K1DI1,1
T05,5-201-2012-945,201,2008-11-11,0,K1DI1-101-1041-886,K1DI1,1
T02,2-201-2011-170,201,2008-11-07,1,K1DI1-101-1041-89,K1DI1,1
T05,5-201-2012-81,201,2008-11-07,0,K1DI1-101-1041-89,K1DI1,1
T05,5-201-2012-961,201,2008-11-11,0,K1DI1-101-1041-891,K1DI1,1
T05,5-201-2012-992,201,2008-11-11,1,K1DI1-101-1041-897,K1DI1,1
T01,1-201-2011-404,201,2008-11-07,0,K1DI1-101-1041-90,K1DI1,1
T02,2-201-2011-52,201,2008-11-07,0,K1DI1-101-1041-90,K1DI1,1
T05,5-201-2012-82,201,2008-11-07,1,K1DI1-101-1041-90,K1DI1,1
T05,5-201-2012-1008,201,2008-11-11,0,K1DI1-101-1041-901,K1DI1,1
T05,5-201-2012-1020,201,2008-11-11,0,K1DI1-101-1041-902,K1DI1,1
T01,1-201-2011-307,201,2008-11-07,0,K1DI1-101-1041-91,K1DI1,1
T02,2-201-2011-90,201,2008-11-07,1,K1DI1-101-1041-91,K1DI1,1
T05,5-201-2012-92,201,2008-11-07,0,K1DI1-101-1041-91,K1DI1,1
T01,1-201-2011-189,201,2008-11-07,0,K1DI1-101-1041-92,K1DI1,1
T05,5-201-2012-93,201,2008-11-07,0,K1DI1-101-1041-92,K1DI1,1
T01,1-201-2011-213,201,2008-11-07,0,K1DI1-101-1041-93,K1DI1,1
T02,2-201-2011-11,201,2008-11-07,0,K1DI1-101-1041-93,K1DI1,1
T05,5-201-2012-94,201,2008-11-07,0,K1DI1-101-1041-93,K1DI1,1
T05,5-201-2012-98,201,2008-11-07,0,K1DI1-101-1041-94,K1DI1,1
T01,1-201-2011-108,201,2008-11-07,0,K1DI1-101-1041-95,K1DI1,1
T02,2-201-2011-38,201,2008-11-07,0,K1DI1-101-1041-95,K1DI1,1
T05,5-201-2012-101,201,2008-11-07,0,K1DI1-101-1041-95,K1DI1,1
T05,5-201-2012-102,201,2008-11-07,0,K1DI1-101-1041-96,K1DI1,1
T01,1-201-2011-274,201,2008-11-07,1,K1DI1-101-1041-97,K1DI1,1
T02,2-201-2011-36,201,2008-11-07,0,K1DI1-101-1041-97,K1DI1,1
T05,5-201-2012-107,201,2008-11-07,0,K1DI1-101-1041-97,K1DI1,1
T01,1-201-2011-64,201,2008-11-07,0,K1DI1-101-1041-98,K1DI1,1
T05,5-201-2012-115,201,2008-11-07,1,K1DI1-101-1041-98,K1DI1,1
T01,1-201-2011-306,201,2008-11-07,0,K1DI1-101-1041-99,K1DI1,1
T05,5-201-2012-117,201,2008-11-07,1,K1DI1-101-1041-99,K1DI1,1
T05,5-201-2012-1019,201,2008-11-11,0,K1DI1-101-1041-991,K1DI1,1
T01,1-201-2011-611,201,2008-11-08,0,K1DI1-102-1021-1,K1DI1,1
T01,1-201-2011-348,201,2008-11-07,0,K1DI1-102-1021-10,K1DI1,1
T02,2-201-2011-271,201,2008-11-07,0,K1DI1-102-1021-100,K1DI1,1
T01,1-201-2011-639,201,2008-11-08,0,K1DI1-102-1021-108,K1DI1,1
T01,1-201-2011-268,201,2008-11-07,1,K1DI1-102-1021-109,K1DI1,1
T05,5-201-2012-208,201,2008-11-08,0,K1DI1-102-1021-109,K1DI1,1
T01,1-201-2011-176,201,2008-11-07,0,K1DI1-102-1021-11,K1DI1,1
T05,5-201-2012-209,201,2008-11-08,0,K1DI1-102-1021-110,K1DI1,1
T05,5-201-2012-212,201,2008-11-08,0,K1DI1-102-1021-111,K1DI1,1
T02,2-201-2011-503,201,2008-11-08,0,K1DI1-102-1021-112,K1DI1,1
T05,5-201-2012-214,201,2008-11-08,0,K1DI1-102-1021-112,K1DI1,1
T01,1-201-2011-206,201,2008-11-07,0,K1DI1-102-1021-113,K1DI1,1
T05,5-201-2012-215,201,2008-11-08,0,K1DI1-102-1021-113,K1DI1,1
T01,1-201-2011-515,201,2008-11-08,1,K1DI1-102-1021-114,K1DI1,1
T05,5-201-2012-216,201,2008-11-08,0,K1DI1-102-1021-114,K1DI1,1
T01,1-201-2011-398,201,2008-11-07,0,K1DI1-102-1021-115,K1DI1,1
T02,2-201-2011-931,201,2008-11-09,0,K1DI1-102-1021-115,K1DI1,1
T05,5-201-2012-217,201,2008-11-08,0,K1DI1-102-1021-115,K1DI1,1
T05,5-201-2012-222,201,2008-11-08,0,K1DI1-102-1021-116,K1DI1,1
T05,5-201-2012-225,201,2008-11-08,0,K1DI1-102-1021-117,K1DI1,1
T05,5-201-2012-228,201,2008-11-08,0,K1DI1-102-1021-118,K1DI1,1
T05,5-201-2012-229,201,2008-11-08,1,K1DI1-102-1021-119,K1DI1,1
T05,5-201-2012-233,201,2008-11-08,0,K1DI1-102-1021-120,K1DI1,1
T02,2-201-2011-883,201,2008-11-09,0,K1DI1-102-1021-121,K1DI1,1
T05,5-201-2012-234,201,2008-11-08,0,K1DI1-102-1021-121,K1DI1,1
T05,5-201-2012-246,201,2008-11-08,0,K1DI1-102-1021-122,K1DI1,1
T05,5-201-2012-249,201,2008-11-08,0,K1DI1-102-1021-123,K1DI1,1
T05,5-201-2012-251,201,2008-11-08,0,K1DI1-102-1021-124,K1DI1,1
T05,5-201-2012-253,201,2008-11-08,0,K1DI1-102-1021-125,K1DI1,1
T05,5-201-2012-255,201,2008-11-08,0,K1DI1-102-1021-126,K1DI1,1
T01,1-201-2011-548,201,2008-11-08,1,K1DI1-102-1021-127,K1DI1,1
T02,2-201-2011-206,201,2008-11-07,0,K1DI1-102-1021-127,K1DI1,1
T05,5-201-2012-257,201,2008-11-08,0,K1DI1-102-1021-127,K1DI1,1
T05,5-201-2012-258,201,2008-11-08,0,K1DI1-102-1021-128,K1DI1,1
T01,1-201-2011-503,201,2008-11-08,0,K1DI1-102-1021-129,K1DI1,1
T05,5-201-2012-261,201,2008-11-08,0,K1DI1-102-1021-129,K1DI1,1
T01,1-201-2011-145,201,2008-11-07,0,K1DI1-102-1021-13,K1DI1,1
T05,5-201-2012-263,201,2008-11-08,0,K1DI1-102-1021-130,K1DI1,1
T05,5-201-2012-265,201,2008-11-08,1,K1DI1-102-1021-131,K1DI1,1
T05,5-201-2012-266,201,2008-11-08,0,K1DI1-102-1021-132,K1DI1,1
T05,5-201-2012-269,201,2008-11-08,0,K1DI1-102-1021-133,K1DI1,1
T05,5-201-2012-272,201,2008-11-08,0,K1DI1-102-1021-134,K1DI1,1
T02,2-201-2011-775,201,2008-11-09,0,K1DI1-102-1021-135,K1DI1,1
T05,5-201-2012-273,201,2008-11-08,0,K1DI1-102-1021-135,K1DI1,1
T05,5-201-2012-274,201,2008-11-08,0,K1DI1-102-1021-136,K1DI1,1
T05,5-201-2012-275,201,2008-11-08,0,K1DI1-102-1021-137,K1DI1,1
T01,1-201-2011-792,201,2008-11-08,1,K1DI1-102-1021-138,K1DI1,1
T05,5-201-2012-277,201,2008-11-08,0,K1DI1-102-1021-138,K1DI1,1
T01,1-201-2011-755,201,2008-11-08,0,K1DI1-102-1021-139,K1DI1,1
T05,5-201-2012-282,201,2008-11-08,0,K1DI1-102-1021-139,K1DI1,1
T02,2-201-2011-512,201,2008-11-08,0,K1DI1-102-1021-14,K1DI1,1
T05,5-201-2012-284,201,2008-11-08,0,K1DI1-102-1021-140,K1DI1,1
T05,5-201-2012-286,201,2008-11-08,0,K1DI1-102-1021-141,K1DI1,1
T05,5-201-2012-287,201,2008-11-08,0,K1DI1-102-1021-142,K1DI1,1
T01,1-201-2011-484,201,2008-11-08,1,K1DI1-102-1021-143,K1DI1,1
T05,5-201-2012-291,201,2008-11-08,0,K1DI1-102-1021-143,K1DI1,1
T02,2-201-2011-616,201,2008-11-08,0,K1DI1-102-1021-144,K1DI1,1
T05,5-201-2012-292,201,2008-11-08,0,K1DI1-102-1021-144,K1DI1,1
T05,5-201-2012-294,201,2008-11-08,0,K1DI1-102-1021-145,K1DI1,1
T05,5-201-2012-295,201,2008-11-08,0,K1DI1-102-1021-146,K1DI1,1
T01,1-201-2011-97,201,2008-11-07,0,K1DI1-102-1021-147,K1DI1,1
T05,5-201-2012-296,201,2008-11-08,0,K1DI1-102-1021-147,K1DI1,1
T05,5-201-2012-302,201,2008-11-08,0,K1DI1-102-1021-148,K1DI1,1
T05,5-201-2012-307,201,2008-11-08,1,K1DI1-102-1021-149,K1DI1,1
T01,1-201-2011-378,201,2008-11-07,0,K1DI1-102-1021-150,K1DI1,1
T05,5-201-2012-308,201,2008-11-08,0,K1DI1-102-1021-150,K1DI1,1
T05,5-201-2012-313,201,2008-11-08,1,K1DI1-102-1021-151,K1DI1,1
T01,1-201-2011-131,201,2008-11-07,0,K1DI1-102-1021-152,K1DI1,1
T05,5-201-2012-314,201,2008-11-08,0,K1DI1-102-1021-152,K1DI1,1
T05,5-201-2012-315,201,2008-11-08,0,K1DI1-102-1021-153,K1DI1,1
T05,5-201-2012-316,201,2008-11-08,0,K1DI1-102-1021-154,K1DI1,1
T05,5-201-2012-318,201,2008-11-08,0,K1DI1-102-1021-155,K1DI1,1
T05,5-201-2012-319,201,2008-11-08,0,K1DI1-102-1021-156,K1DI1,1
T01,1-201-2011-853,201,2008-11-08,0,K1DI1-102-1021-157,K1DI1,1
T05,5-201-2012-320,201,2008-11-08,0,K1DI1-102-1021-157,K1DI1,1
T01,1-201-2011-77,201,2008-11-07,0,K1DI1-102-1021-158,K1DI1,1
T05,5-201-2012-321,201,2008-11-08,0,K1DI1-102-1021-158,K1DI1,1
T02,2-201-2011-191,201,2008-11-07,0,K1DI1-102-1021-159,K1DI1,1
T05,5-201-2012-325,201,2008-11-08,0,K1DI1-102-1021-159,K1DI1,1
T01,1-201-2011-127,201,2008-11-07,0,K1DI1-102-1021-16,K1DI1,1
T05,5-201-2012-327,201,2008-11-08,0,K1DI1-102-1021-160,K1DI1,1
T05,5-201-2012-334,201,2008-11-08,0,K1DI1-102-1021-161,K1DI1,1
T02,2-201-2011-106,201,2008-11-07,0,K1DI1-102-1021-162,K1DI1,1
T05,5-201-2012-341,201,2008-11-08,0,K1DI1-102-1021-162,K1DI1,1
T05,5-201-2012-409,201,2008-11-09,0,K1DI1-102-1021-165,K1DI1,1
T05,5-201-2012-412,201,2008-11-09,0,K1DI1-102-1021-166,K1DI1,1
T05,5-201-2012-413,201,2008-11-09,0,K1DI1-102-1021-167,K1DI1,1
T05,5-201-2012-415,201,2008-11-09,1,K1DI1-102-1021-168,K1DI1,1
T05,5-201-2012-419,201,2008-11-09,0,K1DI1-102-1021-169,K1DI1,1
T01,1-201-2011-61,201,2008-11-07,0,K1DI1-102-1021-17,K1DI1,1
T05,5-201-2012-421,201,2008-11-09,0,K1DI1-102-1021-170,K1DI1,1
T05,5-201-2012-422,201,2008-11-09,0,K1DI1-102-1021-171,K1DI1,1
T05,5-201-2012-425,201,2008-11-09,0,K1DI1-102-1021-172,K1DI1,1
T05,5-201-2012-426,201,2008-11-09,0,K1DI1-102-1021-173,K1DI1,1
T05,5-201-2012-427,201,2008-11-09,0,K1DI1-102-1021-174,K1DI1,1
T05,5-201-2012-429,201,2008-11-09,0,K1DI1-102-1021-175,K1DI1,1
T05,5-201-2012-430,201,2008-11-09,0,K1DI1-102-1021-176,K1DI1,1
T05,5-201-2012-431,201,2008-11-09,0,K1DI1-102-1021-177,K1DI1,1
T02,2-201-2011-971,201,2008-11-09,0,K1DI1-102-1021-178,K1DI1,1
T05,5-201-2012-434,201,2008-11-09,0,K1DI1-102-1021-178,K1DI1,1
T02,2-201-2011-830,201,2008-11-09,0,K1DI1-102-1021-179,K1DI1,1
T05,5-201-2012-435,201,2008-11-09,0,K1DI1-102-1021-179,K1DI1,1
T01,1-201-2011-314,201,2008-11-07,0,K1DI1-102-1021-18,K1DI1,1
T05,5-201-2012-437,201,2008-11-09,0,K1DI1-102-1021-180,K1DI1,1
T02,2-201-2011-1391,201,2008-11-11,0,K1DI1-102-1021-181,K1DI1,1
T05,5-201-2012-438,201,2008-11-09,0,K1DI1-102-1021-181,K1DI1,1
T05,5-201-2012-440,201,2008-11-09,0,K1DI1-102-1021-182,K1DI1,1
T01,1-201-2011-871,201,2008-11-08,0,K1DI1-102-1021-183,K1DI1,1
T05,5-201-2012-441,201,2008-11-09,0,K1DI1-102-1021-183,K1DI1,1
T05,5-201-2012-445,201,2008-11-09,0,K1DI1-102-1021-184,K1DI1,1
T05,5-201-2012-446,201,2008-11-09,0,K1DI1-102-1021-185,K1DI1,1
T02,2-201-2011-1060,201,2008-11-10,0,K1DI1-102-1021-186,K1DI1,1
T05,5-201-2012-447,201,2008-11-09,0,K1DI1-102-1021-186,K1DI1,1
T05,5-201-2012-450,201,2008-11-09,0,K1DI1-102-1021-187,K1DI1,1
T05,5-201-2012-454,201,2008-11-09,0,K1DI1-102-1021-188,K1DI1,1
T05,5-201-2012-458,201,2008-11-09,0,K1DI1-102-1021-189,K1DI1,1
T05,5-201-2012-459,201,2008-11-09,0,K1DI1-102-1021-190,K1DI1,1
T05,5-201-2012-460,201,2008-11-09,0,K1DI1-102-1021-191,K1DI1,1
T05,5-201-2012-462,201,2008-11-09,0,K1DI1-102-1021-192,K1DI1,1
T05,5-201-2012-463,201,2008-11-09,0,K1DI1-102-1021-193,K1DI1,1
T05,5-201-2012-464,201,2008-11-09,1,K1DI1-102-1021-194,K1DI1,1
T05,5-201-2012-465,201,2008-11-09,1,K1DI1-102-1021-195,K1DI1,1
T05,5-201-2012-466,201,2008-11-09,1,K1DI1-102-1021-196,K1DI1,1
T05,5-201-2012-469,201,2008-11-09,0,K1DI1-102-1021-197,K1DI1,1
T01,1-201-2011-631,201,2008-11-08,1,K1DI1-102-1021-198,K1DI1,1
T05,5-201-2012-472,201,2008-11-09,0,K1DI1-102-1021-199,K1DI1,1
T05,5-201-2012-473,201,2008-11-09,0,K1DI1-102-1021-200,K1DI1,1
T05,5-201-2012-474,201,2008-11-09,0,K1DI1-102-1021-201,K1DI1,1
T05,5-201-2012-478,201,2008-11-09,1,K1DI1-102-1021-202,K1DI1,1
T05,5-201-2012-479,201,2008-11-09,0,K1DI1-102-1021-203,K1DI1,1
T05,5-201-2012-481,201,2008-11-09,0,K1DI1-102-1021-204,K1DI1,1
T02,2-201-2011-1303,201,2008-11-10,0,K1DI1-102-1021-205,K1DI1,1
T05,5-201-2012-482,201,2008-11-09,1,K1DI1-102-1021-205,K1DI1,1
T02,2-201-2011-358,201,2008-11-08,0,K1DI1-102-1021-206,K1DI1,1
T05,5-201-2012-483,201,2008-11-09,0,K1DI1-102-1021-206,K1DI1,1
T01,1-201-2011-844,201,2008-11-08,0,K1DI1-102-1021-207,K1DI1,1
T05,5-201-2012-488,201,2008-11-09,0,K1DI1-102-1021-207,K1DI1,1
T05,5-201-2012-491,201,2008-11-09,0,K1DI1-102-1021-208,K1DI1,1
T05,5-201-2012-495,201,2008-11-09,0,K1DI1-102-1021-209,K1DI1,1
T01,1-201-2011-349,201,2008-11-07,0,K1DI1-102-1021-21,K1DI1,1
T02,2-201-2011-251,201,2008-11-07,0,K1DI1-102-1021-21,K1DI1,1
T05,5-201-2012-496,201,2008-11-09,0,K1DI1-102-1021-210,K1DI1,1
T02,2-201-2011-472,201,2008-11-08,0,K1DI1-102-1021-211,K1DI1,1
T05,5-201-2012-499,201,2008-11-09,0,K1DI1-102-1021-211,K1DI1,1
T05,5-201-2012-502,201,2008-11-09,0,K1DI1-102-1021-212,K1DI1,1
T05,5-201-2012-506,201,2008-11-09,0,K1DI1-102-1021-213,K1DI1,1
T05,5-201-2012-509,201,2008-11-09,1,K1DI1-102-1021-214,K1DI1,1
T05,5-201-2012-515,201,2008-11-09,1,K1DI1-102-1021-215,K1DI1,1
T05,5-201-2012-517,201,2008-11-09,1,K1DI1-102-1021-216,K1DI1,1
T05,5-201-2012-518,201,2008-11-09,0,K1DI1-102-1021-217,K1DI1,1
T05,5-201-2012-520,201,2008-11-09,0,K1DI1-102-1021-218,K1DI1,1
T05,5-201-2012-521,201,2008-11-09,0,K1DI1-102-1021-219,K1DI1,1
T01,1-201-2011-464,201,2008-11-08,0,K1DI1-102-1021-22,K1DI1,1
T05,5-201-2012-524,201,2008-11-09,0,K1DI1-102-1021-220,K1DI1,1
T05,5-201-2012-525,201,2008-11-09,1,K1DI1-102-1021-221,K1DI1,1
T05,5-201-2012-527,201,2008-11-09,0,K1DI1-102-1021-222,K1DI1,1
T05,5-201-2012-530,201,2008-11-09,1,K1DI1-102-1021-223,K1DI1,1
T05,5-201-2012-533,201,2008-11-09,0,K1DI1-102-1021-224,K1DI1,1
T05,5-201-2012-535,201,2008-11-09,1,K1DI1-102-1021-225,K1DI1,1
T05,5-201-2012-539,201,2008-11-09,0,K1DI1-102-1021-226,K1DI1,1
T05,5-201-2012-542,201,2008-11-09,0,K1DI1-102-1021-227,K1DI1,1
T01,1-201-2011-23,201,2008-11-07,1,K1DI1-102-1021-228,K1DI1,1
T05,5-201-2012-551,201,2008-11-09,0,K1DI1-102-1021-228,K1DI1,1
T01,1-201-2011-637,201,2008-11-08,0,K1DI1-102-1021-229,K1DI1,1
T05,5-201-2012-558,201,2008-11-09,0,K1DI1-102-1021-229,K1DI1,1
T01,1-201-2011-135,201,2008-11-07,0,K1DI1-102-1021-23,K1DI1,1
T05,5-201-2012-561,201,2008-11-09,1,K1DI1-102-1021-230,K1DI1,1
T01,1-201-2011-561,201,2008-11-08,1,K1DI1-102-1021-231,K1DI1,1
T05,5-201-2012-564,201,2008-11-09,1,K1DI1-102-1021-231,K1DI1,1
T05,5-201-2012-571,201,2008-11-09,0,K1DI1-102-1021-232,K1DI1,1
T01,1-201-2011-327,201,2008-11-07,0,K1DI1-102-1021-233,K1DI1,1
T05,5-201-2012-574,201,2008-11-09,0,K1DI1-102-1021-233,K1DI1,1
T05,5-201-2012-576,201,2008-11-09,0,K1DI1-102-1021-234,K1DI1,1
T05,5-201-2012-582,201,2008-11-09,0,K1DI1-102-1021-235,K1DI1,1
T05,5-201-2012-583,201,2008-11-09,0,K1DI1-102-1021-236,K1DI1,1
T05,5-201-2012-138,201,2008-11-07,0,K1DI1-102-1021-236793,K1DI1,1
T01,1-201-2011-758,201,2008-11-08,0,K1DI1-102-1021-236989,K1DI1,1
T05,5-201-2012-381,201,2008-11-08,0,K1DI1-102-1021-236989,K1DI1,1
T02,2-201-2011-1002,201,2008-11-10,0,K1DI1-102-1021-237,K1DI1,1
T05,5-201-2012-584,201,2008-11-09,0,K1DI1-102-1021-237,K1DI1,1
T05,5-201-2012-123,201,2008-11-07,0,K1DI1-102-1021-237119,K1DI1,1
T01,1-201-2011-423,201,2008-11-07,1,K1DI1-102-1021-237177,K1DI1,1
T05,5-201-2012-380,201,2008-11-08,1,K1DI1-102-1021-237177,K1DI1,1
T05,5-201-2012-457,201,2008-11-09,1,K1DI1-102-1021-237898,K1DI1,1
T05,5-201-2012-585,201,2008-11-09,0,K1DI1-102-1021-238,K1DI1,1
T05,5-201-2012-586,201,2008-11-09,0,K1DI1-102-1021-239,K1DI1,1
T02,2-201-2011-952,201,2008-11-09,0,K1DI1-102-1021-240,K1DI1,1
T05,5-201-2012-590,201,2008-11-09,0,K1DI1-102-1021-240,K1DI1,1
T05,5-201-2012-591,201,2008-11-09,0,K1DI1-102-1021-241,K1DI1,1
T01,1-201-2011-770,201,2008-11-08,0,K1DI1-102-1021-242,K1DI1,1
T05,5-201-2012-592,201,2008-11-09,0,K1DI1-102-1021-242,K1DI1,1
T05,5-201-2012-594,201,2008-11-09,0,K1DI1-102-1021-243,K1DI1,1
T01,1-201-2011-658,201,2008-11-08,1,K1DI1-102-1021-255,K1DI1,1
T02,2-201-2011-420,201,2008-11-08,0,K1DI1-102-1021-26,K1DI1,1
T05,5-201-2012-613,201,2008-11-10,0,K1DI1-102-1021-262,K1DI1,1
T05,5-201-2012-616,201,2008-11-10,0,K1DI1-102-1021-264,K1DI1,1
T05,5-201-2012-622,201,2008-11-10,0,K1DI1-102-1021-265,K1DI1,1
T05,5-201-2012-625,201,2008-11-10,0,K1DI1-102-1021-266,K1DI1,1
T01,1-201-2011-450,201,2008-11-08,0,K1DI1-102-1021-268,K1DI1,1
T05,5-201-2012-634,201,2008-11-10,0,K1DI1-102-1021-268,K1DI1,1
T05,5-201-2012-635,201,2008-11-10,0,K1DI1-102-1021-269,K1DI1,1
T05,5-201-2012-636,201,2008-11-10,0,K1DI1-102-1021-270,K1DI1,1
T05,5-201-2012-640,201,2008-11-10,0,K1DI1-102-1021-271,K1DI1,1
T05,5-201-2012-642,201,2008-11-10,0,K1DI1-102-1021-272,K1DI1,1
T05,5-201-2012-644,201,2008-11-10,0,K1DI1-102-1021-273,K1DI1,1
T05,5-201-2012-646,201,2008-11-10,0,K1DI1-102-1021-274,K1DI1,1
T05,5-201-2012-647,201,2008-11-10,0,K1DI1-102-1021-275,K1DI1,1
T05,5-201-2012-649,201,2008-11-10,0,K1DI1-102-1021-276,K1DI1,1
T05,5-201-2012-650,201,2008-11-10,0,K1DI1-102-1021-277,K1DI1,1
T05,5-201-2012-651,201,2008-11-10,0,K1DI1-102-1021-278,K1DI1,1
T05,5-201-2012-655,201,2008-11-10,0,K1DI1-102-1021-279,K1DI1,1
T01,1-201-2011-480,201,2008-11-08,0,K1DI1-102-1021-28,K1DI1,1
T05,5-201-2012-657,201,2008-11-10,0,K1DI1-102-1021-280,K1DI1,1
T02,2-201-2011-1377,201,2008-11-11,0,K1DI1-102-1021-281,K1DI1,1
T05,5-201-2012-658,201,2008-11-10,0,K1DI1-102-1021-281,K1DI1,1
T05,5-201-2012-660,201,2008-11-10,0,K1DI1-102-1021-282,K1DI1,1
T05,5-201-2012-661,201,2008-11-10,0,K1DI1-102-1021-283,K1DI1,1
T05,5-201-2012-663,201,2008-11-10,0,K1DI1-102-1021-284,K1DI1,1
T05,5-201-2012-664,201,2008-11-10,0,K1DI1-102-1021-285,K1DI1,1
T05,5-201-2012-666,201,2008-11-10,0,K1DI1-102-1021-286,K1DI1,1
T05,5-201-2012-669,201,2008-11-10,0,K1DI1-102-1021-287,K1DI1,1
T05,5-201-2012-670,201,2008-11-10,1,K1DI1-102-1021-288,K1DI1,1
T05,5-201-2012-672,201,2008-11-10,0,K1DI1-102-1021-289,K1DI1,1
T05,5-201-2012-674,201,2008-11-10,0,K1DI1-102-1021-290,K1DI1,1
T05,5-201-2012-677,201,2008-11-10,0,K1DI1-102-1021-292,K1DI1,1
T05,5-201-2012-678,201,2008-11-10,0,K1DI1-102-1021-293,K1DI1,1
T05,5-201-2012-681,201,2008-11-10,0,K1DI1-102-1021-294,K1DI1,1
T05,5-201-2012-682,201,2008-11-10,1,K1DI1-102-1021-295,K1DI1,1
T05,5-201-2012-683,201,2008-11-10,0,K1DI1-102-1021-296,K1DI1,1
T05,5-201-2012-688,201,2008-11-10,1,K1DI1-102-1021-297,K1DI1,1
T05,5-201-2012-690,201,2008-11-10,0,K1DI1-102-1021-298,K1DI1,1
T05,5-201-2012-694,201,2008-11-10,1,K1DI1-102-1021-299,K1DI1,1
T05,5-201-2012-696,201,2008-11-10,0,K1DI1-102-1021-300,K1DI1,1
T01,1-201-2011-487,201,2008-11-08,0,K1DI1-102-1021-301,K1DI1,1
T05,5-201-2012-698,201,2008-11-10,0,K1DI1-102-1021-301,K1DI1,1
T05,5-201-2012-704,201,2008-11-10,0,K1DI1-102-1021-303,K1DI1,1
T05,5-201-2012-705,201,2008-11-10,0,K1DI1-102-1021-304,K1DI1,1
T01,1-201-2011-71,201,2008-11-07,0,K1DI1-102-1021-305,K1DI1,1
T05,5-201-2012-707,201,2008-11-10,0,K1DI1-102-1021-305,K1DI1,1
T05,5-201-2012-710,201,2008-11-10,0,K1DI1-102-1021-306,K1DI1,1
T05,5-201-2012-712,201,2008-11-10,0,K1DI1-102-1021-307,K1DI1,1
T05,5-201-2012-713,201,2008-11-10,0,K1DI1-102-1021-308,K1DI1,1
T05,5-201-2012-714,201,2008-11-10,0,K1DI1-102-1021-309,K1DI1,1
T01,1-201-2011-142,201,2008-11-07,1,K1DI1-102-1021-31,K1DI1,1
T05,5-201-2012-719,201,2008-11-10,0,K1DI1-102-1021-311,K1DI1,1
T05,5-201-2012-721,201,2008-11-10,0,K1DI1-102-1021-312,K1DI1,1
T05,5-201-2012-722,201,2008-11-10,0,K1DI1-102-1021-313,K1DI1,1
T05,5-201-2012-723,201,2008-11-10,0,K1DI1-102-1021-314,K1DI1,1
T05,5-201-2012-726,201,2008-11-10,0,K1DI1-102-1021-316,K1DI1,1
T05,5-201-2012-728,201,2008-11-10,0,K1DI1-102-1021-317,K1DI1,1
T05,5-201-2012-729,201,2008-11-10,0,K1DI1-102-1021-318,K1DI1,1
T05,5-201-2012-732,201,2008-11-10,0,K1DI1-102-1021-319,K1DI1,1
T02,2-201-2011-225,201,2008-11-07,1,K1DI1-102-1021-32,K1DI1,1
T02,2-201-2011-1619,201,2008-11-11,0,K1DI1-102-1021-320,K1DI1,1
T05,5-201-2012-738,201,2008-11-10,0,K1DI1-102-1021-320,K1DI1,1
T05,5-201-2012-739,201,2008-11-10,0,K1DI1-102-1021-321,K1DI1,1
T02,2-201-2011-1243,201,2008-11-10,0,K1DI1-102-1021-322,K1DI1,1
T05,5-201-2012-744,201,2008-11-10,0,K1DI1-102-1021-322,K1DI1,1
T05,5-201-2012-750,201,2008-11-10,0,K1DI1-102-1021-324,K1DI1,1
T01,1-201-2011-220,201,2008-11-07,0,K1DI1-102-1021-34,K1DI1,1
T05,5-201-2012-819,201,2008-11-11,0,K1DI1-102-1021-346,K1DI1,1
T05,5-201-2012-822,201,2008-11-11,0,K1DI1-102-1021-347,K1DI1,1
T05,5-201-2012-826,201,2008-11-11,0,K1DI1-102-1021-348,K1DI1,1
T01,1-201-2011-390,201,2008-11-07,0,K1DI1-102-1021-35,K1DI1,1
T05,5-201-2012-831,201,2008-11-11,0,K1DI1-102-1021-351,K1DI1,1
T05,5-201-2012-838,201,2008-11-11,0,K1DI1-102-1021-354,K1DI1,1
T05,5-201-2012-839,201,2008-11-11,0,K1DI1-102-1021-355,K1DI1,1
T05,5-201-2012-845,201,2008-11-11,0,K1DI1-102-1021-357,K1DI1,1
T05,5-201-2012-847,201,2008-11-11,0,K1DI1-102-1021-358,K1DI1,1
T05,5-201-2012-849,201,2008-11-11,0,K1DI1-102-1021-359,K1DI1,1
T05,5-201-2012-850,201,2008-11-11,0,K1DI1-102-1021-360,K1DI1,1
T05,5-201-2012-853,201,2008-11-11,0,K1DI1-102-1021-361,K1DI1,1
T05,5-201-2012-868,201,2008-11-11,0,K1DI1-102-1021-367,K1DI1,1
T05,5-201-2012-869,201,2008-11-11,0,K1DI1-102-1021-368,K1DI1,1
T05,5-201-2012-871,201,2008-11-11,0,K1DI1-102-1021-370,K1DI1,1
T05,5-201-2012-874,201,2008-11-11,1,K1DI1-102-1021-371,K1DI1,1
T05,5-201-2012-875,201,2008-11-11,0,K1DI1-102-1021-372,K1DI1,1
T05,5-201-2012-877,201,2008-11-11,0,K1DI1-102-1021-373,K1DI1,1
T05,5-201-2012-880,201,2008-11-11,0,K1DI1-102-1021-374,K1DI1,1
T05,5-201-2012-882,201,2008-11-11,0,K1DI1-102-1021-376,K1DI1,1
T05,5-201-2012-891,201,2008-11-11,0,K1DI1-102-1021-377,K1DI1,1
T05,5-201-2012-892,201,2008-11-11,1,K1DI1-102-1021-378,K1DI1,1
T05,5-201-2012-900,201,2008-11-11,0,K1DI1-102-1021-381,K1DI1,1
T05,5-201-2012-901,201,2008-11-11,0,K1DI1-102-1021-382,K1DI1,1
T05,5-201-2012-904,201,2008-11-11,0,K1DI1-102-1021-384,K1DI1,1
T05,5-201-2012-905,201,2008-11-11,0,K1DI1-102-1021-385,K1DI1,1
T05,5-201-2012-906,201,2008-11-11,0,K1DI1-102-1021-386,K1DI1,1
T05,5-201-2012-909,201,2008-11-11,0,K1DI1-102-1021-387,K1DI1,1
T05,5-201-2012-913,201,2008-11-11,0,K1DI1-102-1021-389,K1DI1,1
T01,1-201-2011-252,201,2008-11-07,1,K1DI1-102-1021-39,K1DI1,1
T05,5-201-2012-916,201,2008-11-11,0,K1DI1-102-1021-391,K1DI1,1
T05,5-201-2012-918,201,2008-11-11,0,K1DI1-102-1021-392,K1DI1,1
T05,5-201-2012-921,201,2008-11-11,0,K1DI1-102-1021-393,K1DI1,1
T05,5-201-2012-923,201,2008-11-11,0,K1DI1-102-1021-394,K1DI1,1
T05,5-201-2012-928,201,2008-11-11,0,K1DI1-102-1021-395,K1DI1,1
T05,5-201-2012-942,201,2008-11-11,0,K1DI1-102-1021-396,K1DI1,1
T05,5-201-2012-943,201,2008-11-11,0,K1DI1-102-1021-397,K1DI1,1
T05,5-201-2012-950,201,2008-11-11,0,K1DI1-102-1021-398,K1DI1,1
T02,2-201-2011-198,201,2008-11-07,0,K1DI1-102-1021-4,K1DI1,1
T05,5-201-2012-959,201,2008-11-11,0,K1DI1-102-1021-402,K1DI1,1
T05,5-201-2012-962,201,2008-11-11,0,K1DI1-102-1021-404,K1DI1,1
T01,1-201-2011-355,201,2008-11-07,0,K1DI1-102-1021-41,K1DI1,1
T05,5-201-2012-1024,201,2008-11-12,0,K1DI1-102-1021-426,K1DI1,1
T05,5-201-2012-1027,201,2008-11-12,0,K1DI1-102-1021-428,K1DI1,1
T05,5-201-2012-1040,201,2008-11-12,0,K1DI1-102-1021-435,K1DI1,1
T05,5-201-2012-1041,201,2008-11-12,0,K1DI1-102-1021-436,K1DI1,1
T05,5-201-2012-1044,201,2008-11-12,0,K1DI1-102-1021-438,K1DI1,1
T05,5-201-2012-1046,201,2008-11-12,0,K1DI1-102-1021-439,K1DI1,1
T05,5-201-2012-1047,201,2008-11-12,1,K1DI1-102-1021-440,K1DI1,1
T05,5-201-2012-1059,201,2008-11-12,0,K1DI1-102-1021-443,K1DI1,1
T05,5-201-2012-1060,201,2008-11-12,0,K1DI1-102-1021-444,K1DI1,1
T05,5-201-2012-1067,201,2008-11-12,0,K1DI1-102-1021-446,K1DI1,1
T05,5-201-2012-1082,201,2008-11-12,0,K1DI1-102-1021-451,K1DI1,1
T05,5-201-2012-1084,201,2008-11-12,0,K1DI1-102-1021-453,K1DI1,1
T05,5-201-2012-1085,201,2008-11-12,0,K1DI1-102-1021-454,K1DI1,1
T05,5-201-2012-1088,201,2008-11-12,0,K1DI1-102-1021-455,K1DI1,1
T01,1-201-2011-748,201,2008-11-08,0,K1DI1-102-1021-46,K1DI1,1
T02,2-201-2011-47,201,2008-11-07,0,K1DI1-102-1021-46,K1DI1,1
T05,5-201-2012-4,201,2008-11-07,0,K1DI1-102-1021-46,K1DI1,1
T05,5-201-2012-1097,201,2008-11-12,1,K1DI1-102-1021-461,K1DI1,1
T05,5-201-2012-1102,201,2008-11-12,1,K1DI1-102-1021-464,K1DI1,1
T05,5-201-2012-1110,201,2008-11-12,0,K1DI1-102-1021-467,K1DI1,1
T05,5-201-2012-1112,201,2008-11-12,0,K1DI1-102-1021-469,K1DI1,1
T01,1-201-2011-129,201,2008-11-07,1,K1DI1-102-1021-47,K1DI1,1
T05,5-201-2012-5,201,2008-11-07,0,K1DI1-102-1021-47,K1DI1,1
T05,5-201-2012-1115,201,2008-11-12,0,K1DI1-102-1021-472,K1DI1,1
T05,5-201-2012-1123,201,2008-11-12,0,K1DI1-102-1021-474,K1DI1,1
T05,5-201-2012-1127,201,2008-11-12,0,K1DI1-102-1021-476,K1DI1,1
T05,5-201-2012-11,201,2008-11-07,0,K1DI1-102-1021-48,K1DI1,1
T05,5-201-2012-1143,201,2008-11-12,1,K1DI1-102-1021-483,K1DI1,1
T05,5-201-2012-13,201,2008-11-07,0,K1DI1-102-1021-49,K1DI1,1
T02,2-201-2011-413,201,2008-11-08,1,K1DI1-102-1021-5,K1DI1,1
T01,1-201-2011-507,201,2008-11-08,0,K1DI1-102-1021-50,K1DI1,1
T05,5-201-2012-14,201,2008-11-07,0,K1DI1-102-1021-50,K1DI1,1
T05,5-201-2012-1231,201,2008-11-13,0,K1DI1-102-1021-503,K1DI1,1
T05,5-201-2012-20,201,2008-11-07,0,K1DI1-102-1021-51,K1DI1,1
T01,1-201-2011-522,201,2008-11-08,1,K1DI1-102-1021-52,K1DI1,1
T05,5-201-2012-22,201,2008-11-07,0,K1DI1-102-1021-52,K1DI1,1
T05,5-201-2012-1269,201,2008-11-13,0,K1DI1-102-1021-521,K1DI1,1
T01,1-201-2011-554,201,2008-11-08,0,K1DI1-102-1021-53,K1DI1,1
T05,5-201-2012-26,201,2008-11-07,0,K1DI1-102-1021-53,K1DI1,1
T05,5-201-2012-27,201,2008-11-07,0,K1DI1-102-1021-54,K1DI1,1
T05,5-201-2012-1317,201,2008-11-13,0,K1DI1-102-1021-549,K1DI1,1
T05,5-201-2012-28,201,2008-11-07,0,K1DI1-102-1021-55,K1DI1,1
T05,5-201-2012-1329,201,2008-11-13,0,K1DI1-102-1021-556,K1DI1,1
T01,1-201-2011-846,201,2008-11-08,0,K1DI1-102-1021-56,K1DI1,1
T05,5-201-2012-29,201,2008-11-07,0,K1DI1-102-1021-56,K1DI1,1
T05,5-201-2012-1338,201,2008-11-13,0,K1DI1-102-1021-562,K1DI1,1
T05,5-201-2012-30,201,2008-11-07,0,K1DI1-102-1021-57,K1DI1,1
T01,1-201-2011-797,201,2008-11-08,0,K1DI1-102-1021-58,K1DI1,1
T05,5-201-2012-33,201,2008-11-07,0,K1DI1-102-1021-58,K1DI1,1
T01,1-201-2011-245,201,2008-11-07,1,K1DI1-102-1021-59,K1DI1,1
T05,5-201-2012-34,201,2008-11-07,0,K1DI1-102-1021-59,K1DI1,1
T01,1-201-2011-100,201,2008-11-07,1,K1DI1-102-1021-6,K1DI1,1
T02,2-201-2011-742,201,2008-11-09,0,K1DI1-102-1021-6,K1DI1,1
T05,5-201-2012-35,201,2008-11-07,0,K1DI1-102-1021-60,K1DI1,1
T05,5-201-2012-36,201,2008-11-07,0,K1DI1-102-1021-61,K1DI1,1
T05,5-201-2012-37,201,2008-11-07,0,K1DI1-102-1021-62,K1DI1,1
T01,1-201-2011-838,201,2008-11-08,1,K1DI1-102-1021-63,K1DI1,1
T05,5-201-2012-41,201,2008-11-07,0,K1DI1-102-1021-63,K1DI1,1
T05,5-201-2012-44,201,2008-11-07,0,K1DI1-102-1021-64,K1DI1,1
T01,1-201-2011-830,201,2008-11-08,1,K1DI1-102-1021-65,K1DI1,1
T05,5-201-2012-45,201,2008-11-07,0,K1DI1-102-1021-65,K1DI1,1
T02,2-201-2011-609,201,2008-11-08,0,K1DI1-102-1021-66,K1DI1,1
T05,5-201-2012-50,201,2008-11-07,0,K1DI1-102-1021-66,K1DI1,1
T01,1-201-2011-309,201,2008-11-07,0,K1DI1-102-1021-67,K1DI1,1
T05,5-201-2012-51,201,2008-11-07,0,K1DI1-102-1021-67,K1DI1,1
T01,1-201-2011-278,201,2008-11-07,0,K1DI1-102-1021-68,K1DI1,1
T05,5-201-2012-53,201,2008-11-07,0,K1DI1-102-1021-68,K1DI1,1
T02,2-201-2011-313,201,2008-11-07,1,K1DI1-102-1021-69,K1DI1,1
T05,5-201-2012-59,201,2008-11-07,0,K1DI1-102-1021-69,K1DI1,1
T02,2-201-2011-297,201,2008-11-07,0,K1DI1-102-1021-7,K1DI1,1
T05,5-201-2012-62,201,2008-11-07,0,K1DI1-102-1021-70,K1DI1,1
T05,5-201-2012-63,201,2008-11-07,0,K1DI1-102-1021-71,K1DI1,1
T01,1-201-2011-56,201,2008-11-07,1,K1DI1-102-1021-72,K1DI1,1
T05,5-201-2012-64,201,2008-11-07,0,K1DI1-102-1021-72,K1DI1,1
T05,5-201-2012-68,201,2008-11-07,0,K1DI1-102-1021-73,K1DI1,1
T05,5-201-2012-69,201,2008-11-07,0,K1DI1-102-1021-74,K1DI1,1
T05,5-201-2012-71,201,2008-11-07,0,K1DI1-102-1021-75,K1DI1,1
T05,5-201-2012-72,201,2008-11-07,0,K1DI1-102-1021-76,K1DI1,1
T05,5-201-2012-74,201,2008-11-07,0,K1DI1-102-1021-77,K1DI1,1
T05,5-201-2012-75,201,2008-11-07,0,K1DI1-102-1021-78,K1DI1,1
T05,5-201-2012-76,201,2008-11-07,0,K1DI1-102-1021-79,K1DI1,1
T05,5-201-2012-77,201,2008-11-07,0,K1DI1-102-1021-80,K1DI1,1
T01,1-201-2011-74,201,2008-11-07,1,K1DI1-102-1021-81,K1DI1,1
T05,5-201-2012-78,201,2008-11-07,0,K1DI1-102-1021-81,K1DI1,1
T01,1-201-2011-38,201,2008-11-07,0,K1DI1-102-1021-82,K1DI1,1
T01,1-201-2011-546,201,2008-11-08,0,K1DI1-102-1021-83,K1DI1,1
T01,1-201-2011-573,201,2008-11-08,0,K1DI1-102-1021-84,K1DI1,1
T02,2-201-2011-621,201,2008-11-08,0,K1DI1-102-1021-85,K1DI1,1
T01,1-201-2011-266,201,2008-11-07,1,K1DI1-102-1021-86,K1DI1,1
T01,1-201-2011-699,201,2008-11-08,0,K1DI1-102-1021-87,K1DI1,1
T02,2-201-2011-530,201,2008-11-08,0,K1DI1-102-1021-89,K1DI1,1
T02,2-201-2011-531,201,2008-11-08,0,K1DI1-102-1021-9,K1DI1,1
T01,1-201-2011-184,201,2008-11-07,0,K1DI1-102-1021-90,K1DI1,1
T01,1-201-2011-132,201,2008-11-07,0,K1DI1-102-1021-92,K1DI1,1
T01,1-201-2011-855,201,2008-11-08,0,K1DI1-102-1021-93,K1DI1,1
T01,1-201-2011-572,201,2008-11-08,0,K1DI1-102-1021-96,K1DI1,1
T01,1-201-2011-109,201,2008-11-07,1,K1DI1-102-1021-98,K1DI1,1
T01,1-201-2011-614,201,2008-11-08,0,K1DI1-102-1021-99,K1DI1,1
T05,5-201-2012-83,201,2008-11-07,0,K1DI1-103-1031-1,K1DI1,1
T01,1-201-2011-159,201,2008-11-07,0,K1DI1-103-1031-10,K1DI1,1
T05,5-201-2012-109,201,2008-11-07,1,K1DI1-103-1031-10,K1DI1,1
T02,2-201-2011-222,201,2008-11-07,0,K1DI1-103-1031-100,K1DI1,1
T01,1-201-2011-43,201,2008-11-07,0,K1DI1-103-1031-102,K1DI1,1
T01,1-201-2011-566,201,2008-11-08,0,K1DI1-103-1031-103,K1DI1,1
T01,1-201-2011-432,201,2008-11-07,0,K1DI1-103-1031-104,K1DI1,1
T01,1-201-2011-443,201,2008-11-08,1,K1DI1-103-1031-105,K1DI1,1
T05,5-201-2012-206,201,2008-11-08,0,K1DI1-103-1031-106,K1DI1,1
T05,5-201-2012-1442,201,2008-11-14,0,K1DI1-103-1031-1069,K1DI1,1
T01,1-201-2011-286,201,2008-11-07,0,K1DI1-103-1031-107,K1DI1,1
T05,5-201-2012-207,201,2008-11-08,0,K1DI1-103-1031-107,K1DI1,1
T05,5-201-2012-1444,201,2008-11-14,0,K1DI1-103-1031-1070,K1DI1,1
T05,5-201-2012-1455,201,2008-11-14,0,K1DI1-103-1031-1073,K1DI1,1
T05,5-201-2012-1465,201,2008-11-14,0,K1DI1-103-1031-1077,K1DI1,1
T01,1-201-2011-107,201,2008-11-07,1,K1DI1-103-1031-108,K1DI1,1
T05,5-201-2012-213,201,2008-11-08,0,K1DI1-103-1031-108,K1DI1,1
T05,5-201-2012-1496,201,2008-11-14,1,K1DI1-103-1031-1089,K1DI1,1
T05,5-201-2012-221,201,2008-11-08,0,K1DI1-103-1031-109,K1DI1,1
T05,5-201-2012-1503,201,2008-11-14,0,K1DI1-103-1031-1091,K1DI1,1
T05,5-201-2012-110,201,2008-11-07,0,K1DI1-103-1031-11,K1DI1,1
T01,1-201-2011-647,201,2008-11-08,0,K1DI1-103-1031-110,K1DI1,1
T05,5-201-2012-224,201,2008-11-08,0,K1DI1-103-1031-110,K1DI1,1
T05,5-201-2012-227,201,2008-11-08,0,K1DI1-103-1031-111,K1DI1,1
T05,5-201-2012-1611,201,2008-11-14,0,K1DI1-103-1031-1117,K1DI1,1
T05,5-201-2012-1615,201,2008-11-14,0,K1DI1-103-1031-1118,K1DI1,1
T05,5-201-2012-230,201,2008-11-08,0,K1DI1-103-1031-112,K1DI1,1
T01,1-201-2011-524,201,2008-11-08,0,K1DI1-103-1031-113,K1DI1,1
T02,2-201-2011-28,201,2008-11-07,0,K1DI1-103-1031-113,K1DI1,1
T05,5-201-2012-236,201,2008-11-08,0,K1DI1-103-1031-113,K1DI1,1
T01,1-201-2011-180,201,2008-11-07,1,K1DI1-103-1031-114,K1DI1,1
T05,5-201-2012-240,201,2008-11-08,0,K1DI1-103-1031-114,K1DI1,1
T01,1-201-2011-310,201,2008-11-07,0,K1DI1-103-1031-115,K1DI1,1
T02,2-201-2011-49,201,2008-11-07,0,K1DI1-103-1031-115,K1DI1,1
T05,5-201-2012-242,201,2008-11-08,0,K1DI1-103-1031-115,K1DI1,1
T01,1-201-2011-630,201,2008-11-08,1,K1DI1-103-1031-116,K1DI1,1
T05,5-201-2012-243,201,2008-11-08,0,K1DI1-103-1031-116,K1DI1,1
T01,1-201-2011-688,201,2008-11-08,0,K1DI1-103-1031-117,K1DI1,1
T05,5-201-2012-244,201,2008-11-08,0,K1DI1-103-1031-117,K1DI1,1
T01,1-201-2011-41,201,2008-11-07,0,K1DI1-103-1031-118,K1DI1,1
T02,2-201-2011-409,201,2008-11-08,0,K1DI1-103-1031-118,K1DI1,1
T05,5-201-2012-245,201,2008-11-08,0,K1DI1-103-1031-118,K1DI1,1
T01,1-201-2011-425,201,2008-11-07,1,K1DI1-103-1031-119,K1DI1,1
T05,5-201-2012-248,201,2008-11-08,0,K1DI1-103-1031-119,K1DI1,1
T05,5-201-2012-114,201,2008-11-07,0,K1DI1-103-1031-12,K1DI1,1
T01,1-201-2011-20,201,2008-11-07,1,K1DI1-103-1031-120,K1DI1,1
T02,2-201-2011-9,201,2008-11-07,0,K1DI1-103-1031-120,K1DI1,1
T05,5-201-2012-250,201,2008-11-08,0,K1DI1-103-1031-120,K1DI1,1
T02,2-201-2011-160,201,2008-11-07,0,K1DI1-103-1031-121,K1DI1,1
T05,5-201-2012-252,201,2008-11-08,0,K1DI1-103-1031-121,K1DI1,1
T01,1-201-2011-79,201,2008-11-07,0,K1DI1-103-1031-122,K1DI1,1
T02,2-201-2011-342,201,2008-11-08,0,K1DI1-103-1031-122,K1DI1,1
T05,5-201-2012-256,201,2008-11-08,1,K1DI1-103-1031-122,K1DI1,1
T05,5-201-2012-260,201,2008-11-08,0,K1DI1-103-1031-123,K1DI1,1
T05,5-201-2012-1681,201,2008-11-15,0,K1DI1-103-1031-1235,K1DI1,1
T01,1-201-2011-95,201,2008-11-07,1,K1DI1-103-1031-124,K1DI1,1
T05,5-201-2012-262,201,2008-11-08,0,K1DI1-103-1031-124,K1DI1,1
T05,5-201-2012-264,201,2008-11-08,0,K1DI1-103-1031-125,K1DI1,1
T05,5-201-2012-267,201,2008-11-08,0,K1DI1-103-1031-126,K1DI1,1
T05,5-201-2012-268,201,2008-11-08,0,K1DI1-103-1031-127,K1DI1,1
T01,1-201-2011-870,201,2008-11-08,0,K1DI1-103-1031-128,K1DI1,1
T05,5-201-2012-271,201,2008-11-08,1,K1DI1-103-1031-128,K1DI1,1
T02,2-201-2011-302,201,2008-11-07,0,K1DI1-103-1031-129,K1DI1,1
T05,5-201-2012-276,201,2008-11-08,0,K1DI1-103-1031-129,K1DI1,1
T01,1-201-2011-750,201,2008-11-08,0,K1DI1-103-1031-13,K1DI1,1
T05,5-201-2012-116,201,2008-11-07,1,K1DI1-103-1031-13,K1DI1,1
T05,5-201-2012-279,201,2008-11-08,0,K1DI1-103-1031-130,K1DI1,1
T01,1-201-2011-53,201,2008-11-07,1,K1DI1-103-1031-131,K1DI1,1
T02,2-201-2011-188,201,2008-11-07,1,K1DI1-103-1031-131,K1DI1,1
T05,5-201-2012-280,201,2008-11-08,0,K1DI1-103-1031-131,K1DI1,1
T01,1-201-2011-769,201,2008-11-08,0,K1DI1-103-1031-132,K1DI1,1
T05,5-201-2012-283,201,2008-11-08,0,K1DI1-103-1031-132,K1DI1,1
T01,1-201-2011-592,201,2008-11-08,1,K1DI1-103-1031-133,K1DI1,1
T05,5-201-2012-285,201,2008-11-08,0,K1DI1-103-1031-133,K1DI1,1
T02,2-201-2011-138,201,2008-11-07,1,K1DI1-103-1031-134,K1DI1,1
T05,5-201-2012-288,201,2008-11-08,0,K1DI1-103-1031-134,K1DI1,1
T01,1-201-2011-325,201,2008-11-07,1,K1DI1-103-1031-135,K1DI1,1
T02,2-201-2011-200,201,2008-11-07,0,K1DI1-103-1031-135,K1DI1,1
T05,5-201-2012-289,201,2008-11-08,1,K1DI1-103-1031-135,K1DI1,1
T01,1-201-2011-27,201,2008-11-07,0,K1DI1-103-1031-136,K1DI1,1
T02,2-201-2011-103,201,2008-11-07,1,K1DI1-103-1031-136,K1DI1,1
T05,5-201-2012-290,201,2008-11-08,0,K1DI1-103-1031-136,K1DI1,1
T01,1-201-2011-457,201,2008-11-08,0,K1DI1-103-1031-137,K1DI1,1
T05,5-201-2012-293,201,2008-11-08,0,K1DI1-103-1031-137,K1DI1,1
T01,1-201-2011-340,201,2008-11-07,0,K1DI1-103-1031-138,K1DI1,1
T05,5-201-2012-297,201,2008-11-08,0,K1DI1-103-1031-138,K1DI1,1
T05,5-201-2012-119,201,2008-11-07,0,K1DI1-103-1031-14,K1DI1,1
T05,5-201-2012-309,201,2008-11-08,0,K1DI1-103-1031-140,K1DI1,1
T02,2-201-2011-865,201,2008-11-09,0,K1DI1-103-1031-141,K1DI1,1
T05,5-201-2012-310,201,2008-11-08,0,K1DI1-103-1031-141,K1DI1,1
T01,1-201-2011-494,201,2008-11-08,1,K1DI1-103-1031-142,K1DI1,1
T05,5-201-2012-312,201,2008-11-08,0,K1DI1-103-1031-142,K1DI1,1
T05,5-201-2012-317,201,2008-11-08,0,K1DI1-103-1031-143,K1DI1,1
T05,5-201-2012-324,201,2008-11-08,0,K1DI1-103-1031-144,K1DI1,1
T01,1-201-2011-197,201,2008-11-07,0,K1DI1-103-1031-145,K1DI1,1
T05,5-201-2012-326,201,2008-11-08,1,K1DI1-103-1031-145,K1DI1,1
T01,1-201-2011-78,201,2008-11-07,1,K1DI1-103-1031-146,K1DI1,1
T05,5-201-2012-330,201,2008-11-08,0,K1DI1-103-1031-146,K1DI1,1
T05,5-201-2012-331,201,2008-11-08,0,K1DI1-103-1031-147,K1DI1,1
T01,1-201-2011-67,201,2008-11-07,0,K1DI1-103-1031-148,K1DI1,1
T01,1-201-2011-359,201,2008-11-07,0,K1DI1-103-1031-149,K1DI1,1
T05,5-201-2012-337,201,2008-11-08,0,K1DI1-103-1031-149,K1DI1,1
T01,1-201-2011-735,201,2008-11-08,0,K1DI1-103-1031-15,K1DI1,1
T02,2-201-2011-41,201,2008-11-07,1,K1DI1-103-1031-15,K1DI1,1
T05,5-201-2012-124,201,2008-11-07,0,K1DI1-103-1031-15,K1DI1,1
T02,2-201-2011-606,201,2008-11-08,0,K1DI1-103-1031-150,K1DI1,1
T05,5-201-2012-339,201,2008-11-08,1,K1DI1-103-1031-150,K1DI1,1
T01,1-201-2011-747,201,2008-11-08,0,K1DI1-103-1031-151,K1DI1,1
T05,5-201-2012-340,201,2008-11-08,0,K1DI1-103-1031-151,K1DI1,1
T02,2-201-2011-288,201,2008-11-07,1,K1DI1-103-1031-152,K1DI1,1
T05,5-201-2012-342,201,2008-11-08,0,K1DI1-103-1031-152,K1DI1,1
T02,2-201-2011-92,201,2008-11-07,1,K1DI1-103-1031-153,K1DI1,1
T05,5-201-2012-352,201,2008-11-08,0,K1DI1-103-1031-153,K1DI1,1
T01,1-201-2011-214,201,2008-11-07,0,K1DI1-103-1031-154,K1DI1,1
T05,5-201-2012-353,201,2008-11-08,0,K1DI1-103-1031-154,K1DI1,1
T01,1-201-2011-10,201,2008-11-07,1,K1DI1-103-1031-155,K1DI1,1
T02,2-201-2011-275,201,2008-11-07,0,K1DI1-103-1031-155,K1DI1,1
T05,5-201-2012-362,201,2008-11-08,0,K1DI1-103-1031-155,K1DI1,1
T05,5-201-2012-363,201,2008-11-08,1,K1DI1-103-1031-156,K1DI1,1
T05,5-201-2012-366,201,2008-11-08,0,K1DI1-103-1031-157,K1DI1,1
T01,1-201-2011-858,201,2008-11-08,0,K1DI1-103-1031-158,K1DI1,1
T05,5-201-2012-370,201,2008-11-08,0,K1DI1-103-1031-158,K1DI1,1
T01,1-201-2011-504,201,2008-11-08,0,K1DI1-103-1031-159,K1DI1,1
T05,5-201-2012-373,201,2008-11-08,1,K1DI1-103-1031-159,K1DI1,1
T05,5-201-2012-126,201,2008-11-07,0,K1DI1-103-1031-16,K1DI1,1
T05,5-201-2012-375,201,2008-11-08,0,K1DI1-103-1031-160,K1DI1,1
T05,5-201-2012-377,201,2008-11-08,1,K1DI1-103-1031-161,K1DI1,1
T05,5-201-2012-378,201,2008-11-08,0,K1DI1-103-1031-162,K1DI1,1
T02,2-201-2011-60,201,2008-11-07,0,K1DI1-103-1031-163,K1DI1,1
T05,5-201-2012-379,201,2008-11-08,0,K1DI1-103-1031-163,K1DI1,1
T05,5-201-2012-343,201,2008-11-08,1,K1DI1-103-1031-164,K1DI1,1
T05,5-201-2012-344,201,2008-11-08,0,K1DI1-103-1031-165,K1DI1,1
T02,2-201-2011-957,201,2008-11-09,0,K1DI1-103-1031-166,K1DI1,1
T05,5-201-2012-345,201,2008-11-08,0,K1DI1-103-1031-166,K1DI1,1
T05,5-201-2012-346,201,2008-11-08,0,K1DI1-103-1031-167,K1DI1,1
T01,1-201-2011-728,201,2008-11-08,1,K1DI1-103-1031-168,K1DI1,1
T01,1-201-2011-860,201,2008-11-08,0,K1DI1-103-1031-169,K1DI1,1
T02,2-201-2011-673,201,2008-11-09,0,K1DI1-103-1031-169,K1DI1,1
T05,5-201-2012-350,201,2008-11-08,0,K1DI1-103-1031-169,K1DI1,1
T05,5-201-2012-128,201,2008-11-07,0,K1DI1-103-1031-17,K1DI1,1
T05,5-201-2012-351,201,2008-11-08,0,K1DI1-103-1031-170,K1DI1,1
T05,5-201-2012-354,201,2008-11-08,0,K1DI1-103-1031-171,K1DI1,1
T05,5-201-2012-358,201,2008-11-08,0,K1DI1-103-1031-172,K1DI1,1
T01,1-201-2011-539,201,2008-11-08,0,K1DI1-103-1031-173,K1DI1,1
T05,5-201-2012-359,201,2008-11-08,0,K1DI1-103-1031-173,K1DI1,1
T05,5-201-2012-361,201,2008-11-08,0,K1DI1-103-1031-174,K1DI1,1
T05,5-201-2012-367,201,2008-11-08,0,K1DI1-103-1031-175,K1DI1,1
T05,5-201-2012-369,201,2008-11-08,0,K1DI1-103-1031-176,K1DI1,1
T01,1-201-2011-338,201,2008-11-07,0,K1DI1-103-1031-177,K1DI1,1
T05,5-201-2012-371,201,2008-11-08,0,K1DI1-103-1031-177,K1DI1,1
T05,5-201-2012-372,201,2008-11-08,1,K1DI1-103-1031-178,K1DI1,1
T05,5-201-2012-374,201,2008-11-08,1,K1DI1-103-1031-179,K1DI1,1
T05,5-201-2012-130,201,2008-11-07,0,K1DI1-103-1031-18,K1DI1,1
T02,2-201-2011-452,201,2008-11-08,0,K1DI1-103-1031-180,K1DI1,1
T05,5-201-2012-384,201,2008-11-08,0,K1DI1-103-1031-180,K1DI1,1
T05,5-201-2012-385,201,2008-11-08,0,K1DI1-103-1031-181,K1DI1,1
T05,5-201-2012-389,201,2008-11-08,0,K1DI1-103-1031-182,K1DI1,1
T01,1-201-2011-786,201,2008-11-08,0,K1DI1-103-1031-183,K1DI1,1
T05,5-201-2012-390,201,2008-11-08,0,K1DI1-103-1031-183,K1DI1,1
T05,5-201-2012-392,201,2008-11-08,0,K1DI1-103-1031-184,K1DI1,1
T05,5-201-2012-393,201,2008-11-08,0,K1DI1-103-1031-185,K1DI1,1
T01,1-201-2011-689,201,2008-11-08,0,K1DI1-103-1031-186,K1DI1,1
T05,5-201-2012-394,201,2008-11-08,0,K1DI1-103-1031-186,K1DI1,1
T05,5-201-2012-395,201,2008-11-08,0,K1DI1-103-1031-187,K1DI1,1
T01,1-201-2011-571,201,2008-11-08,0,K1DI1-103-1031-188,K1DI1,1
T05,5-201-2012-404,201,2008-11-08,0,K1DI1-103-1031-188,K1DI1,1
T01,1-201-2011-806,201,2008-11-08,0,K1DI1-103-1031-189,K1DI1,1
T05,5-201-2012-406,201,2008-11-08,0,K1DI1-103-1031-189,K1DI1,1
T01,1-201-2011-48,201,2008-11-07,1,K1DI1-103-1031-19,K1DI1,1
T05,5-201-2012-134,201,2008-11-07,0,K1DI1-103-1031-19,K1DI1,1
T05,5-201-2012-407,201,2008-11-08,0,K1DI1-103-1031-190,K1DI1,1
T02,2-201-2011-659,201,2008-11-09,0,K1DI1-103-1031-191,K1DI1,1
T01,1-201-2011-103,201,2008-11-07,1,K1DI1-103-1031-192,K1DI1,1
T01,1-201-2011-704,201,2008-11-08,1,K1DI1-103-1031-193,K1DI1,1
T01,1-201-2011-777,201,2008-11-08,0,K1DI1-103-1031-195,K1DI1,1
T01,1-201-2011-550,201,2008-11-08,0,K1DI1-103-1031-196,K1DI1,1
T01,1-201-2011-369,201,2008-11-07,1,K1DI1-103-1031-2,K1DI1,1
T02,2-201-2011-623,201,2008-11-08,0,K1DI1-103-1031-2,K1DI1,1
T05,5-201-2012-87,201,2008-11-07,0,K1DI1-103-1031-2,K1DI1,1
T01,1-201-2011-334,201,2008-11-07,0,K1DI1-103-1031-20,K1DI1,1
T05,5-201-2012-140,201,2008-11-07,1,K1DI1-103-1031-20,K1DI1,1
T01,1-201-2011-111,201,2008-11-07,0,K1DI1-103-1031-200,K1DI1,1
T02,2-201-2011-27,201,2008-11-07,0,K1DI1-103-1031-203,K1DI1,1
T01,1-201-2011-514,201,2008-11-08,0,K1DI1-103-1031-205,K1DI1,1
T01,1-201-2011-560,201,2008-11-08,0,K1DI1-103-1031-21,K1DI1,1
T02,2-201-2011-442,201,2008-11-08,0,K1DI1-103-1031-21,K1DI1,1
T05,5-201-2012-141,201,2008-11-07,0,K1DI1-103-1031-21,K1DI1,1
T01,1-201-2011-583,201,2008-11-08,0,K1DI1-103-1031-210,K1DI1,1
T02,2-201-2011-855,201,2008-11-09,0,K1DI1-103-1031-211,K1DI1,1
T01,1-201-2011-743,201,2008-11-08,1,K1DI1-103-1031-213,K1DI1,1
T01,1-201-2011-808,201,2008-11-08,1,K1DI1-103-1031-214,K1DI1,1
T01,1-201-2011-475,201,2008-11-08,1,K1DI1-103-1031-217,K1DI1,1
T05,5-201-2012-142,201,2008-11-07,0,K1DI1-103-1031-22,K1DI1,1
T01,1-201-2011-717,201,2008-11-08,0,K1DI1-103-1031-223,K1DI1,1
T01,1-201-2011-813,201,2008-11-08,1,K1DI1-103-1031-225,K1DI1,1
T01,1-201-2011-852,201,2008-11-08,0,K1DI1-103-1031-228,K1DI1,1
T01,1-201-2011-742,201,2008-11-08,0,K1DI1-103-1031-229,K1DI1,1
T02,2-201-2011-450,201,2008-11-08,1,K1DI1-103-1031-23,K1DI1,1
T05,5-201-2012-143,201,2008-11-07,0,K1DI1-103-1031-23,K1DI1,1
T02,2-201-2011-483,201,2008-11-08,0,K1DI1-103-1031-237,K1DI1,1
T01,1-201-2011-296,201,2008-11-07,0,K1DI1-103-1031-24,K1DI1,1
T05,5-201-2012-144,201,2008-11-07,0,K1DI1-103-1031-24,K1DI1,1
T02,2-201-2011-448,201,2008-11-08,0,K1DI1-103-1031-240,K1DI1,1
T05,5-201-2012-420,201,2008-11-09,0,K1DI1-103-1031-242,K1DI1,1
T02,2-201-2011-593,201,2008-11-08,0,K1DI1-103-1031-243,K1DI1,1
T05,5-201-2012-423,201,2008-11-09,0,K1DI1-103-1031-243,K1DI1,1
T05,5-201-2012-424,201,2008-11-09,0,K1DI1-103-1031-244,K1DI1,1
T05,5-201-2012-428,201,2008-11-09,1,K1DI1-103-1031-245,K1DI1,1
T01,1-201-2011-703,201,2008-11-08,0,K1DI1-103-1031-246,K1DI1,1
T05,5-201-2012-433,201,2008-11-09,0,K1DI1-103-1031-246,K1DI1,1
T05,5-201-2012-436,201,2008-11-09,0,K1DI1-103-1031-247,K1DI1,1
T02,2-201-2011-584,201,2008-11-08,0,K1DI1-103-1031-248,K1DI1,1
T05,5-201-2012-444,201,2008-11-09,0,K1DI1-103-1031-248,K1DI1,1
T05,5-201-2012-449,201,2008-11-09,0,K1DI1-103-1031-249,K1DI1,1
T05,5-201-2012-145,201,2008-11-07,1,K1DI1-103-1031-25,K1DI1,1
T05,5-201-2012-451,201,2008-11-09,0,K1DI1-103-1031-250,K1DI1,1
T01,1-201-2011-491,201,2008-11-08,0,K1DI1-103-1031-251,K1DI1,1
T05,5-201-2012-452,201,2008-11-09,0,K1DI1-103-1031-251,K1DI1,1
T01,1-201-2011-802,201,2008-11-08,0,K1DI1-103-1031-252,K1DI1,1
T02,2-201-2011-72,201,2008-11-07,0,K1DI1-103-1031-252,K1DI1,1
T05,5-201-2012-453,201,2008-11-09,0,K1DI1-103-1031-252,K1DI1,1
T01,1-201-2011-666,201,2008-11-08,0,K1DI1-103-1031-253,K1DI1,1
T05,5-201-2012-455,201,2008-11-09,0,K1DI1-103-1031-253,K1DI1,1
T01,1-201-2011-635,201,2008-11-08,1,K1DI1-103-1031-254,K1DI1,1
T05,5-201-2012-467,201,2008-11-09,0,K1DI1-103-1031-254,K1DI1,1
T02,2-201-2011-857,201,2008-11-09,1,K1DI1-103-1031-255,K1DI1,1
T05,5-201-2012-468,201,2008-11-09,0,K1DI1-103-1031-255,K1DI1,1
T05,5-201-2012-470,201,2008-11-09,0,K1DI1-103-1031-256,K1DI1,1
T02,2-201-2011-137,201,2008-11-07,0,K1DI1-103-1031-257,K1DI1,1
T05,5-201-2012-476,201,2008-11-09,0,K1DI1-103-1031-257,K1DI1,1
T05,5-201-2012-477,201,2008-11-09,1,K1DI1-103-1031-258,K1DI1,1
T01,1-201-2011-608,201,2008-11-08,0,K1DI1-103-1031-259,K1DI1,1
T05,5-201-2012-480,201,2008-11-09,0,K1DI1-103-1031-259,K1DI1,1
T02,2-201-2011-113,201,2008-11-07,0,K1DI1-103-1031-26,K1DI1,1
T05,5-201-2012-148,201,2008-11-07,0,K1DI1-103-1031-26,K1DI1,1
T05,5-201-2012-486,201,2008-11-09,0,K1DI1-103-1031-260,K1DI1,1
T05,5-201-2012-490,201,2008-11-09,0,K1DI1-103-1031-261,K1DI1,1
T02,2-201-2011-14,201,2008-11-07,1,K1DI1-103-1031-262,K1DI1,1
T05,5-201-2012-492,201,2008-11-09,0,K1DI1-103-1031-262,K1DI1,1
T05,5-201-2012-493,201,2008-11-09,0,K1DI1-103-1031-263,K1DI1,1
T05,5-201-2012-494,201,2008-11-09,0,K1DI1-103-1031-264,K1DI1,1
T01,1-201-2011-281,201,2008-11-07,0,K1DI1-103-1031-265,K1DI1,1
T05,5-201-2012-500,201,2008-11-09,0,K1DI1-103-1031-265,K1DI1,1
T01,1-201-2011-498,201,2008-11-08,0,K1DI1-103-1031-266,K1DI1,1
T05,5-201-2012-507,201,2008-11-09,1,K1DI1-103-1031-267,K1DI1,1
T05,5-201-2012-508,201,2008-11-09,0,K1DI1-103-1031-268,K1DI1,1
T01,1-201-2011-122,201,2008-11-07,0,K1DI1-103-1031-269,K1DI1,1
T05,5-201-2012-512,201,2008-11-09,0,K1DI1-103-1031-269,K1DI1,1
T02,2-201-2011-290,201,2008-11-07,0,K1DI1-103-1031-27,K1DI1,1
T05,5-201-2012-149,201,2008-11-07,0,K1DI1-103-1031-27,K1DI1,1
T05,5-201-2012-513,201,2008-11-09,0,K1DI1-103-1031-270,K1DI1,1
T01,1-201-2011-258,201,2008-11-07,1,K1DI1-103-1031-271,K1DI1,1
T02,2-201-2011-539,201,2008-11-08,0,K1DI1-103-1031-271,K1DI1,1
T05,5-201-2012-516,201,2008-11-09,0,K1DI1-103-1031-271,K1DI1,1
T05,5-201-2012-523,201,2008-11-09,0,K1DI1-103-1031-272,K1DI1,1
T01,1-201-2011-698,201,2008-11-08,1,K1DI1-103-1031-273,K1DI1,1
T05,5-201-2012-528,201,2008-11-09,0,K1DI1-103-1031-273,K1DI1,1
T05,5-201-2012-532,201,2008-11-09,1,K1DI1-103-1031-274,K1DI1,1
T05,5-201-2012-537,201,2008-11-09,0,K1DI1-103-1031-275,K1DI1,1
T05,5-201-2012-538,201,2008-11-09,1,K1DI1-103-1031-276,K1DI1,1
T05,5-201-2012-540,201,2008-11-09,0,K1DI1-103-1031-277,K1DI1,1
T05,5-201-2012-541,201,2008-11-09,0,K1DI1-103-1031-278,K1DI1,1
T02,2-201-2011-677,201,2008-11-09,0,K1DI1-103-1031-279,K1DI1,1
T05,5-201-2012-543,201,2008-11-09,0,K1DI1-103-1031-279,K1DI1,1
T05,5-201-2012-150,201,2008-11-07,0,K1DI1-103-1031-28,K1DI1,1
T05,5-201-2012-544,201,2008-11-09,0,K1DI1-103-1031-280,K1DI1,1
T05,5-201-2012-546,201,2008-11-09,0,K1DI1-103-1031-281,K1DI1,1
T05,5-201-2012-548,201,2008-11-09,0,K1DI1-103-1031-282,K1DI1,1
T05,5-201-2012-557,201,2008-11-09,1,K1DI1-103-1031-283,K1DI1,1
T05,5-201-2012-559,201,2008-11-09,1,K1DI1-103-1031-284,K1DI1,1
T02,2-201-2011-542,201,2008-11-08,0,K1DI1-103-1031-285,K1DI1,1
T05,5-201-2012-560,201,2008-11-09,0,K1DI1-103-1031-285,K1DI1,1
T05,5-201-2012-563,201,2008-11-09,0,K1DI1-103-1031-286,K1DI1,1
T05,5-201-2012-566,201,2008-11-09,0,K1DI1-103-1031-287,K1DI1,1
T05,5-201-2012-575,201,2008-11-09,0,K1DI1-103-1031-288,K1DI1,1
T05,5-201-2012-579,201,2008-11-09,0,K1DI1-103-1031-289,K1DI1,1
T05,5-201-2012-152,201,2008-11-07,0,K1DI1-103-1031-29,K1DI1,1
T01,1-201-2011-93,201,2008-11-07,0,K1DI1-103-1031-290,K1DI1,1
T05,5-201-2012-581,201,2008-11-09,0,K1DI1-103-1031-290,K1DI1,1
T05,5-201-2012-589,201,2008-11-09,1,K1DI1-103-1031-291,K1DI1,1
T05,5-201-2012-603,201,2008-11-09,0,K1DI1-103-1031-292,K1DI1,1
T02,2-201-2011-150,201,2008-11-07,0,K1DI1-103-1031-293,K1DI1,1
T05,5-201-2012-608,201,2008-11-09,1,K1DI1-103-1031-293,K1DI1,1
T02,2-201-2011-903,201,2008-11-09,0,K1DI1-103-1031-294,K1DI1,1
T02,2-201-2011-1148,201,2008-11-10,0,K1DI1-103-1031-295,K1DI1,1
T01,1-201-2011-267,201,2008-11-07,0,K1DI1-103-1031-3,K1DI1,1
T05,5-201-2012-89,201,2008-11-07,0,K1DI1-103-1031-3,K1DI1,1
T05,5-201-2012-153,201,2008-11-07,0,K1DI1-103-1031-30,K1DI1,1
T01,1-201-2011-512,201,2008-11-08,0,K1DI1-103-1031-302,K1DI1,1
T02,2-201-2011-441,201,2008-11-08,1,K1DI1-103-1031-304,K1DI1,1
T05,5-201-2012-621,201,2008-11-10,0,K1DI1-103-1031-304,K1DI1,1
T05,5-201-2012-766,201,2008-11-10,0,K1DI1-103-1031-305,K1DI1,1
T05,5-201-2012-794,201,2008-11-10,0,K1DI1-103-1031-306,K1DI1,1
T01,1-201-2011-481,201,2008-11-08,0,K1DI1-103-1031-307,K1DI1,1
T01,1-201-2011-785,201,2008-11-08,0,K1DI1-103-1031-308,K1DI1,1
T01,1-201-2011-800,201,2008-11-08,0,K1DI1-103-1031-31,K1DI1,1
T05,5-201-2012-155,201,2008-11-07,0,K1DI1-103-1031-31,K1DI1,1
T02,2-201-2011-761,201,2008-11-09,1,K1DI1-103-1031-310,K1DI1,1
T01,1-201-2011-794,201,2008-11-08,0,K1DI1-103-1031-312,K1DI1,1
T01,1-201-2011-645,201,2008-11-08,0,K1DI1-103-1031-313,K1DI1,1
T01,1-201-2011-462,201,2008-11-08,0,K1DI1-103-1031-315,K1DI1,1
T05,5-201-2012-6,201,2008-11-07,0,K1DI1-103-1031-317,K1DI1,1
T05,5-201-2012-7,201,2008-11-07,0,K1DI1-103-1031-318,K1DI1,1
T05,5-201-2012-10,201,2008-11-07,0,K1DI1-103-1031-319,K1DI1,1
T05,5-201-2012-158,201,2008-11-07,0,K1DI1-103-1031-32,K1DI1,1
T05,5-201-2012-15,201,2008-11-07,0,K1DI1-103-1031-320,K1DI1,1
T05,5-201-2012-24,201,2008-11-07,0,K1DI1-103-1031-321,K1DI1,1
T05,5-201-2012-25,201,2008-11-07,0,K1DI1-103-1031-322,K1DI1,1
T05,5-201-2012-49,201,2008-11-07,1,K1DI1-103-1031-323,K1DI1,1
T05,5-201-2012-86,201,2008-11-07,0,K1DI1-103-1031-324,K1DI1,1
T05,5-201-2012-96,201,2008-11-07,0,K1DI1-103-1031-325,K1DI1,1
T05,5-201-2012-97,201,2008-11-07,0,K1DI1-103-1031-326,K1DI1,1
T05,5-201-2012-596,201,2008-11-09,0,K1DI1-103-1031-328,K1DI1,1
T02,2-201-2011-765,201,2008-11-09,0,K1DI1-103-1031-329,K1DI1,1
T05,5-201-2012-599,201,2008-11-09,1,K1DI1-103-1031-329,K1DI1,1
T02,2-201-2011-151,201,2008-11-07,0,K1DI1-103-1031-33,K1DI1,1
T05,5-201-2012-160,201,2008-11-07,0,K1DI1-103-1031-33,K1DI1,1
T01,1-201-2011-232,201,2008-11-07,0,K1DI1-103-1031-330,K1DI1,1
T05,5-201-2012-600,201,2008-11-09,0,K1DI1-103-1031-330,K1DI1,1
T05,5-201-2012-606,201,2008-11-09,0,K1DI1-103-1031-332,K1DI1,1
T01,1-201-2011-654,201,2008-11-08,0,K1DI1-103-1031-333,K1DI1,1
T05,5-201-2012-607,201,2008-11-09,0,K1DI1-103-1031-333,K1DI1,1
T05,5-201-2012-610,201,2008-11-09,0,K1DI1-103-1031-334,K1DI1,1
T05,5-201-2012-611,201,2008-11-09,0,K1DI1-103-1031-335,K1DI1,1
T05,5-201-2012-161,201,2008-11-07,0,K1DI1-103-1031-34,K1DI1,1
T02,2-201-2011-497,201,2008-11-08,0,K1DI1-103-1031-340,K1DI1,1
T01,1-201-2011-739,201,2008-11-08,0,K1DI1-103-1031-347,K1DI1,1
T05,5-201-2012-165,201,2008-11-07,0,K1DI1-103-1031-35,K1DI1,1
T02,2-201-2011-1107,201,2008-11-10,0,K1DI1-103-1031-355,K1DI1,1
T05,5-201-2012-172,201,2008-11-07,0,K1DI1-103-1031-36,K1DI1,1
T01,1-201-2011-759,201,2008-11-08,0,K1DI1-103-1031-360,K1DI1,1
T02,2-201-2011-551,201,2008-11-08,1,K1DI1-103-1031-365,K1DI1,1
T01,1-201-2011-708,201,2008-11-08,0,K1DI1-103-1031-37,K1DI1,1
T05,5-201-2012-173,201,2008-11-07,0,K1DI1-103-1031-37,K1DI1,1
T02,2-201-2011-586,201,2008-11-08,0,K1DI1-103-1031-372,K1DI1,1
T01,1-201-2011-588,201,2008-11-08,0,K1DI1-103-1031-375,K1DI1,1
T02,2-201-2011-525,201,2008-11-08,1,K1DI1-103-1031-375,K1DI1,1
T01,1-201-2011-676,201,2008-11-08,1,K1DI1-103-1031-377,K1DI1,1
T01,1-201-2011-19,201,2008-11-07,1,K1DI1-103-1031-38,K1DI1,1
T05,5-201-2012-175,201,2008-11-07,0,K1DI1-103-1031-38,K1DI1,1
T01,1-201-2011-276,201,2008-11-07,0,K1DI1-103-1031-386,K1DI1,1
T01,1-201-2011-235,201,2008-11-07,0,K1DI1-103-1031-388,K1DI1,1
T05,5-201-2012-618,201,2008-11-10,0,K1DI1-103-1031-388,K1DI1,1
T02,2-201-2011-1165,201,2008-11-10,0,K1DI1-103-1031-389,K1DI1,1
T05,5-201-2012-619,201,2008-11-10,0,K1DI1-103-1031-389,K1DI1,1
T05,5-201-2012-177,201,2008-11-07,0,K1DI1-103-1031-39,K1DI1,1
T05,5-201-2012-620,201,2008-11-10,0,K1DI1-103-1031-390,K1DI1,1
T05,5-201-2012-624,201,2008-11-10,0,K1DI1-103-1031-391,K1DI1,1
T05,5-201-2012-626,201,2008-11-10,0,K1DI1-103-1031-392,K1DI1,1
T05,5-201-2012-627,201,2008-11-10,0,K1DI1-103-1031-393,K1DI1,1
T01,1-201-2011-751,201,2008-11-08,1,K1DI1-103-1031-394,K1DI1,1
T05,5-201-2012-630,201,2008-11-10,1,K1DI1-103-1031-394,K1DI1,1
T05,5-201-2012-631,201,2008-11-10,0,K1DI1-103-1031-395,K1DI1,1
T05,5-201-2012-632,201,2008-11-10,0,K1DI1-103-1031-396,K1DI1,1
T05,5-201-2012-637,201,2008-11-10,0,K1DI1-103-1031-397,K1DI1,1
T05,5-201-2012-641,201,2008-11-10,0,K1DI1-103-1031-398,K1DI1,1
T05,5-201-2012-648,201,2008-11-10,0,K1DI1-103-1031-399,K1DI1,1
T01,1-201-2011-155,201,2008-11-07,0,K1DI1-103-1031-40,K1DI1,1
T02,2-201-2011-152,201,2008-11-07,0,K1DI1-103-1031-40,K1DI1,1
T05,5-201-2012-178,201,2008-11-07,0,K1DI1-103-1031-40,K1DI1,1
T01,1-201-2011-446,201,2008-11-08,0,K1DI1-103-1031-400,K1DI1,1
T05,5-201-2012-653,201,2008-11-10,0,K1DI1-103-1031-400,K1DI1,1
T05,5-201-2012-659,201,2008-11-10,0,K1DI1-103-1031-401,K1DI1,1
T05,5-201-2012-667,201,2008-11-10,0,K1DI1-103-1031-402,K1DI1,1
T05,5-201-2012-671,201,2008-11-10,0,K1DI1-103-1031-403,K1DI1,1
T05,5-201-2012-673,201,2008-11-10,0,K1DI1-103-1031-404,K1DI1,1
T05,5-201-2012-675,201,2008-11-10,0,K1DI1-103-1031-405,K1DI1,1
T05,5-201-2012-679,201,2008-11-10,0,K1DI1-103-1031-406,K1DI1,1
T05,5-201-2012-685,201,2008-11-10,0,K1DI1-103-1031-407,K1DI1,1
T05,5-201-2012-686,201,2008-11-10,0,K1DI1-103-1031-408,K1DI1,1
T05,5-201-2012-687,201,2008-11-10,0,K1DI1-103-1031-409,K1DI1,1
T01,1-201-2011-365,201,2008-11-07,0,K1DI1-103-1031-41,K1DI1,1
T05,5-201-2012-179,201,2008-11-07,1,K1DI1-103-1031-41,K1DI1,1
T01,1-201-2011-787,201,2008-11-08,0,K1DI1-103-1031-410,K1DI1,1
T05,5-201-2012-692,201,2008-11-10,0,K1DI1-103-1031-410,K1DI1,1
T05,5-201-2012-693,201,2008-11-10,0,K1DI1-103-1031-411,K1DI1,1
T05,5-201-2012-695,201,2008-11-10,1,K1DI1-103-1031-412,K1DI1,1
T05,5-201-2012-697,201,2008-11-10,0,K1DI1-103-1031-413,K1DI1,1
T05,5-201-2012-702,201,2008-11-10,1,K1DI1-103-1031-414,K1DI1,1
T05,5-201-2012-703,201,2008-11-10,0,K1DI1-103-1031-415,K1DI1,1
T05,5-201-2012-706,201,2008-11-10,0,K1DI1-103-1031-416,K1DI1,1
T05,5-201-2012-709,201,2008-11-10,0,K1DI1-103-1031-417,K1DI1,1
T05,5-201-2012-711,201,2008-11-10,0,K1DI1-103-1031-418,K1DI1,1
T05,5-201-2012-718,201,2008-11-10,0,K1DI1-103-1031-419,K1DI1,1
T01,1-201-2011-341,201,2008-11-07,0,K1DI1-103-1031-42,K1DI1,1
T05,5-201-2012-181,201,2008-11-07,0,K1DI1-103-1031-42,K1DI1,1
T05,5-201-2012-720,201,2008-11-10,1,K1DI1-103-1031-420,K1DI1,1
T05,5-201-2012-725,201,2008-11-10,0,K1DI1-103-1031-421,K1DI1,1
T05,5-201-2012-727,201,2008-11-10,0,K1DI1-103-1031-422,K1DI1,1
T05,5-201-2012-735,201,2008-11-10,0,K1DI1-103-1031-423,K1DI1,1
T05,5-201-2012-736,201,2008-11-10,0,K1DI1-103-1031-424,K1DI1,1
T02,2-201-2011-1307,201,2008-11-10,0,K1DI1-103-1031-425,K1DI1,1
T05,5-201-2012-737,201,2008-11-10,0,K1DI1-103-1031-425,K1DI1,1
T02,2-201-2011-760,201,2008-11-09,0,K1DI1-103-1031-426,K1DI1,1
T05,5-201-2012-740,201,2008-11-10,0,K1DI1-103-1031-426,K1DI1,1
T05,5-201-2012-748,201,2008-11-10,0,K1DI1-103-1031-427,K1DI1,1
T05,5-201-2012-749,201,2008-11-10,0,K1DI1-103-1031-428,K1DI1,1
T02,2-201-2011-215,201,2008-11-07,0,K1DI1-103-1031-429,K1DI1,1
T05,5-201-2012-758,201,2008-11-10,0,K1DI1-103-1031-429,K1DI1,1
T01,1-201-2011-31,201,2008-11-07,1,K1DI1-103-1031-43,K1DI1,1
T05,5-201-2012-183,201,2008-11-07,0,K1DI1-103-1031-43,K1DI1,1
T05,5-201-2012-759,201,2008-11-10,0,K1DI1-103-1031-430,K1DI1,1
T05,5-201-2012-764,201,2008-11-10,0,K1DI1-103-1031-431,K1DI1,1
T05,5-201-2012-768,201,2008-11-10,0,K1DI1-103-1031-432,K1DI1,1
T05,5-201-2012-769,201,2008-11-10,0,K1DI1-103-1031-433,K1DI1,1
T05,5-201-2012-770,201,2008-11-10,0,K1DI1-103-1031-434,K1DI1,1
T01,1-201-2011-456,201,2008-11-08,0,K1DI1-103-1031-435,K1DI1,1
T05,5-201-2012-771,201,2008-11-10,0,K1DI1-103-1031-435,K1DI1,1
T05,5-201-2012-774,201,2008-11-10,0,K1DI1-103-1031-436,K1DI1,1
T05,5-201-2012-778,201,2008-11-10,0,K1DI1-103-1031-437,K1DI1,1
T05,5-201-2012-779,201,2008-11-10,0,K1DI1-103-1031-438,K1DI1,1
T05,5-201-2012-780,201,2008-11-10,0,K1DI1-103-1031-439,K1DI1,1
T05,5-201-2012-186,201,2008-11-07,0,K1DI1-103-1031-44,K1DI1,1
T02,2-201-2011-286,201,2008-11-07,0,K1DI1-103-1031-440,K1DI1,1
T05,5-201-2012-781,201,2008-11-10,0,K1DI1-103-1031-440,K1DI1,1
T05,5-201-2012-782,201,2008-11-10,1,K1DI1-103-1031-441,K1DI1,1
T05,5-201-2012-789,201,2008-11-10,0,K1DI1-103-1031-442,K1DI1,1
T01,1-201-2011-804,201,2008-11-08,1,K1DI1-103-1031-443,K1DI1,1
T02,2-201-2011-1050,201,2008-11-10,0,K1DI1-103-1031-443,K1DI1,1
T05,5-201-2012-796,201,2008-11-10,0,K1DI1-103-1031-443,K1DI1,1
T01,1-201-2011-553,201,2008-11-08,0,K1DI1-103-1031-444,K1DI1,1
T05,5-201-2012-799,201,2008-11-10,0,K1DI1-103-1031-444,K1DI1,1
T05,5-201-2012-800,201,2008-11-10,0,K1DI1-103-1031-445,K1DI1,1
T05,5-201-2012-804,201,2008-11-10,0,K1DI1-103-1031-446,K1DI1,1
T05,5-201-2012-812,201,2008-11-10,1,K1DI1-103-1031-447,K1DI1,1
T05,5-201-2012-816,201,2008-11-10,0,K1DI1-103-1031-448,K1DI1,1
T05,5-201-2012-190,201,2008-11-07,0,K1DI1-103-1031-45,K1DI1,1
T05,5-201-2012-832,201,2008-11-11,0,K1DI1-103-1031-454,K1DI1,1
T05,5-201-2012-864,201,2008-11-11,1,K1DI1-103-1031-455,K1DI1,1
T05,5-201-2012-922,201,2008-11-11,0,K1DI1-103-1031-456,K1DI1,1
T05,5-201-2012-938,201,2008-11-11,0,K1DI1-103-1031-457,K1DI1,1
T02,2-201-2011-294,201,2008-11-07,0,K1DI1-103-1031-46,K1DI1,1
T05,5-201-2012-191,201,2008-11-07,0,K1DI1-103-1031-46,K1DI1,1
T01,1-201-2011-856,201,2008-11-08,0,K1DI1-103-1031-463,K1DI1,1
T05,5-201-2012-84,201,2008-11-07,0,K1DI1-103-1031-466,K1DI1,1
T05,5-201-2012-154,201,2008-11-07,0,K1DI1-103-1031-468,K1DI1,1
T05,5-201-2012-192,201,2008-11-07,0,K1DI1-103-1031-47,K1DI1,1
T05,5-201-2012-210,201,2008-11-08,0,K1DI1-103-1031-476579,K1DI1,1
T02,2-201-2011-135,201,2008-11-07,0,K1DI1-103-1031-48,K1DI1,1
T05,5-201-2012-195,201,2008-11-07,0,K1DI1-103-1031-48,K1DI1,1
T05,5-201-2012-196,201,2008-11-07,0,K1DI1-103-1031-49,K1DI1,1
T05,5-201-2012-753,201,2008-11-10,0,K1DI1-103-1031-490,K1DI1,1
T05,5-201-2012-756,201,2008-11-10,0,K1DI1-103-1031-492,K1DI1,1
T05,5-201-2012-761,201,2008-11-10,0,K1DI1-103-1031-494,K1DI1,1
T05,5-201-2012-762,201,2008-11-10,1,K1DI1-103-1031-495,K1DI1,1
T05,5-201-2012-765,201,2008-11-10,0,K1DI1-103-1031-496,K1DI1,1
T05,5-201-2012-772,201,2008-11-10,0,K1DI1-103-1031-497,K1DI1,1
T05,5-201-2012-777,201,2008-11-10,0,K1DI1-103-1031-498,K1DI1,1
T05,5-201-2012-783,201,2008-11-10,0,K1DI1-103-1031-499,K1DI1,1
T02,2-201-2011-254,201,2008-11-07,0,K1DI1-103-1031-5,K1DI1,1
T05,5-201-2012-95,201,2008-11-07,0,K1DI1-103-1031-5,K1DI1,1
T02,2-201-2011-657,201,2008-11-08,0,K1DI1-103-1031-50,K1DI1,1
T05,5-201-2012-197,201,2008-11-07,0,K1DI1-103-1031-50,K1DI1,1
T05,5-201-2012-786,201,2008-11-10,0,K1DI1-103-1031-501,K1DI1,1
T01,1-201-2011-471,201,2008-11-08,0,K1DI1-103-1031-502,K1DI1,1
T05,5-201-2012-792,201,2008-11-10,0,K1DI1-103-1031-503,K1DI1,1
T05,5-201-2012-793,201,2008-11-10,0,K1DI1-103-1031-504,K1DI1,1
T05,5-201-2012-795,201,2008-11-10,0,K1DI1-103-1031-505,K1DI1,1
T05,5-201-2012-797,201,2008-11-10,0,K1DI1-103-1031-506,K1DI1,1
T05,5-201-2012-802,201,2008-11-10,1,K1DI1-103-1031-507,K1DI1,1
T05,5-201-2012-803,201,2008-11-10,0,K1DI1-103-1031-508,K1DI1,1
T05,5-201-2012-805,201,2008-11-10,1,K1DI1-103-1031-509,K1DI1,1
T05,5-201-2012-201,201,2008-11-07,0,K1DI1-103-1031-51,K1DI1,1
T05,5-201-2012-806,201,2008-11-10,0,K1DI1-103-1031-510,K1DI1,1
T05,5-201-2012-807,201,2008-11-10,0,K1DI1-103-1031-511,K1DI1,1
T01,1-201-2011-486,201,2008-11-08,0,K1DI1-103-1031-512,K1DI1,1
T05,5-201-2012-810,201,2008-11-10,0,K1DI1-103-1031-512,K1DI1,1
T01,1-201-2011-2,201,2008-11-07,0,K1DI1-103-1031-52,K1DI1,1
T05,5-201-2012-202,201,2008-11-07,0,K1DI1-103-1031-52,K1DI1,1
T01,1-201-2011-373,201,2008-11-07,0,K1DI1-103-1031-53,K1DI1,1
T05,5-201-2012-203,201,2008-11-07,0,K1DI1-103-1031-53,K1DI1,1
T01,1-201-2011-217,201,2008-11-07,0,K1DI1-103-1031-531,K1DI1,1
T05,5-201-2012-204,201,2008-11-07,0,K1DI1-103-1031-54,K1DI1,1
T01,1-201-2011-382,201,2008-11-07,0,K1DI1-103-1031-542,K1DI1,1
T01,1-201-2011-622,201,2008-11-08,0,K1DI1-103-1031-55,K1DI1,1
T02,2-201-2011-207,201,2008-11-07,0,K1DI1-103-1031-55,K1DI1,1
T01,1-201-2011-778,201,2008-11-08,1,K1DI1-103-1031-557,K1DI1,1
T05,5-201-2012-818,201,2008-11-11,0,K1DI1-103-1031-563,K1DI1,1
T05,5-201-2012-824,201,2008-11-11,0,K1DI1-103-1031-564,K1DI1,1
T05,5-201-2012-828,201,2008-11-11,0,K1DI1-103-1031-565,K1DI1,1
T05,5-201-2012-834,201,2008-11-11,1,K1DI1-103-1031-566,K1DI1,1
T05,5-201-2012-837,201,2008-11-11,0,K1DI1-103-1031-567,K1DI1,1
T05,5-201-2012-844,201,2008-11-11,0,K1DI1-103-1031-568,K1DI1,1
T05,5-201-2012-848,201,2008-11-11,0,K1DI1-103-1031-569,K1DI1,1
T05,5-201-2012-852,201,2008-11-11,0,K1DI1-103-1031-570,K1DI1,1
T05,5-201-2012-855,201,2008-11-11,0,K1DI1-103-1031-571,K1DI1,1
T05,5-201-2012-859,201,2008-11-11,0,K1DI1-103-1031-572,K1DI1,1
T05,5-201-2012-862,201,2008-11-11,0,K1DI1-103-1031-573,K1DI1,1
T05,5-201-2012-865,201,2008-11-11,0,K1DI1-103-1031-575,K1DI1,1
T05,5-201-2012-873,201,2008-11-11,0,K1DI1-103-1031-576,K1DI1,1
T05,5-201-2012-878,201,2008-11-11,1,K1DI1-103-1031-578,K1DI1,1
T05,5-201-2012-879,201,2008-11-11,0,K1DI1-103-1031-579,K1DI1,1
T02,2-201-2011-414,201,2008-11-08,0,K1DI1-103-1031-58,K1DI1,1
T05,5-201-2012-887,201,2008-11-11,0,K1DI1-103-1031-580,K1DI1,1
T05,5-201-2012-888,201,2008-11-11,0,K1DI1-103-1031-581,K1DI1,1
T05,5-201-2012-889,201,2008-11-11,0,K1DI1-103-1031-582,K1DI1,1
T05,5-201-2012-895,201,2008-11-11,1,K1DI1-103-1031-583,K1DI1,1
T05,5-201-2012-896,201,2008-11-11,1,K1DI1-103-1031-584,K1DI1,1
T05,5-201-2012-899,201,2008-11-11,0,K1DI1-103-1031-585,K1DI1,1
T05,5-201-2012-907,201,2008-11-11,0,K1DI1-103-1031-586,K1DI1,1
T05,5-201-2012-911,201,2008-11-11,0,K1DI1-103-1031-587,K1DI1,1
T05,5-201-2012-917,201,2008-11-11,0,K1DI1-103-1031-588,K1DI1,1
T05,5-201-2012-919,201,2008-11-11,0,K1DI1-103-1031-589,K1DI1,1
T01,1-201-2011-426,201,2008-11-07,0,K1DI1-103-1031-59,K1DI1,1
T02,2-201-2011-877,201,2008-11-09,0,K1DI1-103-1031-590,K1DI1,1
T05,5-201-2012-920,201,2008-11-11,0,K1DI1-103-1031-590,K1DI1,1
T05,5-201-2012-926,201,2008-11-11,1,K1DI1-103-1031-592,K1DI1,1
T05,5-201-2012-931,201,2008-11-11,0,K1DI1-103-1031-593,K1DI1,1
T05,5-201-2012-934,201,2008-11-11,0,K1DI1-103-1031-594,K1DI1,1
T05,5-201-2012-936,201,2008-11-11,0,K1DI1-103-1031-595,K1DI1,1
T05,5-201-2012-940,201,2008-11-11,1,K1DI1-103-1031-596,K1DI1,1
T05,5-201-2012-944,201,2008-11-11,0,K1DI1-103-1031-597,K1DI1,1
T05,5-201-2012-946,201,2008-11-11,0,K1DI1-103-1031-598,K1DI1,1
T01,1-201-2011-182,201,2008-11-07,1,K1DI1-103-1031-6,K1DI1,1
T05,5-201-2012-103,201,2008-11-07,0,K1DI1-103-1031-6,K1DI1,1
T01,1-201-2011-273,201,2008-11-07,0,K1DI1-103-1031-60,K1DI1,1
T05,5-201-2012-952,201,2008-11-11,0,K1DI1-103-1031-600,K1DI1,1
T05,5-201-2012-954,201,2008-11-11,0,K1DI1-103-1031-601,K1DI1,1
T05,5-201-2012-963,201,2008-11-11,1,K1DI1-103-1031-602,K1DI1,1
T05,5-201-2012-966,201,2008-11-11,0,K1DI1-103-1031-603,K1DI1,1
T05,5-201-2012-967,201,2008-11-11,0,K1DI1-103-1031-604,K1DI1,1
T02,2-201-2011-1559,201,2008-11-11,0,K1DI1-103-1031-605,K1DI1,1
T05,5-201-2012-970,201,2008-11-11,0,K1DI1-103-1031-605,K1DI1,1
T05,5-201-2012-972,201,2008-11-11,0,K1DI1-103-1031-606,K1DI1,1
T05,5-201-2012-975,201,2008-11-11,0,K1DI1-103-1031-607,K1DI1,1
T05,5-201-2012-980,201,2008-11-11,0,K1DI1-103-1031-609,K1DI1,1
T02,2-201-2011-155,201,2008-11-07,0,K1DI1-103-1031-61,K1DI1,1
T05,5-201-2012-984,201,2008-11-11,0,K1DI1-103-1031-611,K1DI1,1
T05,5-201-2012-990,201,2008-11-11,0,K1DI1-103-1031-612,K1DI1,1
T05,5-201-2012-991,201,2008-11-11,0,K1DI1-103-1031-613,K1DI1,1
T02,2-201-2011-1538,201,2008-11-11,0,K1DI1-103-1031-614,K1DI1,1
T05,5-201-2012-997,201,2008-11-11,0,K1DI1-103-1031-614,K1DI1,1
T05,5-201-2012-1000,201,2008-11-11,0,K1DI1-103-1031-615,K1DI1,1
T05,5-201-2012-1001,201,2008-11-11,0,K1DI1-103-1031-616,K1DI1,1
T05,5-201-2012-1004,201,2008-11-11,0,K1DI1-103-1031-617,K1DI1,1
T05,5-201-2012-1005,201,2008-11-11,0,K1DI1-103-1031-618,K1DI1,1
T05,5-201-2012-1006,201,2008-11-11,0,K1DI1-103-1031-619,K1DI1,1
T02,2-201-2011-199,201,2008-11-07,0,K1DI1-103-1031-62,K1DI1,1
T05,5-201-2012-1011,201,2008-11-11,0,K1DI1-103-1031-620,K1DI1,1
T05,5-201-2012-1013,201,2008-11-11,0,K1DI1-103-1031-621,K1DI1,1
T05,5-201-2012-1016,201,2008-11-11,0,K1DI1-103-1031-622,K1DI1,1
T05,5-201-2012-1122,201,2008-11-12,0,K1DI1-103-1031-626,K1DI1,1
T05,5-201-2012-323,201,2008-11-08,0,K1DI1-103-1031-632,K1DI1,1
T05,5-201-2012-411,201,2008-11-09,0,K1DI1-103-1031-650,K1DI1,1
T05,5-201-2012-432,201,2008-11-09,0,K1DI1-103-1031-651,K1DI1,1
T05,5-201-2012-965,201,2008-11-11,0,K1DI1-103-1031-653,K1DI1,1
T05,5-201-2012-968,201,2008-11-11,0,K1DI1-103-1031-654,K1DI1,1
T05,5-201-2012-969,201,2008-11-11,0,K1DI1-103-1031-655,K1DI1,1
T05,5-201-2012-974,201,2008-11-11,0,K1DI1-103-1031-657,K1DI1,1
T05,5-201-2012-976,201,2008-11-11,0,K1DI1-103-1031-658,K1DI1,1
T05,5-201-2012-978,201,2008-11-11,0,K1DI1-103-1031-659,K1DI1,1
T01,1-201-2011-366,201,2008-11-07,0,K1DI1-103-1031-66,K1DI1,1
T05,5-201-2012-983,201,2008-11-11,0,K1DI1-103-1031-660,K1DI1,1
T05,5-201-2012-988,201,2008-11-11,0,K1DI1-103-1031-661,K1DI1,1
T05,5-201-2012-994,201,2008-11-11,0,K1DI1-103-1031-663,K1DI1,1
T05,5-201-2012-995,201,2008-11-11,0,K1DI1-103-1031-664,K1DI1,1
T05,5-201-2012-998,201,2008-11-11,0,K1DI1-103-1031-665,K1DI1,1
T05,5-201-2012-1003,201,2008-11-11,0,K1DI1-103-1031-666,K1DI1,1
T05,5-201-2012-1007,201,2008-11-11,0,K1DI1-103-1031-667,K1DI1,1
T05,5-201-2012-1010,201,2008-11-11,1,K1DI1-103-1031-669,K1DI1,1
T02,2-201-2011-317,201,2008-11-07,1,K1DI1-103-1031-67,K1DI1,1
T05,5-201-2012-1014,201,2008-11-11,0,K1DI1-103-1031-671,K1DI1,1
T05,5-201-2012-1017,201,2008-11-11,0,K1DI1-103-1031-673,K1DI1,1
T05,5-201-2012-1018,201,2008-11-11,0,K1DI1-103-1031-674,K1DI1,1
T01,1-201-2011-578,201,2008-11-08,0,K1DI1-103-1031-68,K1DI1,1
T01,1-201-2011-580,201,2008-11-08,0,K1DI1-103-1031-7,K1DI1,1
T05,5-201-2012-104,201,2008-11-07,0,K1DI1-103-1031-7,K1DI1,1
T01,1-201-2011-283,201,2008-11-07,0,K1DI1-103-1031-71,K1DI1,1
T01,1-201-2011-233,201,2008-11-07,0,K1DI1-103-1031-72,K1DI1,1
T05,5-201-2012-1021,201,2008-11-12,0,K1DI1-103-1031-722,K1DI1,1
T05,5-201-2012-1023,201,2008-11-12,0,K1DI1-103-1031-723,K1DI1,1
T05,5-201-2012-1026,201,2008-11-12,0,K1DI1-103-1031-724,K1DI1,1
T05,5-201-2012-1037,201,2008-11-12,1,K1DI1-103-1031-726,K1DI1,1
T05,5-201-2012-1049,201,2008-11-12,0,K1DI1-103-1031-727,K1DI1,1
T05,5-201-2012-1050,201,2008-11-12,1,K1DI1-103-1031-728,K1DI1,1
T05,5-201-2012-1053,201,2008-11-12,0,K1DI1-103-1031-729,K1DI1,1
T05,5-201-2012-1065,201,2008-11-12,0,K1DI1-103-1031-730,K1DI1,1
T05,5-201-2012-1081,201,2008-11-12,0,K1DI1-103-1031-735,K1DI1,1
T05,5-201-2012-1100,201,2008-11-12,0,K1DI1-103-1031-738,K1DI1,1
T05,5-201-2012-1104,201,2008-11-12,0,K1DI1-103-1031-739,K1DI1,1
T01,1-201-2011-300,201,2008-11-07,0,K1DI1-103-1031-74,K1DI1,1
T05,5-201-2012-1106,201,2008-11-12,0,K1DI1-103-1031-740,K1DI1,1
T05,5-201-2012-1107,201,2008-11-12,1,K1DI1-103-1031-741,K1DI1,1
T05,5-201-2012-1121,201,2008-11-12,0,K1DI1-103-1031-745,K1DI1,1
T05,5-201-2012-1131,201,2008-11-12,0,K1DI1-103-1031-748,K1DI1,1
T05,5-201-2012-1134,201,2008-11-12,0,K1DI1-103-1031-749,K1DI1,1
T02,2-201-2011-392,201,2008-11-08,0,K1DI1-103-1031-75,K1DI1,1
T05,5-201-2012-1135,201,2008-11-12,0,K1DI1-103-1031-750,K1DI1,1
T05,5-201-2012-1136,201,2008-11-12,0,K1DI1-103-1031-751,K1DI1,1
T05,5-201-2012-1145,201,2008-11-12,0,K1DI1-103-1031-752,K1DI1,1
T05,5-201-2012-1155,201,2008-11-12,0,K1DI1-103-1031-755,K1DI1,1
T05,5-201-2012-1176,201,2008-11-12,0,K1DI1-103-1031-756,K1DI1,1
T05,5-201-2012-1185,201,2008-11-12,0,K1DI1-103-1031-759,K1DI1,1
T05,5-201-2012-1198,201,2008-11-12,0,K1DI1-103-1031-760,K1DI1,1
T05,5-201-2012-1200,201,2008-11-12,0,K1DI1-103-1031-761,K1DI1,1
T05,5-201-2012-1201,201,2008-11-12,0,K1DI1-103-1031-762,K1DI1,1
T05,5-201-2012-1214,201,2008-11-12,0,K1DI1-103-1031-764,K1DI1,1
T05,5-201-2012-1219,201,2008-11-12,1,K1DI1-103-1031-765,K1DI1,1
T05,5-201-2012-1221,201,2008-11-12,0,K1DI1-103-1031-766,K1DI1,1
T05,5-201-2012-1222,201,2008-11-12,0,K1DI1-103-1031-767,K1DI1,1
T05,5-201-2012-1375,201,2008-11-13,0,K1DI1-103-1031-773,K1DI1,1
T05,5-201-2012-595905,201,2008-11-12,0,K1DI1-103-1031-776,K1DI1,1
T01,1-201-2011-326,201,2008-11-07,0,K1DI1-103-1031-78,K1DI1,1
T05,5-201-2012-614,201,2008-11-10,0,K1DI1-103-1031-796,K1DI1,1
T05,5-201-2012-656,201,2008-11-10,0,K1DI1-103-1031-799,K1DI1,1
T01,1-201-2011-125,201,2008-11-07,0,K1DI1-103-1031-8,K1DI1,1
T05,5-201-2012-105,201,2008-11-07,0,K1DI1-103-1031-8,K1DI1,1
T05,5-201-2012-747,201,2008-11-10,0,K1DI1-103-1031-803,K1DI1,1
T05,5-201-2012-787,201,2008-11-10,0,K1DI1-103-1031-806,K1DI1,1
T01,1-201-2011-58,201,2008-11-07,0,K1DI1-103-1031-81,K1DI1,1
T05,5-201-2012-1161,201,2008-11-12,0,K1DI1-103-1031-821,K1DI1,1
T05,5-201-2012-1164,201,2008-11-12,0,K1DI1-103-1031-824,K1DI1,1
T02,2-201-2011-129,201,2008-11-07,0,K1DI1-103-1031-83,K1DI1,1
T05,5-201-2012-1175,201,2008-11-12,0,K1DI1-103-1031-831,K1DI1,1
T05,5-201-2012-1186,201,2008-11-12,0,K1DI1-103-1031-836,K1DI1,1
T05,5-201-2012-1191,201,2008-11-12,0,K1DI1-103-1031-840,K1DI1,1
T05,5-201-2012-1193,201,2008-11-12,0,K1DI1-103-1031-841,K1DI1,1
T05,5-201-2012-1195,201,2008-11-12,0,K1DI1-103-1031-842,K1DI1,1
T05,5-201-2012-1197,201,2008-11-12,0,K1DI1-103-1031-844,K1DI1,1
T05,5-201-2012-1203,201,2008-11-12,0,K1DI1-103-1031-846,K1DI1,1
T05,5-201-2012-1207,201,2008-11-12,0,K1DI1-103-1031-849,K1DI1,1
T05,5-201-2012-1213,201,2008-11-12,0,K1DI1-103-1031-852,K1DI1,1
T05,5-201-2012-1215,201,2008-11-12,0,K1DI1-103-1031-853,K1DI1,1
T05,5-201-2012-1218,201,2008-11-12,0,K1DI1-103-1031-855,K1DI1,1
T05,5-201-2012-1220,201,2008-11-12,0,K1DI1-103-1031-856,K1DI1,1
T01,1-201-2011-810,201,2008-11-08,0,K1DI1-103-1031-87,K1DI1,1
T05,5-201-2012-108,201,2008-11-07,0,K1DI1-103-1031-9,K1DI1,1
T05,5-201-2012-1227,201,2008-11-13,0,K1DI1-103-1031-908,K1DI1,1
T01,1-201-2011-123,201,2008-11-07,1,K1DI1-103-1031-91,K1DI1,1
T05,5-201-2012-1234,201,2008-11-13,0,K1DI1-103-1031-910,K1DI1,1
T05,5-201-2012-1237,201,2008-11-13,0,K1DI1-103-1031-912,K1DI1,1
T05,5-201-2012-1254,201,2008-11-13,0,K1DI1-103-1031-918,K1DI1,1
T05,5-201-2012-1262,201,2008-11-13,0,K1DI1-103-1031-920,K1DI1,1
T05,5-201-2012-1293,201,2008-11-13,0,K1DI1-103-1031-927,K1DI1,1
T05,5-201-2012-1300,201,2008-11-13,0,K1DI1-103-1031-928,K1DI1,1
T01,1-201-2011-402,201,2008-11-07,1,K1DI1-103-1031-93,K1DI1,1
T05,5-201-2012-1308,201,2008-11-13,0,K1DI1-103-1031-931,K1DI1,1
T05,5-201-2012-1318,201,2008-11-13,0,K1DI1-103-1031-934,K1DI1,1
T05,5-201-2012-1324,201,2008-11-13,0,K1DI1-103-1031-937,K1DI1,1
T05,5-201-2012-1333,201,2008-11-13,0,K1DI1-103-1031-938,K1DI1,1
T05,5-201-2012-1357,201,2008-11-13,1,K1DI1-103-1031-943,K1DI1,1
T05,5-201-2012-1364,201,2008-11-13,0,K1DI1-103-1031-945,K1DI1,1
T05,5-201-2012-1370,201,2008-11-13,0,K1DI1-103-1031-946,K1DI1,1
T05,5-201-2012-1380,201,2008-11-13,0,K1DI1-103-1031-948,K1DI1,1
T05,5-201-2012-1421,201,2008-11-13,0,K1DI1-103-1031-957,K1DI1,1
T01,1-201-2011-185,201,2008-11-07,1,K1DI1-103-1031-96,K1DI1,1
T05,5-201-2012-1427,201,2008-11-13,0,K1DI1-103-1031-961,K1DI1,1
T01,1-201-2011-303,201,2008-11-07,1,K1DI1-103-1031-97,K1DI1,1
T01,1-201-2011-173,201,2008-11-07,0,K1DI1-103-1031-98,K1DI1,1
T05,5-201-2012-1366,201,2008-11-13,0,K1DI1-103-1031-982,K1DI1,1
T05,5-201-2012-1372,201,2008-11-13,0,K1DI1-103-1031-985,K1DI1,1
T01,1-201-2011-766,201,2008-11-08,1,K1DI1-103-1031-99,K1DI1,1
T05,5-201-2012-1402,201,2008-11-13,1,K1DI1-103-1031-996,K1DI1,1
T05,5-201-2012-1408,201,2008-11-13,0,K1DI1-103-1031-999,K1DI1,1
T01,1-201-2011-424,201,2008-11-07,0,K1BE2-101-1011-13,K1BE2,0
T01,1-201-2011-242,201,2008-11-07,1,K1BE2-101-1011-14,K1BE2,0
T01,1-201-2011-215,201,2008-11-07,0,K1BE2-101-1011-19,K1BE2,0
T01,1-201-2011-57,201,2008-11-07,0,K1BE2-101-1011-2,K1BE2,0
T02,2-201-2011-260,201,2008-11-07,0,K1BE2-101-1011-2,K1BE2,0
T01,1-201-2011-272,201,2008-11-07,1,K1BE2-101-1011-20,K1BE2,0
T01,1-201-2011-158,201,2008-11-07,1,K1BE2-101-1011-23,K1BE2,0
T01,1-201-2011-146,201,2008-11-07,0,K1BE2-101-1011-24,K1BE2,0
T01,1-201-2011-34,201,2008-11-07,0,K1BE2-101-1011-27,K1BE2,0
T01,1-201-2011-86,201,2008-11-07,0,K1BE2-101-1011-28,K1BE2,0
T01,1-201-2011-668,201,2008-11-08,1,K1BE2-101-1011-32,K1BE2,0
T01,1-201-2011-872,201,2008-11-08,0,K1BE2-101-1011-34,K1BE2,0
T02,2-201-2011-620,201,2008-11-08,0,K1BE2-101-1011-35,K1BE2,0
T01,1-201-2011-411,201,2008-11-07,0,K1BE2-101-1011-36,K1BE2,0
T02,2-201-2011-381,201,2008-11-08,0,K1BE2-101-1011-38,K1BE2,0
T02,2-201-2011-510,201,2008-11-08,0,K1BE2-101-1011-39,K1BE2,0
T02,2-201-2011-681,201,2008-11-09,0,K1BE2-101-1011-43,K1BE2,0
T02,2-201-2011-624,201,2008-11-08,0,K1BE2-101-1011-46,K1BE2,0
T02,2-201-2011-435,201,2008-11-08,1,K1BE2-101-1011-47,K1BE2,0
T02,2-201-2011-884,201,2008-11-09,0,K1BE2-101-1011-49,K1BE2,0
T01,1-201-2011-26,201,2008-11-07,1,K1BE2-101-1011-5,K1BE2,0
T01,1-201-2011-201,201,2008-11-07,0,K1BE2-101-1011-50,K1BE2,0
T01,1-201-2011-744,201,2008-11-08,0,K1BE2-101-1011-54,K1BE2,0
T01,1-201-2011-32,201,2008-11-07,0,K1BE2-101-1011-58,K1BE2,0
T01,1-201-2011-867,201,2008-11-08,1,K1BE2-101-1011-64,K1BE2,0
T01,1-201-2011-782,201,2008-11-08,1,K1BE2-101-1011-76,K1BE2,0
T01,1-201-2011-633,201,2008-11-08,0,K1BE2-101-1011-79,K1BE2,0
T01,1-201-2011-321,201,2008-11-07,0,K1BE2-101-1011-8,K1BE2,0
T01,1-201-2011-69,201,2008-11-07,0,K1BE2-101-1011-9,K1BE2,0
T02,2-201-2011-445,201,2008-11-08,0,K1BE2-104-1041-10,K1BE2,0
T01,1-201-2011-824,201,2008-11-08,0,K1BE2-104-1041-102,K1BE2,0
T01,1-201-2011-765,201,2008-11-08,0,K1BE2-104-1041-104,K1BE2,0
T01,1-201-2011-375,201,2008-11-07,0,K1BE2-104-1041-105,K1BE2,0
T01,1-201-2011-626,201,2008-11-08,0,K1BE2-104-1041-11,K1BE2,0
T02,2-201-2011-15,201,2008-11-07,0,K1BE2-104-1041-11,K1BE2,0
T01,1-201-2011-864,201,2008-11-08,0,K1BE2-104-1041-110,K1BE2,0
T01,1-201-2011-556,201,2008-11-08,1,K1BE2-104-1041-111,K1BE2,0
T01,1-201-2011-781,201,2008-11-08,0,K1BE2-104-1041-114,K1BE2,0
T01,1-201-2011-263,201,2008-11-07,1,K1BE2-104-1041-116,K1BE2,0
T01,1-201-2011-362,201,2008-11-07,0,K1BE2-104-1041-117,K1BE2,0
T01,1-201-2011-577,201,2008-11-08,0,K1BE2-104-1041-121,K1BE2,0
T01,1-201-2011-866,201,2008-11-08,1,K1BE2-104-1041-122,K1BE2,0
T01,1-201-2011-610,201,2008-11-08,0,K1BE2-104-1041-124,K1BE2,0
T01,1-201-2011-427,201,2008-11-07,0,K1BE2-104-1041-125,K1BE2,0
T02,2-201-2011-891,201,2008-11-09,1,K1BE2-104-1041-13,K1BE2,0
T01,1-201-2011-231,201,2008-11-07,0,K1BE2-104-1041-130,K1BE2,0
T01,1-201-2011-876,201,2008-11-08,0,K1BE2-104-1041-134,K1BE2,0
T01,1-201-2011-178,201,2008-11-07,0,K1BE2-104-1041-136,K1BE2,0
T01,1-201-2011-269,201,2008-11-07,0,K1BE2-104-1041-138,K1BE2,0
T01,1-201-2011-81,201,2008-11-07,0,K1BE2-104-1041-139,K1BE2,0
T01,1-201-2011-868,201,2008-11-08,0,K1BE2-104-1041-14,K1BE2,0
T01,1-201-2011-618,201,2008-11-08,0,K1BE2-104-1041-142,K1BE2,0
T01,1-201-2011-803,201,2008-11-08,1,K1BE2-104-1041-143,K1BE2,0
T01,1-201-2011-793,201,2008-11-08,1,K1BE2-104-1041-144,K1BE2,0
T01,1-201-2011-147,201,2008-11-07,0,K1BE2-104-1041-145,K1BE2,0
T01,1-201-2011-227,201,2008-11-07,0,K1BE2-104-1041-146,K1BE2,0
T01,1-201-2011-105,201,2008-11-07,0,K1BE2-104-1041-147,K1BE2,0
T02,2-201-2011-578,201,2008-11-08,0,K1BE2-104-1041-15,K1BE2,0
T01,1-201-2011-807,201,2008-11-08,0,K1BE2-104-1041-150,K1BE2,0
T01,1-201-2011-534,201,2008-11-08,0,K1BE2-104-1041-151,K1BE2,0
T01,1-201-2011-388,201,2008-11-07,0,K1BE2-104-1041-153,K1BE2,0
T01,1-201-2011-712,201,2008-11-08,0,K1BE2-104-1041-154,K1BE2,0
T01,1-201-2011-740,201,2008-11-08,1,K1BE2-104-1041-155,K1BE2,0
T01,1-201-2011-827,201,2008-11-08,0,K1BE2-104-1041-158,K1BE2,0
T01,1-201-2011-815,201,2008-11-08,0,K1BE2-104-1041-16,K1BE2,0
T01,1-201-2011-836,201,2008-11-08,0,K1BE2-104-1041-164,K1BE2,0
T01,1-201-2011-510,201,2008-11-08,0,K1BE2-104-1041-167,K1BE2,0
T01,1-201-2011-795,201,2008-11-08,1,K1BE2-104-1041-168,K1BE2,0
T01,1-201-2011-320,201,2008-11-07,0,K1BE2-104-1041-17,K1BE2,0
T02,2-201-2011-727,201,2008-11-09,0,K1BE2-104-1041-17,K1BE2,0
T01,1-201-2011-513,201,2008-11-08,0,K1BE2-104-1041-173,K1BE2,0
T01,1-201-2011-208,201,2008-11-07,0,K1BE2-104-1041-175,K1BE2,0
T01,1-201-2011-237,201,2008-11-07,0,K1BE2-104-1041-18,K1BE2,0
T02,2-201-2011-24,201,2008-11-07,0,K1BE2-104-1041-18,K1BE2,0
T01,1-201-2011-869,201,2008-11-08,0,K1BE2-104-1041-181,K1BE2,0
T01,1-201-2011-357,201,2008-11-07,0,K1BE2-104-1041-187,K1BE2,0
T01,1-201-2011-44,201,2008-11-07,0,K1BE2-104-1041-19,K1BE2,0
T01,1-201-2011-721,201,2008-11-08,1,K1BE2-104-1041-190,K1BE2,0
T01,1-201-2011-644,201,2008-11-08,1,K1BE2-104-1041-191,K1BE2,0
T01,1-201-2011-1,201,2008-11-07,0,K1BE2-104-1041-199,K1BE2,0
T01,1-201-2011-188,201,2008-11-07,1,K1BE2-104-1041-201,K1BE2,0
T01,1-201-2011-433,201,2008-11-07,0,K1BE2-104-1041-21,K1BE2,0
T02,2-201-2011-468,201,2008-11-08,0,K1BE2-104-1041-21,K1BE2,0
T02,2-201-2011-1302,201,2008-11-10,0,K1BE2-104-1041-210,K1BE2,0
T02,2-201-2011-1210,201,2008-11-10,0,K1BE2-104-1041-215,K1BE2,0
T02,2-201-2011-1063,201,2008-11-10,0,K1BE2-104-1041-218,K1BE2,0
T02,2-201-2011-1438,201,2008-11-11,0,K1BE2-104-1041-219,K1BE2,0
T02,2-201-2011-1101,201,2008-11-10,0,K1BE2-104-1041-220,K1BE2,0
T02,2-201-2011-557,201,2008-11-08,0,K1BE2-104-1041-222,K1BE2,0
T01,1-201-2011-523,201,2008-11-08,0,K1BE2-104-1041-23,K1BE2,0
T02,2-201-2011-195,201,2008-11-07,0,K1BE2-104-1041-23,K1BE2,0
T01,1-201-2011-613,201,2008-11-08,1,K1BE2-104-1041-230,K1BE2,0
T01,1-201-2011-248,201,2008-11-07,0,K1BE2-104-1041-238,K1BE2,0
T02,2-201-2011-94,201,2008-11-07,0,K1BE2-104-1041-24,K1BE2,0
T01,1-201-2011-687,201,2008-11-08,0,K1BE2-104-1041-240,K1BE2,0
T01,1-201-2011-716,201,2008-11-08,0,K1BE2-104-1041-241,K1BE2,0
T01,1-201-2011-756,201,2008-11-08,0,K1BE2-104-1041-248,K1BE2,0
T01,1-201-2011-160,201,2008-11-07,1,K1BE2-104-1041-25,K1BE2,0
T01,1-201-2011-850,201,2008-11-08,0,K1BE2-104-1041-257,K1BE2,0
T01,1-201-2011-651,201,2008-11-08,1,K1BE2-104-1041-26,K1BE2,0
T02,2-201-2011-423,201,2008-11-08,0,K1BE2-104-1041-26,K1BE2,0
T01,1-201-2011-674,201,2008-11-08,0,K1BE2-104-1041-267,K1BE2,0
T02,2-201-2011-3,201,2008-11-07,0,K1BE2-104-1041-27,K1BE2,0
T01,1-201-2011-762,201,2008-11-08,1,K1BE2-104-1041-271,K1BE2,0
T01,1-201-2011-85,201,2008-11-07,0,K1BE2-104-1041-293,K1BE2,0
T01,1-201-2011-1281164,201,2008-11-08,0,K1BE2-104-1041-306,K1BE2,0
T01,1-201-2011-643,201,2008-11-08,0,K1BE2-104-1041-31,K1BE2,0
T01,1-201-2011-749,201,2008-11-08,0,K1BE2-104-1041-320,K1BE2,0
T01,1-201-2011-551,201,2008-11-08,1,K1BE2-104-1041-324,K1BE2,0
T01,1-201-2011-705,201,2008-11-08,0,K1BE2-104-1041-338,K1BE2,0
T01,1-201-2011-738,201,2008-11-08,1,K1BE2-104-1041-391,K1BE2,0
T01,1-201-2011-467,201,2008-11-08,1,K1BE2-104-1041-4,K1BE2,0
T01,1-201-2011-476,201,2008-11-08,1,K1BE2-104-1041-400,K1BE2,0
T01,1-201-2011-659,201,2008-11-08,0,K1BE2-104-1041-404,K1BE2,0
T01,1-201-2011-833,201,2008-11-08,0,K1BE2-104-1041-41,K1BE2,0
T01,1-201-2011-555,201,2008-11-08,0,K1BE2-104-1041-415,K1BE2,0
T01,1-201-2011-212,201,2008-11-07,0,K1BE2-104-1041-45,K1BE2,0
T01,1-201-2011-619,201,2008-11-08,0,K1BE2-104-1041-47,K1BE2,0
T01,1-201-2011-351,201,2008-11-07,0,K1BE2-104-1041-50,K1BE2,0
T01,1-201-2011-629,201,2008-11-08,0,K1BE2-104-1041-51,K1BE2,0
T01,1-201-2011-473,201,2008-11-08,0,K1BE2-104-1041-53,K1BE2,0
T02,2-201-2011-265,201,2008-11-07,0,K1BE2-104-1041-53,K1BE2,0
T02,2-201-2011-588,201,2008-11-08,0,K1BE2-104-1041-55,K1BE2,0
T01,1-201-2011-52,201,2008-11-07,0,K1BE2-104-1041-56,K1BE2,0
T01,1-201-2011-873,201,2008-11-08,0,K1BE2-104-1041-57,K1BE2,0
T02,2-201-2011-540,201,2008-11-08,0,K1BE2-104-1041-57,K1BE2,0
T02,2-201-2011-493,201,2008-11-08,0,K1BE2-104-1041-60,K1BE2,0
T01,1-201-2011-624,201,2008-11-08,0,K1BE2-104-1041-61,K1BE2,0
T01,1-201-2011-595,201,2008-11-08,0,K1BE2-104-1041-67,K1BE2,0
T01,1-201-2011-331,201,2008-11-07,1,K1BE2-104-1041-69,K1BE2,0
T01,1-201-2011-224,201,2008-11-07,0,K1BE2-104-1041-7,K1BE2,0
T01,1-201-2011-319,201,2008-11-07,0,K1BE2-104-1041-72,K1BE2,0
T01,1-201-2011-163,201,2008-11-07,1,K1BE2-104-1041-73,K1BE2,0
T01,1-201-2011-239,201,2008-11-07,0,K1BE2-104-1041-83,K1BE2,0
T01,1-201-2011-350,201,2008-11-07,0,K1BE2-104-1041-84,K1BE2,0
T01,1-201-2011-330,201,2008-11-07,0,K1BE2-104-1041-85,K1BE2,0
T01,1-201-2011-483,201,2008-11-08,1,K1BE2-104-1041-89,K1BE2,0
T01,1-201-2011-776,201,2008-11-08,0,K1BE2-104-1041-9,K1BE2,0
T02,2-201-2011-128,201,2008-11-07,0,K1BE2-104-1041-9,K1BE2,0
T01,1-201-2011-726,201,2008-11-08,0,K1BE2-104-1041-90,K1BE2,0
T01,1-201-2011-329,201,2008-11-07,0,K1BE2-104-1041-97,K1BE2,0
T01,1-201-2011-664,201,2008-11-08,1,K1BE2-104-1041-98,K1BE2,0
T01,1-201-2011-181,201,2008-11-07,0,K1BE2-104-1041-99,K1BE2,0
T01,1-201-2011-352,201,2008-11-07,0,K1DI2-102-1021-1,K1DI2,0
T02,2-201-2011-86,201,2008-11-07,1,K1DI2-102-1021-100,K1DI2,0
T02,2-201-2011-533,201,2008-11-08,0,K1DI2-102-1021-103,K1DI2,0
T01,1-201-2011-653,201,2008-11-08,0,K1DI2-102-1021-104,K1DI2,0
T02,2-201-2011-375,201,2008-11-08,0,K1DI2-102-1021-105,K1DI2,0
T01,1-201-2011-415,201,2008-11-07,0,K1DI2-102-1021-106,K1DI2,0
T02,2-201-2011-538,201,2008-11-08,0,K1DI2-102-1021-111,K1DI2,0
T01,1-201-2011-408,201,2008-11-07,0,K1DI2-102-1021-114,K1DI2,0
T02,2-201-2011-330,201,2008-11-08,0,K1DI2-102-1021-116,K1DI2,0
T02,2-201-2011-905,201,2008-11-09,0,K1DI2-102-1021-120,K1DI2,0
T01,1-201-2011-752,201,2008-11-08,1,K1DI2-102-1021-122,K1DI2,0
T02,2-201-2011-372,201,2008-11-08,1,K1DI2-102-1021-125,K1DI2,0
T01,1-201-2011-29,201,2008-11-07,0,K1DI2-102-1021-126,K1DI2,0
T02,2-201-2011-299,201,2008-11-07,0,K1DI2-102-1021-126,K1DI2,0
T01,1-201-2011-389,201,2008-11-07,0,K1DI2-102-1021-129,K1DI2,0
T02,2-201-2011-943,201,2008-11-09,1,K1DI2-102-1021-129,K1DI2,0
T02,2-201-2011-453,201,2008-11-08,0,K1DI2-102-1021-130,K1DI2,0
T01,1-201-2011-33,201,2008-11-07,0,K1DI2-102-1021-131,K1DI2,0
T02,2-201-2011-355,201,2008-11-08,0,K1DI2-102-1021-132,K1DI2,0
T01,1-201-2011-447,201,2008-11-08,0,K1DI2-102-1021-134,K1DI2,0
T01,1-201-2011-627,201,2008-11-08,0,K1DI2-102-1021-136,K1DI2,0
T01,1-201-2011-218,201,2008-11-07,0,K1DI2-102-1021-14,K1DI2,0
T01,1-201-2011-461,201,2008-11-08,0,K1DI2-102-1021-140,K1DI2,0
T01,1-201-2011-700,201,2008-11-08,0,K1DI2-102-1021-141,K1DI2,0
T01,1-201-2011-469,201,2008-11-08,0,K1DI2-102-1021-147,K1DI2,0
T02,2-201-2011-933,201,2008-11-09,0,K1DI2-102-1021-148,K1DI2,0
T02,2-201-2011-728,201,2008-11-09,0,K1DI2-102-1021-149,K1DI2,0
T01,1-201-2011-187,201,2008-11-07,1,K1DI2-102-1021-15,K1DI2,0
T02,2-201-2011-436,201,2008-11-08,0,K1DI2-102-1021-150,K1DI2,0
T02,2-201-2011-344,201,2008-11-08,0,K1DI2-102-1021-151,K1DI2,0
T01,1-201-2011-204,201,2008-11-07,0,K1DI2-102-1021-152,K1DI2,0
T01,1-201-2011-549,201,2008-11-08,1,K1DI2-102-1021-157,K1DI2,0
T01,1-201-2011-607,201,2008-11-08,0,K1DI2-102-1021-16,K1DI2,0
T01,1-201-2011-244,201,2008-11-07,0,K1DI2-102-1021-162,K1DI2,0
T01,1-201-2011-597,201,2008-11-08,0,K1DI2-102-1021-166,K1DI2,0
T01,1-201-2011-547,201,2008-11-08,1,K1DI2-102-1021-170,K1DI2,0
T01,1-201-2011-657,201,2008-11-08,0,K1DI2-102-1021-177,K1DI2,0
T01,1-201-2011-842,201,2008-11-08,0,K1DI2-102-1021-179,K1DI2,0
T01,1-201-2011-707,201,2008-11-08,0,K1DI2-102-1021-181,K1DI2,0
T01,1-201-2011-652,201,2008-11-08,0,K1DI2-102-1021-184,K1DI2,0
T01,1-201-2011-650,201,2008-11-08,0,K1DI2-102-1021-187,K1DI2,0
T01,1-201-2011-875,201,2008-11-08,0,K1DI2-102-1021-208,K1DI2,0
T01,1-201-2011-805,201,2008-11-08,0,K1DI2-102-1021-211,K1DI2,0
T01,1-201-2011-798,201,2008-11-08,0,K1DI2-102-1021-218,K1DI2,0
T01,1-201-2011-1278920,201,2008-11-08,0,K1DI2-102-1021-233,K1DI2,0
T01,1-201-2011-167,201,2008-11-07,0,K1DI2-102-1021-24,K1DI2,0
T01,1-201-2011-287,201,2008-11-07,1,K1DI2-102-1021-25,K1DI2,0
T01,1-201-2011-477,201,2008-11-08,1,K1DI2-102-1021-257,K1DI2,0
T01,1-201-2011-455,201,2008-11-08,0,K1DI2-102-1021-26,K1DI2,0
T01,1-201-2011-221,201,2008-11-07,1,K1DI2-102-1021-27,K1DI2,0
T01,1-201-2011-346,201,2008-11-07,0,K1DI2-102-1021-29,K1DI2,0
T02,2-201-2011-963,201,2008-11-09,0,K1DI2-102-1021-3,K1DI2,0
T01,1-201-2011-290,201,2008-11-07,0,K1DI2-102-1021-33,K1DI2,0
T01,1-201-2011-587,201,2008-11-08,0,K1DI2-102-1021-335,K1DI2,0
T01,1-201-2011-270,201,2008-11-07,0,K1DI2-102-1021-36,K1DI2,0
T01,1-201-2011-565,201,2008-11-08,1,K1DI2-102-1021-37,K1DI2,0
T02,2-201-2011-247,201,2008-11-07,0,K1DI2-102-1021-4,K1DI2,0
T01,1-201-2011-874,201,2008-11-08,1,K1DI2-102-1021-45,K1DI2,0
T01,1-201-2011-3,201,2008-11-07,0,K1DI2-102-1021-46,K1DI2,0
T01,1-201-2011-428,201,2008-11-07,0,K1DI2-102-1021-49,K1DI2,0
T01,1-201-2011-360,201,2008-11-07,0,K1DI2-102-1021-53,K1DI2,0
T01,1-201-2011-490,201,2008-11-08,0,K1DI2-102-1021-55,K1DI2,0
T01,1-201-2011-174,201,2008-11-07,0,K1DI2-102-1021-56,K1DI2,0
T01,1-201-2011-150,201,2008-11-07,0,K1DI2-102-1021-58,K1DI2,0
T01,1-201-2011-773,201,2008-11-08,0,K1DI2-102-1021-59,K1DI2,0
T01,1-201-2011-345,201,2008-11-07,0,K1DI2-102-1021-6,K1DI2,0
T01,1-201-2011-714,201,2008-11-08,0,K1DI2-102-1021-60,K1DI2,0
T01,1-201-2011-734,201,2008-11-08,0,K1DI2-102-1021-61,K1DI2,0
T01,1-201-2011-170,201,2008-11-07,1,K1DI2-102-1021-63,K1DI2,0
T01,1-201-2011-141,201,2008-11-07,0,K1DI2-102-1021-69,K1DI2,0
T02,2-201-2011-168,201,2008-11-07,0,K1DI2-102-1021-7,K1DI2,0
T01,1-201-2011-253,201,2008-11-07,0,K1DI2-102-1021-75,K1DI2,0
T01,1-201-2011-367,201,2008-11-07,0,K1DI2-102-1021-8,K1DI2,0
T01,1-201-2011-284,201,2008-11-07,0,K1DI2-102-1021-82,K1DI2,0
T01,1-201-2011-200,201,2008-11-07,0,K1DI2-102-1021-83,K1DI2,0
T02,2-201-2011-349,201,2008-11-08,0,K1DI2-102-1021-83,K1DI2,0
T01,1-201-2011-440,201,2008-11-08,0,K1DI2-102-1021-84,K1DI2,0
T01,1-201-2011-821,201,2008-11-08,0,K1DI2-102-1021-89,K1DI2,0
T01,1-201-2011-311,201,2008-11-07,0,K1DI2-102-1021-9,K1DI2,0
T01,1-201-2011-854,201,2008-11-08,0,K1DI2-102-1021-98,K1DI2,0
T02,2-201-2011-719,201,2008-11-09,0,K1DI2-102-1021-98,K1DI2,0
T02,2-201-2011-173,201,2008-11-07,1,K1DI2-103-1031-10,K1DI2,0
T01,1-201-2011-661,201,2008-11-08,0,K1DI2-103-1031-111,K1DI2,0
T02,2-201-2011-295,201,2008-11-07,0,K1DI2-103-1031-12,K1DI2,0
T01,1-201-2011-535,201,2008-11-08,1,K1DI2-103-1031-121,K1DI2,0
T01,1-201-2011-690,201,2008-11-08,0,K1DI2-103-1031-122,K1DI2,0
T02,2-201-2011-100,201,2008-11-07,0,K1DI2-103-1031-13,K1DI2,0
T01,1-201-2011-24,201,2008-11-07,0,K1DI2-103-1031-14,K1DI2,0
T01,1-201-2011-576,201,2008-11-08,0,K1DI2-103-1031-149,K1DI2,0
T01,1-201-2011-760,201,2008-11-08,0,K1DI2-103-1031-152,K1DI2,0
T01,1-201-2011-453,201,2008-11-08,0,K1DI2-103-1031-159,K1DI2,0
T01,1-201-2011-395,201,2008-11-07,0,K1DI2-103-1031-16,K1DI2,0
T01,1-201-2011-516,201,2008-11-08,0,K1DI2-103-1031-160,K1DI2,0
T01,1-201-2011-711,201,2008-11-08,0,K1DI2-103-1031-161,K1DI2,0
T02,2-201-2011-75,201,2008-11-07,0,K1DI2-103-1031-19,K1DI2,0
T01,1-201-2011-246,201,2008-11-07,0,K1DI2-103-1031-2,K1DI2,0
T01,1-201-2011-148,201,2008-11-07,1,K1DI2-103-1031-20,K1DI2,0
T01,1-201-2011-128,201,2008-11-07,0,K1DI2-103-1031-21,K1DI2,0
T01,1-201-2011-84,201,2008-11-07,0,K1DI2-103-1031-22,K1DI2,0
T01,1-201-2011-419,201,2008-11-07,1,K1DI2-103-1031-25,K1DI2,0
T01,1-201-2011-144,201,2008-11-07,0,K1DI2-103-1031-28,K1DI2,0
T01,1-201-2011-169,201,2008-11-07,0,K1DI2-103-1031-29,K1DI2,0
T01,1-201-2011-152,201,2008-11-07,0,K1DI2-103-1031-3,K1DI2,0
T01,1-201-2011-386,201,2008-11-07,0,K1DI2-103-1031-30,K1DI2,0
T01,1-201-2011-210,201,2008-11-07,0,K1DI2-103-1031-33,K1DI2,0
T01,1-201-2011-328,201,2008-11-07,1,K1DI2-103-1031-37,K1DI2,0
T01,1-201-2011-134,201,2008-11-07,0,K1DI2-103-1031-4,K1DI2,0
T01,1-201-2011-421,201,2008-11-07,0,K1DI2-103-1031-40,K1DI2,0
T01,1-201-2011-51,201,2008-11-07,0,K1DI2-103-1031-43,K1DI2,0
T01,1-201-2011-219,201,2008-11-07,0,K1DI2-103-1031-44,K1DI2,0
T02,2-201-2011-634,201,2008-11-08,0,K1DI2-103-1031-45,K1DI2,0
T02,2-201-2011-231,201,2008-11-07,0,K1DI2-103-1031-47,K1DI2,0
T01,1-201-2011-285,201,2008-11-07,1,K1DI2-103-1031-48,K1DI2,0
T01,1-201-2011-392,201,2008-11-07,0,K1DI2-103-1031-51,K1DI2,0
T01,1-201-2011-304,201,2008-11-07,0,K1DI2-103-1031-52,K1DI2,0
T02,2-201-2011-463,201,2008-11-08,1,K1DI2-103-1031-56,K1DI2,0
T02,2-201-2011-385,201,2008-11-08,0,K1DI2-103-1031-57,K1DI2,0
T02,2-201-2011-12,201,2008-11-07,0,K1DI2-103-1031-58,K1DI2,0
T01,1-201-2011-358,201,2008-11-07,1,K1DI2-103-1031-59,K1DI2,0
T01,1-201-2011-241,201,2008-11-07,0,K1DI2-103-1031-6,K1DI2,0
T01,1-201-2011-420,201,2008-11-07,1,K1DI2-103-1031-63,K1DI2,0
T01,1-201-2011-68,201,2008-11-07,0,K1DI2-103-1031-68,K1DI2,0
T01,1-201-2011-151,201,2008-11-07,1,K1DI2-103-1031-7,K1DI2,0
T01,1-201-2011-412,201,2008-11-07,1,K1DI2-103-1031-70,K1DI2,0
T01,1-201-2011-192,201,2008-11-07,0,K1DI2-103-1031-72,K1DI2,0
T01,1-201-2011-229,201,2008-11-07,0,K1DI2-103-1031-75,K1DI2,0
T01,1-201-2011-1280440,201,2008-11-07,0,K1DI2-103-1031-76,K1DI2,0
T01,1-201-2011-344,201,2008-11-07,0,K1DI2-103-1031-79,K1DI2,0
T01,1-201-2011-536,201,2008-11-08,1,K1DI2-103-1031-85,K1DI2,0
T01,1-201-2011-80,201,2008-11-07,0,K1DI2-103-1031-89,K1DI2,0
T01,1-201-2011-520,201,2008-11-08,0,K1DI2-103-1031-94,K1DI2,0
T01,1-201-2011-615,201,2008-11-08,1,K1DI2-103-1031-97,K1DI2,0
T01,1-201-2011-718,201,2008-11-08,0,K1DI2-103-1031-99,K1DI2,0
